"dataset","nrow","distribution","n_sims","q10","q25","q50","q75","q90"
"anzg_alpha_cypermethrin_fresh",5,"gamma",500,5.58489137699857e-16,3.73043260164645e-15,1.44642883858039e-14,4.56945432721694e-14,7.67847954380408e-14
"anzg_alpha_cypermethrin_fresh",5,"lgumbel",500,7.11778808360281e-16,4.92143719762342e-15,2.10604139719495e-14,4.9854221628123e-14,7.66542759858032e-14
"anzg_alpha_cypermethrin_fresh",5,"llogis",500,6.81343562125893e-16,5.12239932937357e-15,1.75857040929354e-14,4.65728336505525e-14,6.89857804486188e-14
"anzg_alpha_cypermethrin_fresh",5,"lnorm",500,8.6656325322749e-16,6.4522146960879e-15,2.105387073798e-14,5.29821980705679e-14,7.85586936083921e-14
"anzg_alpha_cypermethrin_fresh",5,"lnorm_lnorm",500,0.999999999999658,0.999999999999748,0.999999999999893,0.999999999999968,0.999999999999996
"anzg_alpha_cypermethrin_fresh",5,"weibull",500,6.86014220061693e-16,4.99238750218714e-15,1.88823834753777e-14,4.90782910705044e-14,7.92169213739678e-14
"anzg_alpha_cypermethrin_fresh",6,"gamma",500,0.0368114183958603,0.0811107109658703,0.169218622491859,0.27532421467409,0.35108453998254
"anzg_alpha_cypermethrin_fresh",6,"lgumbel",500,0.060473623013038,0.106346136817769,0.211134855052993,0.334666918728536,0.46213128515689
"anzg_alpha_cypermethrin_fresh",6,"llogis",500,0.13049844388427,0.151212230293847,0.177046216450496,0.201560033761928,0.228797257379193
"anzg_alpha_cypermethrin_fresh",6,"lnorm",500,0.140630802152245,0.177989283368476,0.223109413285819,0.240897867139746,0.253692691603902
"anzg_alpha_cypermethrin_fresh",6,"lnorm_lnorm",500,0,0,0,0,0
"anzg_alpha_cypermethrin_fresh",6,"weibull",500,0.0833803864341393,0.129916703972587,0.198794811458954,0.263294568548924,0.298277679148796
"anzg_alpha_cypermethrin_fresh",7,"gamma",500,0.0192213040614485,0.0553550210837664,0.152389461695705,0.269503997148593,0.366827292586502
"anzg_alpha_cypermethrin_fresh",7,"lgumbel",500,0.0505020691734767,0.105896982447391,0.202765131222628,0.346208419429257,0.509188915451624
"anzg_alpha_cypermethrin_fresh",7,"llogis",500,0.11908625271789,0.149077929946009,0.177358436000961,0.209636258302737,0.236853056297154
"anzg_alpha_cypermethrin_fresh",7,"lnorm",500,0.131474186849073,0.175375221148852,0.226324188472144,0.249235719675362,0.266786006524358
"anzg_alpha_cypermethrin_fresh",7,"lnorm_lnorm",500,6.27619825102298e-15,8.64473916879092e-15,1.89482270889805e-14,8.40955085706966e-14,4.14015425218625e-13
"anzg_alpha_cypermethrin_fresh",7,"weibull",500,0.0588400527692868,0.121167079863529,0.193809521562299,0.263922948387339,0.303209450719658
"anzg_alpha_cypermethrin_fresh",8,"gamma",500,0.0146221012076327,0.0408991763826009,0.137863644062051,0.270213073412667,0.39249118756689
"anzg_alpha_cypermethrin_fresh",8,"lgumbel",500,0.0362134403574574,0.0888992788046833,0.204450141777738,0.356108856581546,0.522645409389274
"anzg_alpha_cypermethrin_fresh",8,"llogis",500,0.114197202767833,0.146246504948865,0.179944216764423,0.21387817549058,0.245765758820752
"anzg_alpha_cypermethrin_fresh",8,"lnorm",500,0.116335492531812,0.177590541549356,0.233231104472324,0.260117090649491,0.278185405976413
"anzg_alpha_cypermethrin_fresh",8,"lnorm_lnorm",500,1.67885081586238e-08,2.26927165495292e-08,5.19311933071023e-08,1.8551015350449e-07,1.04279962796986e-06
"anzg_alpha_cypermethrin_fresh",8,"weibull",500,0.0550010047191647,0.107458289841553,0.19627534384488,0.272514291015878,0.315974133136405
"anzg_alpha_cypermethrin_fresh",10,"gamma",500,0.00390149547066978,0.0201254092607824,0.0926841030671718,0.237467943406179,0.373370841166713
"anzg_alpha_cypermethrin_fresh",10,"lgumbel",500,0.0303619431591457,0.0808337533881412,0.196884671945955,0.376129532295735,0.562785213846679
"anzg_alpha_cypermethrin_fresh",10,"llogis",500,0.114934420688345,0.14945968978166,0.187593659483807,0.231470832210586,0.291162770275928
"anzg_alpha_cypermethrin_fresh",10,"lnorm",500,0.116291079170981,0.182425729420857,0.245179437630831,0.283098363485498,0.303398750795815
"anzg_alpha_cypermethrin_fresh",10,"lnorm_lnorm",500,2.30012530833909e-05,3.06189200356372e-05,6.5743940863289e-05,0.000223923076439674,0.00113927889289171
"anzg_alpha_cypermethrin_fresh",10,"weibull",500,0.0346777221626198,0.0834441267942794,0.183158971578816,0.276891558622974,0.321151323069511
"anzg_alpha_cypermethrin_fresh",16,"gamma",500,0.000255094651764987,0.00229339187263313,0.0266468111142152,0.131175179027086,0.3135927759097
"anzg_alpha_cypermethrin_fresh",16,"lgumbel",500,0.0137162627806997,0.0569091521137614,0.167209075931857,0.377680495952867,0.593922109911269
"anzg_alpha_cypermethrin_fresh",16,"llogis",500,0.0948075495698059,0.144242580819305,0.202859934058896,0.268945582470396,0.357397995348011
"anzg_alpha_cypermethrin_fresh",16,"lnorm",500,0.0998629259667328,0.182794180380541,0.289788683636742,0.345488389221924,0.373402013366656
"anzg_alpha_cypermethrin_fresh",16,"lnorm_lnorm",500,0.00175284968257846,0.00235001793223132,0.00488742889230284,0.0126763622319321,0.0437248207104002
"anzg_alpha_cypermethrin_fresh",16,"weibull",500,0.0100212057334698,0.0423683068507106,0.142900696177061,0.264659423834228,0.34519305050582
"anzg_alpha_cypermethrin_fresh",26,"gamma",500,1.86187731428896e-06,3.34209240545968e-05,0.00138658503140861,0.0228274833874108,0.124435800433421
"anzg_alpha_cypermethrin_fresh",26,"lgumbel",500,0.00526148856000639,0.0282776851690208,0.119056302921156,0.319378782968357,0.546981563696648
"anzg_alpha_cypermethrin_fresh",26,"llogis",500,0.08009846786725,0.138701405402428,0.229753525818022,0.327477994718126,0.437517132654261
"anzg_alpha_cypermethrin_fresh",26,"lnorm",500,0.0976127945965514,0.215789956678436,0.3345608335381,0.425221473264435,0.466945334930894
"anzg_alpha_cypermethrin_fresh",26,"lnorm_lnorm",500,0.00820539922912303,0.0116273735167399,0.023475139956685,0.0721701787194336,0.220688484755947
"anzg_alpha_cypermethrin_fresh",26,"weibull",500,0.00171878362436512,0.0101014750789323,0.0579503646814076,0.179201850805375,0.353900224245723
"anzg_aluminium_marine",5,"gamma",500,5.02597640562695e-16,2.83308418921495e-15,1.64236844516921e-14,4.87398255679059e-14,8.07533026036134e-14
"anzg_aluminium_marine",5,"lgumbel",500,4.08072412728457e-16,3.31654918254882e-15,1.73913198557344e-14,5.21989641072583e-14,8.05453915016495e-14
"anzg_aluminium_marine",5,"llogis",500,4.32348563357513e-16,3.43998108124028e-15,1.61880023822736e-14,4.93380089856811e-14,7.25528976313203e-14
"anzg_aluminium_marine",5,"lnorm",500,5.25662644625752e-16,4.08139959954766e-15,1.92104868387195e-14,5.5756829339672e-14,8.42602584405258e-14
"anzg_aluminium_marine",5,"lnorm_lnorm",500,0.999999999999638,0.999999999999732,0.999999999999903,0.99999999999998,0.999999999999997
"anzg_aluminium_marine",5,"weibull",500,5.65570376792682e-16,3.14477266935753e-15,1.7841778646084e-14,5.52338049061962e-14,8.21049771360662e-14
"anzg_aluminium_marine",6,"gamma",500,0.0562239159598859,0.111803076991595,0.182373979230995,0.262220649673254,0.322203175338425
"anzg_aluminium_marine",6,"lgumbel",500,0.0600814103131883,0.113204087375826,0.201624109584663,0.304456456364363,0.451916812792965
"anzg_aluminium_marine",6,"llogis",500,0.135199858602695,0.15337108607475,0.173953092568066,0.197448009911211,0.221817679145907
"anzg_aluminium_marine",6,"lnorm",500,0.148461431170043,0.185228438994129,0.22086621807818,0.236393269234679,0.249210873144859
"anzg_aluminium_marine",6,"lnorm_lnorm",500,0,0,0,0,0
"anzg_aluminium_marine",6,"weibull",500,0.0799780733488789,0.134760410282752,0.194288734503672,0.255907311107669,0.311433188603461
"anzg_aluminium_marine",7,"gamma",500,0.0396089055996622,0.0897250188601512,0.170434495491858,0.262518758148032,0.343568989155433
"anzg_aluminium_marine",7,"lgumbel",500,0.0510341323389054,0.102605760267068,0.205274532579955,0.327566344596949,0.460023109970296
"anzg_aluminium_marine",7,"llogis",500,0.124567271990369,0.153247115154065,0.174597797216781,0.203283026976115,0.235477116635579
"anzg_aluminium_marine",7,"lnorm",500,0.140632877796053,0.188564039924042,0.226799241851243,0.244321407247648,0.260469410107328
"anzg_aluminium_marine",7,"lnorm_lnorm",500,6.17232359066143e-15,8.48730109306317e-15,2.15238009626416e-14,7.46357062990186e-14,4.24344722732932e-13
"anzg_aluminium_marine",7,"weibull",500,0.0770121127576486,0.124900295450115,0.18911284544308,0.26648019780746,0.313434947122768
"anzg_aluminium_marine",8,"gamma",500,0.0269842027543824,0.0714787540645051,0.154436147026778,0.261726870237462,0.34061894439295
"anzg_aluminium_marine",8,"lgumbel",500,0.0485760445449791,0.0955993331521128,0.201150774589199,0.344171032687266,0.497707312417581
"anzg_aluminium_marine",8,"llogis",500,0.127100331125986,0.149868977927271,0.178685998371507,0.207654695719724,0.247085730067865
"anzg_aluminium_marine",8,"lnorm",500,0.137786910162261,0.189016708351338,0.231406989156367,0.255113353699129,0.272367438057495
"anzg_aluminium_marine",8,"lnorm_lnorm",500,1.5511579210509e-08,2.41200910899612e-08,5.76496206392101e-08,1.80030278006398e-07,8.65494438444566e-07
"anzg_aluminium_marine",8,"weibull",500,0.0599355405474013,0.113596521032755,0.187733057856431,0.262712514473293,0.317725163946188
"anzg_aluminium_marine",10,"gamma",500,0.010166064681039,0.0445431142800793,0.124554921843354,0.243955323632914,0.331404685243874
"anzg_aluminium_marine",10,"lgumbel",500,0.0335700903125137,0.0946455291585509,0.200260082284159,0.350422051189631,0.519585224509509
"anzg_aluminium_marine",10,"llogis",500,0.119034763509083,0.145036253788561,0.182242955633765,0.223959055833229,0.27507336169799
"anzg_aluminium_marine",10,"lnorm",500,0.123766148528355,0.19724762724091,0.247280040857469,0.277234025672777,0.295668406054593
"anzg_aluminium_marine",10,"lnorm_lnorm",500,2.27831059575803e-05,3.57412758663057e-05,9.15391484724907e-05,0.000286974311798274,0.00155895050187269
"anzg_aluminium_marine",10,"weibull",500,0.0392578785185222,0.090722470279946,0.175707776824098,0.257767460518627,0.319178716821067
"anzg_aluminium_marine",16,"gamma",500,0.00209121903229622,0.0117098923956626,0.0627243540187565,0.176069503922508,0.30610416645692
"anzg_aluminium_marine",16,"lgumbel",500,0.0171524094468834,0.0554520471567969,0.163876419449979,0.340824020595734,0.531539663282812
"anzg_aluminium_marine",16,"llogis",500,0.090199306203533,0.14301597542818,0.191902425404844,0.258098315297056,0.344479100332694
"anzg_aluminium_marine",16,"lnorm",500,0.113941432166966,0.193148885094517,0.289486888784719,0.33620609348461,0.35849627808158
"anzg_aluminium_marine",16,"lnorm_lnorm",500,0.00174890645254452,0.00248304488807198,0.00586186912072441,0.0195449290522001,0.0810283461447874
"anzg_aluminium_marine",16,"weibull",500,0.0166880045877516,0.0525211562340258,0.140558506474154,0.250581767804097,0.328725412385651
"anzg_aluminium_marine",26,"gamma",500,6.35379803468131e-05,0.00122788565671755,0.0158016627544296,0.0930229184312571,0.199422881695987
"anzg_aluminium_marine",26,"lgumbel",500,0.00441556622932303,0.0250828947791865,0.0963206429347866,0.256318672126178,0.46015451946227
"anzg_aluminium_marine",26,"llogis",500,0.0668831613679055,0.131168093533235,0.202046444778177,0.303618318314402,0.422972488166572
"anzg_aluminium_marine",26,"lnorm",500,0.098046515417442,0.194969075693406,0.335216547186604,0.419522930525986,0.452194443164822
"anzg_aluminium_marine",26,"lnorm_lnorm",500,0.00824075593685186,0.0122366543835942,0.0269472516825679,0.0880403996072698,0.278457235342805
"anzg_aluminium_marine",26,"weibull",500,0.00352582523199536,0.0186184030859811,0.0821748013416281,0.205378125619924,0.330275463830472
"anzg_ametryn_fresh",5,"gamma",500,8.06529989332725e-16,3.43465255605611e-15,1.69525982972556e-14,5.28569202993412e-14,7.93569482312392e-14
"anzg_ametryn_fresh",5,"lgumbel",500,1.03072619185189e-15,4.66078432455796e-15,1.7843468121736e-14,5.06348419234246e-14,7.74179383401918e-14
"anzg_ametryn_fresh",5,"llogis",500,8.20913580848703e-16,4.05250921022353e-15,1.84491643628391e-14,4.91714137982778e-14,7.35791923747857e-14
"anzg_ametryn_fresh",5,"lnorm",500,1.01209486457184e-15,4.89424306564347e-15,2.05267455268629e-14,5.38887769900714e-14,8.31325793717674e-14
"anzg_ametryn_fresh",5,"lnorm_lnorm",500,0.99999999999964,0.999999999999739,0.999999999999887,0.999999999999975,0.999999999999995
"anzg_ametryn_fresh",5,"weibull",500,8.67484571989451e-16,3.90785106567824e-15,2.04169287225512e-14,5.85445079973324e-14,7.96216970802294e-14
"anzg_ametryn_fresh",6,"gamma",500,0.0488121192849968,0.0978587729686416,0.178323331552317,0.274666885580216,0.364557723656738
"anzg_ametryn_fresh",6,"lgumbel",500,0.0607959149107549,0.102354694826801,0.197080632799228,0.302457062264796,0.445660887379207
"anzg_ametryn_fresh",6,"llogis",500,0.123710200165191,0.150861628426253,0.172075388864674,0.203717762161488,0.231538270295577
"anzg_ametryn_fresh",6,"lnorm",500,0.140597190637906,0.187195615127852,0.219272717062971,0.242237687142808,0.255849701081433
"anzg_ametryn_fresh",6,"lnorm_lnorm",500,0,0,0,0,0
"anzg_ametryn_fresh",6,"weibull",500,0.093316595281201,0.13897127326874,0.201396603680443,0.264172515787263,0.294029741003377
"anzg_ametryn_fresh",7,"gamma",500,0.0378806743989255,0.0776806437914339,0.158612536871669,0.287002077037423,0.36751378632637
"anzg_ametryn_fresh",7,"lgumbel",500,0.0452798257044464,0.0925425022074156,0.184367879562198,0.309928750644597,0.451434271090729
"anzg_ametryn_fresh",7,"llogis",500,0.119350028513031,0.145024938634273,0.174147558359084,0.20951008864667,0.24060331665015
"anzg_ametryn_fresh",7,"lnorm",500,0.126982927508101,0.179355628023109,0.224169003447165,0.252536142032007,0.269133928316888
"anzg_ametryn_fresh",7,"lnorm_lnorm",500,6.29888503076892e-15,8.47333469195516e-15,1.90968858606469e-14,8.70254931638392e-14,5.311871106305e-13
"anzg_ametryn_fresh",7,"weibull",500,0.0788221523105739,0.134875909816727,0.206357683042109,0.270858005649201,0.3068847766416
"anzg_ametryn_fresh",8,"gamma",500,0.0230521895390601,0.0662438364716743,0.149916145659846,0.273552263212827,0.377311568645747
"anzg_ametryn_fresh",8,"lgumbel",500,0.0394653278255867,0.0843203385884475,0.189362732700886,0.316712407563993,0.445104066777704
"anzg_ametryn_fresh",8,"llogis",500,0.117970557533658,0.147643810769239,0.178107635942567,0.220954416350113,0.26173719334288
"anzg_ametryn_fresh",8,"lnorm",500,0.132303551802582,0.189360349743544,0.232233541866675,0.26409151499959,0.284348164074386
"anzg_ametryn_fresh",8,"lnorm_lnorm",500,1.58020011509867e-08,2.12739475866082e-08,4.67575534872442e-08,1.88045266809726e-07,8.7793841512631e-07
"anzg_ametryn_fresh",8,"weibull",500,0.0764742437420582,0.12533184007224,0.196468993106823,0.274531792391544,0.315503193677164
"anzg_ametryn_fresh",10,"gamma",500,0.0108916203598106,0.0369787706644155,0.115600739365245,0.235785342840098,0.377127533730837
"anzg_ametryn_fresh",10,"lgumbel",500,0.0220174609745041,0.0690052040252422,0.185042063991839,0.32686679255307,0.48262177297434
"anzg_ametryn_fresh",10,"llogis",500,0.108230932194152,0.148006816907826,0.183713012868096,0.233755470126804,0.294349732563172
"anzg_ametryn_fresh",10,"lnorm",500,0.113515293779901,0.189590276373729,0.252124252634405,0.285639469668561,0.306712017629111
"anzg_ametryn_fresh",10,"lnorm_lnorm",500,2.34908804454101e-05,3.21783470060931e-05,6.47801111196462e-05,0.000288183378075578,0.00123120689413533
"anzg_ametryn_fresh",10,"weibull",500,0.0538747912422184,0.103728728447023,0.182586790106558,0.279727858284862,0.326518249504586
"anzg_ametryn_fresh",16,"gamma",500,0.000439450823195183,0.00508001448803207,0.0359573038318598,0.153646326639946,0.351319689282609
"anzg_ametryn_fresh",16,"lgumbel",500,0.00458418335148557,0.0289491628868995,0.12449698528983,0.324547075413556,0.534626234224197
"anzg_ametryn_fresh",16,"llogis",500,0.0883397304218966,0.145099081817926,0.208161162245283,0.285197441060127,0.385482835406806
"anzg_ametryn_fresh",16,"lnorm",500,0.0758733838043004,0.171564056533506,0.275807594094829,0.342239895158227,0.368976799283259
"anzg_ametryn_fresh",16,"lnorm_lnorm",500,0.001726375961807,0.00243303227666139,0.00493446396704476,0.014433512831888,0.0588985613241486
"anzg_ametryn_fresh",16,"weibull",500,0.0127087516119471,0.0547103988766301,0.15311022220058,0.293779805033857,0.374551242830721
"anzg_ametryn_fresh",26,"gamma",500,2.63315491546253e-06,0.000158368099504877,0.00432522529304609,0.0468604625706814,0.177388976297211
"anzg_ametryn_fresh",26,"lgumbel",500,0.000751139465865371,0.00696501259849071,0.0529948155030106,0.238725989097253,0.508462070743209
"anzg_ametryn_fresh",26,"llogis",500,0.0803651689269378,0.139702732760471,0.235456617402894,0.368792436677444,0.496278953983566
"anzg_ametryn_fresh",26,"lnorm",500,0.066557136206538,0.168791007086776,0.295820112655484,0.404008641780956,0.461487660079869
"anzg_ametryn_fresh",26,"lnorm_lnorm",500,0.00791530978666732,0.011350523485844,0.0214936682227657,0.0614468131118477,0.238309079114886
"anzg_ametryn_fresh",26,"weibull",500,0.0022233171824256,0.0168871676178042,0.092684985517595,0.270790189230952,0.427295505941511
"anzg_ammonia_fresh",5,"gamma",500,6.60113994603121e-16,4.24119894545169e-15,1.89422175616019e-14,5.1767265243467e-14,7.77009960477285e-14
"anzg_ammonia_fresh",5,"lgumbel",500,6.18736790698117e-16,4.90133401682926e-15,1.64011655597346e-14,4.28909211125355e-14,7.4809483790067e-14
"anzg_ammonia_fresh",5,"llogis",500,5.88933496787905e-16,4.49194826096139e-15,1.6982396704936e-14,4.35690958088404e-14,7.2019259857324e-14
"anzg_ammonia_fresh",5,"lnorm",500,7.04614172329589e-16,5.36703694299201e-15,2.0728291052853e-14,4.90549763830872e-14,8.16504723169631e-14
"anzg_ammonia_fresh",5,"lnorm_lnorm",500,0.999999999999639,0.999999999999759,0.999999999999897,0.999999999999973,0.999999999999996
"anzg_ammonia_fresh",5,"weibull",500,6.58216023548828e-16,4.34335424052039e-15,1.97817483348763e-14,5.42433579173075e-14,7.89601623752162e-14
"anzg_ammonia_fresh",6,"gamma",500,0.0772761766332749,0.141529813738227,0.209277210967222,0.253136218159657,0.291939835440788
"anzg_ammonia_fresh",6,"lgumbel",500,0.0665068213326641,0.111976220049114,0.184902740277401,0.279769388058028,0.431995208171028
"anzg_ammonia_fresh",6,"llogis",500,0.140115906573664,0.153769883983677,0.169890264733927,0.193263603413263,0.219756067211654
"anzg_ammonia_fresh",6,"lnorm",500,0.154380232067558,0.188978470698299,0.217040136764798,0.230926072409516,0.242814495527879
"anzg_ammonia_fresh",6,"lnorm_lnorm",500,0,0,0,0,0
"anzg_ammonia_fresh",6,"weibull",500,0.0866941355836897,0.142233860982939,0.203765806947787,0.266409232000833,0.322964663247945
"anzg_ammonia_fresh",7,"gamma",500,0.0535843274902479,0.12319689483857,0.207188357646538,0.258918053399083,0.308595871819784
"anzg_ammonia_fresh",7,"lgumbel",500,0.0509686179589888,0.0993073450039211,0.175766099669948,0.302645125491913,0.449031959825062
"anzg_ammonia_fresh",7,"llogis",500,0.133444186750325,0.149855681988028,0.168801365894738,0.199127805776359,0.227515141988129
"anzg_ammonia_fresh",7,"lnorm",500,0.139087815916601,0.187347781286345,0.218247921151334,0.238489496508271,0.252144733657485
"anzg_ammonia_fresh",7,"lnorm_lnorm",500,6.00542862291864e-15,8.90610944600199e-15,1.98500257130199e-14,8.52978143545997e-14,4.13810092395868e-13
"anzg_ammonia_fresh",7,"weibull",500,0.0697947343578239,0.128464312907149,0.203278654104922,0.270869994489115,0.328361840838456
"anzg_ammonia_fresh",8,"gamma",500,0.0447695524032176,0.102041610119302,0.202383592531625,0.264655178435337,0.317442519029612
"anzg_ammonia_fresh",8,"lgumbel",500,0.040377508386901,0.0854902804297948,0.176180872658496,0.337624545181675,0.465422181925214
"anzg_ammonia_fresh",8,"llogis",500,0.130459819534915,0.148789597913762,0.171264541706975,0.203930726556155,0.235162724473469
"anzg_ammonia_fresh",8,"lnorm",500,0.129541329173442,0.18297922703081,0.221670635692402,0.245429927646754,0.26225166179454
"anzg_ammonia_fresh",8,"lnorm_lnorm",500,1.54912593960535e-08,2.22963519473602e-08,4.90396364399099e-08,2.26733781715873e-07,1.09094221073246e-06
"anzg_ammonia_fresh",8,"weibull",500,0.0544946827778945,0.10925146715825,0.194721651173219,0.277204829066422,0.343442694031947
"anzg_ammonia_fresh",10,"gamma",500,0.0198618975670891,0.078961952073403,0.189533166397754,0.279641973029781,0.33215480418374
"anzg_ammonia_fresh",10,"lgumbel",500,0.0275571625067387,0.0625541084514823,0.173765882212624,0.357569131965465,0.531631767974137
"anzg_ammonia_fresh",10,"llogis",500,0.115253974930897,0.141511182775198,0.1702589449208,0.208987230636948,0.251730944867298
"anzg_ammonia_fresh",10,"lnorm",500,0.117760947067514,0.171342087863489,0.227704815713477,0.25868905510473,0.275786133916375
"anzg_ammonia_fresh",10,"lnorm_lnorm",500,2.26542607598907e-05,3.34304913448129e-05,6.94439122069343e-05,0.000269273233187344,0.00158228171200509
"anzg_ammonia_fresh",10,"weibull",500,0.0401705954709729,0.0820956413170086,0.187286611767702,0.288170754358443,0.349855587881502
"anzg_ammonia_fresh",16,"gamma",500,0.000732974106538413,0.0152118187163333,0.110414186823478,0.266627849736148,0.353690903192529
"anzg_ammonia_fresh",16,"lgumbel",500,0.00862750684318666,0.0344741550689393,0.160549076661396,0.382238057039779,0.61704490801998
"anzg_ammonia_fresh",16,"llogis",500,0.085835291202769,0.12170217998854,0.177025986230937,0.267061453183915,0.346884875068766
"anzg_ammonia_fresh",16,"lnorm",500,0.0804316470411232,0.15088628889406,0.232763894190294,0.301572424317347,0.333118254282556
"anzg_ammonia_fresh",16,"lnorm_lnorm",500,0.00163099379986159,0.00247377967876235,0.00506768342103646,0.0165883504384984,0.0705610218222881
"anzg_ammonia_fresh",16,"weibull",500,0.00630652227572641,0.0287513398131649,0.119172390370463,0.272292726043012,0.363361506495473
"anzg_ammonia_fresh",26,"gamma",500,9.63769881309908e-07,0.00154413091430373,0.0317640600922376,0.191149793582154,0.354249285758399
"anzg_ammonia_fresh",26,"lgumbel",500,0.00186598444239017,0.0103892771076969,0.0802106232356752,0.328575418615817,0.581845154482823
"anzg_ammonia_fresh",26,"llogis",500,0.0656729645175429,0.121432203905885,0.206671448984553,0.35183956733285,0.513851174806698
"anzg_ammonia_fresh",26,"lnorm",500,0.0406883886635755,0.13222297647081,0.253306920421539,0.36286357377557,0.418591741752448
"anzg_ammonia_fresh",26,"lnorm_lnorm",500,0.00719404104332211,0.0115628934484911,0.0218809029852479,0.0616830267502015,0.192064370569818
"anzg_ammonia_fresh",26,"weibull",500,0.000160818240802646,0.00571761412865335,0.059943088426029,0.209685205837858,0.352363912493256
"anzg_bisphenol_a_fresh",5,"gamma",500,3.75456264716496e-16,3.07356807821789e-15,1.48969491573853e-14,4.45863304323084e-14,7.67799322952979e-14
"anzg_bisphenol_a_fresh",5,"lgumbel",500,5.50350729690914e-16,4.16852476065652e-15,1.97281340070014e-14,5.30537039178111e-14,7.85764099179759e-14
"anzg_bisphenol_a_fresh",5,"llogis",500,3.64394137689933e-16,3.45719772229461e-15,1.74638157876905e-14,4.72498259326347e-14,7.05243282533884e-14
"anzg_bisphenol_a_fresh",5,"lnorm",500,4.6155485764272e-16,4.28367240490925e-15,2.09701184194967e-14,5.35225708316181e-14,8.12823343244145e-14
"anzg_bisphenol_a_fresh",5,"lnorm_lnorm",500,0.999999999999647,0.999999999999752,0.999999999999891,0.999999999999979,0.999999999999998
"anzg_bisphenol_a_fresh",5,"weibull",500,4.12557131901967e-16,3.46953645000165e-15,1.71473773258676e-14,4.95721925746004e-14,7.95792464821885e-14
"anzg_bisphenol_a_fresh",6,"gamma",500,0.0519168167131644,0.0897088204522935,0.166342807365941,0.242322555530504,0.308841055794957
"anzg_bisphenol_a_fresh",6,"lgumbel",500,0.0786101021869752,0.132139040490952,0.220184336846581,0.338095613149475,0.443045889804662
"anzg_bisphenol_a_fresh",6,"llogis",500,0.135793161620825,0.156980908145729,0.178884227262875,0.204669910521075,0.228997555956744
"anzg_bisphenol_a_fresh",6,"lnorm",500,0.162036685698297,0.200351186563594,0.224155870400894,0.239937290090559,0.25173449612827
"anzg_bisphenol_a_fresh",6,"lnorm_lnorm",500,0,0,0,0,0
"anzg_bisphenol_a_fresh",6,"weibull",500,0.0865326014334523,0.130213897661509,0.187538401886408,0.242106225169327,0.291716797242894
"anzg_bisphenol_a_fresh",7,"gamma",500,0.0395689504707488,0.0716103093282291,0.149219733559397,0.243706431000662,0.315780481007817
"anzg_bisphenol_a_fresh",7,"lgumbel",500,0.0718865837397231,0.124606563372443,0.21744163547206,0.364918043268269,0.471981809761314
"anzg_bisphenol_a_fresh",7,"llogis",500,0.132209934542831,0.156875976076655,0.179072511917651,0.205230285714491,0.235243109715088
"anzg_bisphenol_a_fresh",7,"lnorm",500,0.162038267223043,0.200492296635228,0.229577040479766,0.250380314764103,0.263007238685839
"anzg_bisphenol_a_fresh",7,"lnorm_lnorm",500,6.40068502718887e-15,9.66129233138642e-15,2.08279488506877e-14,8.28273906647702e-14,5.04401865904339e-13
"anzg_bisphenol_a_fresh",7,"weibull",500,0.0767731969732863,0.116579160872958,0.182912291678615,0.249774897435343,0.297249858144734
"anzg_bisphenol_a_fresh",8,"gamma",500,0.0282042481860541,0.0566973336066062,0.135109185091384,0.237185697182631,0.323454073106795
"anzg_bisphenol_a_fresh",8,"lgumbel",500,0.0647170167317207,0.121115924253938,0.22064206967507,0.367094112821492,0.483672707580709
"anzg_bisphenol_a_fresh",8,"llogis",500,0.130495804026938,0.155987116501507,0.178336905753403,0.20809622631992,0.243060246576277
"anzg_bisphenol_a_fresh",8,"lnorm",500,0.156313725763984,0.20015919105232,0.237898359047043,0.259402927889501,0.272398220107108
"anzg_bisphenol_a_fresh",8,"lnorm_lnorm",500,1.68550280999856e-08,2.71159229930465e-08,6.071783791943e-08,2.20943780339078e-07,1.09887949167153e-06
"anzg_bisphenol_a_fresh",8,"weibull",500,0.0630936307923815,0.107806938868633,0.179249923387996,0.246112187214388,0.299523753155623
"anzg_bisphenol_a_fresh",10,"gamma",500,0.0145569775419125,0.040266876385472,0.113079576556749,0.216730233058066,0.33287599172629
"anzg_bisphenol_a_fresh",10,"lgumbel",500,0.0453899494284756,0.108023282750435,0.217896993379747,0.360836601586287,0.490551384995902
"anzg_bisphenol_a_fresh",10,"llogis",500,0.120920015559814,0.148014032503052,0.181198652717222,0.221472041074459,0.274189481419866
"anzg_bisphenol_a_fresh",10,"lnorm",500,0.147280216748528,0.207574850117785,0.254903407618267,0.284026334905491,0.300898436625989
"anzg_bisphenol_a_fresh",10,"lnorm_lnorm",500,2.42702255710382e-05,3.68171871551383e-05,8.80521179540156e-05,0.000320079492990789,0.00146415512040569
"anzg_bisphenol_a_fresh",10,"weibull",500,0.052943933653033,0.09606430295255,0.167465826419428,0.247877091978422,0.313433548326778
"anzg_bisphenol_a_fresh",16,"gamma",500,0.00200656960719231,0.00938762233328772,0.0446300018381894,0.149399426565674,0.296111500941526
"anzg_bisphenol_a_fresh",16,"lgumbel",500,0.0215071382398185,0.0747821371180541,0.184478359227739,0.355915303117117,0.534712952461422
"anzg_bisphenol_a_fresh",16,"llogis",500,0.0951906032462612,0.144099050378052,0.188843514774686,0.249928491986888,0.326712690854403
"anzg_bisphenol_a_fresh",16,"lnorm",500,0.130180564413129,0.21273996579611,0.299528545721338,0.342427221900535,0.365773676884417
"anzg_bisphenol_a_fresh",16,"lnorm_lnorm",500,0.0018218731539053,0.00288150864257427,0.00582326520337528,0.0180447526446489,0.0804636964118315
"anzg_bisphenol_a_fresh",16,"weibull",500,0.0195231502763747,0.0528122486498797,0.124583786785097,0.238795007946011,0.331588801991108
"anzg_bisphenol_a_fresh",26,"gamma",500,3.99246646910985e-05,0.000656144085616527,0.00672615857431201,0.0578091861180889,0.185968258155471
"anzg_bisphenol_a_fresh",26,"lgumbel",500,0.00875895361184841,0.038752885249126,0.133874319961937,0.295944021854559,0.526899580527226
"anzg_bisphenol_a_fresh",26,"llogis",500,0.0798192233948518,0.131398351942102,0.19725089169066,0.288953482638255,0.397169604477764
"anzg_bisphenol_a_fresh",26,"lnorm",500,0.101946395827939,0.229581878834885,0.355104191685113,0.429302640891859,0.463839496465213
"anzg_bisphenol_a_fresh",26,"lnorm_lnorm",500,0.00848368895824628,0.0126923462046754,0.0257662409366476,0.0860233871817324,0.277920542607088
"anzg_bisphenol_a_fresh",26,"weibull",500,0.00395092459001716,0.0197564518426486,0.0691650729793137,0.188361895072211,0.311141760321598
"anzg_bisphenol_a_marine",5,"gamma",500,3.56609326173164e-16,4.2304779168597e-15,1.8874581640584e-14,5.68440017853258e-14,8.21712212451205e-14
"anzg_bisphenol_a_marine",5,"lgumbel",500,8.22303812397767e-16,4.94654400112786e-15,2.04826264096625e-14,5.18221580214599e-14,7.72794510106097e-14
"anzg_bisphenol_a_marine",5,"llogis",500,5.8037810295781e-16,4.69145146522853e-15,2.11625160632652e-14,4.96005421477187e-14,7.65436334695296e-14
"anzg_bisphenol_a_marine",5,"lnorm",500,6.17276705996844e-16,5.39802004702801e-15,2.31456401559273e-14,5.63669079363565e-14,8.69745787766444e-14
"anzg_bisphenol_a_marine",5,"lnorm_lnorm",500,0.99999999999964,0.999999999999724,0.999999999999878,0.999999999999971,0.999999999999997
"anzg_bisphenol_a_marine",5,"weibull",500,4.59637606428767e-16,4.91449735532607e-15,2.20941811695801e-14,6.36340342162996e-14,7.96360063211717e-14
"anzg_bisphenol_a_marine",6,"gamma",500,0.0392477585752571,0.0914182639156366,0.170565167296677,0.274038465259068,0.364916422166266
"anzg_bisphenol_a_marine",6,"lgumbel",500,0.0488190213615044,0.102127835282278,0.198875447008074,0.321962667969215,0.473137499734518
"anzg_bisphenol_a_marine",6,"llogis",500,0.126660691557775,0.153209107072304,0.177035919072658,0.205419210105047,0.232760063760083
"anzg_bisphenol_a_marine",6,"lnorm",500,0.132981711893351,0.180135007396678,0.218590409979914,0.239189147705806,0.254318699889072
"anzg_bisphenol_a_marine",6,"lnorm_lnorm",500,0,0,0,0,0
"anzg_bisphenol_a_marine",6,"weibull",500,0.0784578397522282,0.138381224541584,0.199689088662291,0.261272095236738,0.303657456594409
"anzg_bisphenol_a_marine",7,"gamma",500,0.0233760950763396,0.0590396692734617,0.153805291117369,0.265861665251269,0.363092621047863
"anzg_bisphenol_a_marine",7,"lgumbel",500,0.0412506542892968,0.0967266519074667,0.206325829828756,0.356885266251791,0.494290808448587
"anzg_bisphenol_a_marine",7,"llogis",500,0.12440908499062,0.153203808778905,0.183780247350886,0.211818854507982,0.249188618228803
"anzg_bisphenol_a_marine",7,"lnorm",500,0.127641890582317,0.182168455859617,0.225907248830199,0.25133534723232,0.263712230713231
"anzg_bisphenol_a_marine",7,"lnorm_lnorm",500,6.39606382542384e-15,8.36951361862859e-15,1.79296879873547e-14,5.29658352909643e-14,3.16756266423276e-13
"anzg_bisphenol_a_marine",7,"weibull",500,0.0591949545494359,0.109506155038639,0.19426084422584,0.265337137593645,0.309293710537041
"anzg_bisphenol_a_marine",8,"gamma",500,0.0124589615638979,0.0424184615107998,0.135969939547111,0.258923476766987,0.364650171718188
"anzg_bisphenol_a_marine",8,"lgumbel",500,0.0334126225619305,0.0839631331549004,0.183542438236589,0.350140545683046,0.516370484941712
"anzg_bisphenol_a_marine",8,"llogis",500,0.119129702790612,0.152811733868748,0.188339619120783,0.228373888869718,0.270059696740316
"anzg_bisphenol_a_marine",8,"lnorm",500,0.111620360775833,0.178169609804808,0.231836595241892,0.260979709905413,0.278592440688275
"anzg_bisphenol_a_marine",8,"lnorm_lnorm",500,1.58343011926527e-08,2.13206593724771e-08,4.10599247070861e-08,1.45995119713179e-07,7.73246174527182e-07
"anzg_bisphenol_a_marine",8,"weibull",500,0.048485557809705,0.100390479368656,0.197340560190111,0.270968789483805,0.321558866322633
"anzg_bisphenol_a_marine",10,"gamma",500,0.00424357036587011,0.0214741509623687,0.106006389603767,0.258112815126725,0.403096282466852
"anzg_bisphenol_a_marine",10,"lgumbel",500,0.0197364417936182,0.0572393985642092,0.170483392836954,0.372731660597796,0.550552689901233
"anzg_bisphenol_a_marine",10,"llogis",500,0.104426755886201,0.14715232762252,0.190594813436793,0.244758657573186,0.310345680277804
"anzg_bisphenol_a_marine",10,"lnorm",500,0.096547017538344,0.16831283202512,0.239562485163129,0.275882194496934,0.299687137660211
"anzg_bisphenol_a_marine",10,"lnorm_lnorm",500,2.37742683151084e-05,3.35006600503156e-05,6.64053447427948e-05,0.000197107199237698,0.000942194708698364
"anzg_bisphenol_a_marine",10,"weibull",500,0.0297231103915726,0.0742529673936654,0.192198445257129,0.284175316830227,0.337207891604255
"anzg_bisphenol_a_marine",16,"gamma",500,9.90603230314624e-05,0.00199395143143411,0.0298192222072969,0.145228679819623,0.367727486481111
"anzg_bisphenol_a_marine",16,"lgumbel",500,0.00490620477298513,0.0258025475636648,0.144486738620392,0.358866470658955,0.597358147971478
"anzg_bisphenol_a_marine",16,"llogis",500,0.0897517265875894,0.149090032048204,0.216185686551113,0.314459927525222,0.402087095350824
"anzg_bisphenol_a_marine",16,"lnorm",500,0.0616414327213457,0.158458199563262,0.26716173001492,0.328594902646006,0.365432654509032
"anzg_bisphenol_a_marine",16,"lnorm_lnorm",500,0.00181221855877383,0.00260425300799872,0.0054620502561318,0.0146777103434569,0.0537586985172867
"anzg_bisphenol_a_marine",16,"weibull",500,0.00606882865056045,0.0309232023870592,0.134176437611414,0.282974031952987,0.364601342471331
"anzg_bisphenol_a_marine",26,"gamma",500,1.18820151002361e-07,2.60118250838954e-05,0.00168492567022976,0.0310057280840677,0.165147145857099
"anzg_bisphenol_a_marine",26,"lgumbel",500,0.000317974076782349,0.00659950655807797,0.061996474561661,0.240387681560558,0.530156771271795
"anzg_bisphenol_a_marine",26,"llogis",500,0.0888277799901976,0.164766545723016,0.274261584629366,0.41155347687256,0.556511888164702
"anzg_bisphenol_a_marine",26,"lnorm",500,0.0284722467037379,0.116631412461195,0.290390543918895,0.401610318277796,0.453264278587776
"anzg_bisphenol_a_marine",26,"lnorm_lnorm",500,0.0079574827354486,0.0118163042790154,0.0237872417939761,0.0632436111504899,0.211112234135088
"anzg_bisphenol_a_marine",26,"weibull",500,0.000397025411863084,0.00796397335040138,0.0599512669372161,0.23028017104685,0.409097247975188
"anzg_boron_fresh",5,"gamma",500,7.3680039994353e-16,4.4421114479343e-15,1.83526718387408e-14,5.51463464264528e-14,8.243860753527e-14
"anzg_boron_fresh",5,"lgumbel",500,7.96540164050648e-16,4.8641119478663e-15,1.88360917989921e-14,4.79433108947567e-14,7.61506355659828e-14
"anzg_boron_fresh",5,"llogis",500,7.00686040014095e-16,4.42618150055109e-15,1.83598369138066e-14,4.64306233150829e-14,7.29854371361977e-14
"anzg_boron_fresh",5,"lnorm",500,8.71537052107137e-16,5.53405942477927e-15,2.13420934246654e-14,5.28215807496342e-14,8.35284356628841e-14
"anzg_boron_fresh",5,"lnorm_lnorm",500,0.999999999999635,0.999999999999747,0.999999999999894,0.999999999999972,0.999999999999996
"anzg_boron_fresh",5,"weibull",500,7.73779546157048e-16,4.5377288624405e-15,1.82024753042097e-14,5.71438562837185e-14,8.05825935716072e-14
"anzg_boron_fresh",6,"gamma",500,0.0755972481903106,0.142401617025392,0.20283564139282,0.253211287183367,0.29537763005821
"anzg_boron_fresh",6,"lgumbel",500,0.0702828630861139,0.112641871432138,0.194225037213547,0.298485809265457,0.448062981628145
"anzg_boron_fresh",6,"llogis",500,0.138481768901157,0.153063885748322,0.17223810237771,0.190578210430899,0.21195908244542
"anzg_boron_fresh",6,"lnorm",500,0.159693861137619,0.189654840650091,0.214741732763786,0.229840897206128,0.239623292877453
"anzg_boron_fresh",6,"lnorm_lnorm",500,0,0,0,0,0
"anzg_boron_fresh",6,"weibull",500,0.0842335397996422,0.137774942436492,0.196855860095725,0.263788428024191,0.31335301474444
"anzg_boron_fresh",7,"gamma",500,0.0690714535192365,0.131526481395552,0.201723647638138,0.261288290786932,0.304827547826249
"anzg_boron_fresh",7,"lgumbel",500,0.0544203957991262,0.100986325980774,0.189176085664692,0.298073780474192,0.440795638590883
"anzg_boron_fresh",7,"llogis",500,0.133621581594179,0.1516968694388,0.169813532080674,0.19392788300357,0.219625674413363
"anzg_boron_fresh",7,"lnorm",500,0.145991532887177,0.192229407046409,0.221037559822767,0.238093005274356,0.249450689625749
"anzg_boron_fresh",7,"lnorm_lnorm",500,6.00502261842451e-15,8.04232583471972e-15,1.90734147923254e-14,6.97526588601618e-14,3.38825169389537e-13
"anzg_boron_fresh",7,"weibull",500,0.0703836153072023,0.129267217588106,0.195008616980865,0.264221345693027,0.326258975271359
"anzg_boron_fresh",8,"gamma",500,0.0481089499970316,0.114960202601073,0.200029047079554,0.263976771499767,0.312859815395231
"anzg_boron_fresh",8,"lgumbel",500,0.0479135299603775,0.0978683433816114,0.177206663003729,0.322432529405609,0.471618358047573
"anzg_boron_fresh",8,"llogis",500,0.127931590288294,0.147454519510502,0.171375650513441,0.199559549937772,0.232564638602799
"anzg_boron_fresh",8,"lnorm",500,0.140647664293125,0.190452726779063,0.227763997761867,0.244784298785455,0.25883439385987
"anzg_boron_fresh",8,"lnorm_lnorm",500,1.5508823089799e-08,2.19320396821134e-08,4.81999785508606e-08,1.77605503381212e-07,1.08953015778886e-06
"anzg_boron_fresh",8,"weibull",500,0.0593478802511384,0.118421408604802,0.196414580677611,0.26721828063029,0.333688043361013
"anzg_boron_fresh",10,"gamma",500,0.0282335512764858,0.0882062521580707,0.184196466352293,0.276895317465823,0.334613015540109
"anzg_boron_fresh",10,"lgumbel",500,0.026344788823259,0.0722324756004382,0.171620383833372,0.334379421186439,0.488521894762658
"anzg_boron_fresh",10,"llogis",500,0.117931720878253,0.140899893957556,0.169037251898451,0.206447795594895,0.251813555576581
"anzg_boron_fresh",10,"lnorm",500,0.128250841954291,0.187695327856728,0.235944763283139,0.262171262675571,0.278568338213402
"anzg_boron_fresh",10,"lnorm_lnorm",500,2.33475362678484e-05,3.44735080778249e-05,8.35691434159711e-05,0.000284490097900246,0.00128989306002295
"anzg_boron_fresh",10,"weibull",500,0.0475746665671566,0.102112987298039,0.18463167880314,0.280557826291593,0.355811542766159
"anzg_boron_fresh",16,"gamma",500,0.00797798632361714,0.0363074814177348,0.130483133463986,0.263788726215063,0.343099825052026
"anzg_boron_fresh",16,"lgumbel",500,0.0118748259953022,0.0371835379385817,0.13205727857721,0.337560515969356,0.52727871989664
"anzg_boron_fresh",16,"llogis",500,0.0905312533306157,0.128450204283746,0.173314107141976,0.236933939347496,0.325580311406955
"anzg_boron_fresh",16,"lnorm",500,0.106817478205406,0.175878423442739,0.256864843762615,0.312241739899155,0.337581167775465
"anzg_boron_fresh",16,"lnorm_lnorm",500,0.00164909866978094,0.00251341408013414,0.00486002756172386,0.0159535105973878,0.0614350815880912
"anzg_boron_fresh",16,"weibull",500,0.016613279362417,0.0518547907424993,0.144888347276818,0.269892229479032,0.351620058883336
"anzg_boron_fresh",26,"gamma",500,0.000675969928628153,0.00829673846858585,0.0699373577380275,0.209658031282839,0.338422131528605
"anzg_boron_fresh",26,"lgumbel",500,0.00233175337714308,0.0141178287268328,0.080600600729418,0.252118773583815,0.471843532778584
"anzg_boron_fresh",26,"llogis",500,0.0638443344747254,0.108316180643601,0.185223642778287,0.272805119904226,0.41007272354561
"anzg_boron_fresh",26,"lnorm",500,0.0895351851744674,0.188071707907421,0.308509368968132,0.389752734640633,0.431203444025955
"anzg_boron_fresh",26,"lnorm_lnorm",500,0.00758954458226861,0.010902453446611,0.0220525687505435,0.0596587045332352,0.222372499050294
"anzg_boron_fresh",26,"weibull",500,0.00350022504235772,0.0198841316253064,0.0942693083673782,0.229437329917732,0.353563230394179
"anzg_chlorine_marine",5,"gamma",500,6.82432065438756e-16,3.81245592116766e-15,1.94146571146466e-14,6.17135045207992e-14,8.32283461512031e-14
"anzg_chlorine_marine",5,"lgumbel",500,7.20156405852643e-16,4.82438760234375e-15,1.81439479132628e-14,5.31753550958389e-14,7.67792620015383e-14
"anzg_chlorine_marine",5,"llogis",500,5.81154516044343e-16,4.1320770735975e-15,1.92624603838645e-14,5.43164954841794e-14,7.59750384376228e-14
"anzg_chlorine_marine",5,"lnorm",500,7.21648392757477e-16,4.67215693869337e-15,2.2104240118222e-14,6.13197851705537e-14,8.54021391587975e-14
"anzg_chlorine_marine",5,"lnorm_lnorm",500,0.999999999999623,0.999999999999711,0.999999999999886,0.999999999999974,0.999999999999996
"anzg_chlorine_marine",5,"weibull",500,6.71605507574214e-16,3.88052836805417e-15,2.02086450819611e-14,6.08166942728316e-14,8.26693700024158e-14
"anzg_chlorine_marine",6,"gamma",500,0.0932448810912766,0.149606776399847,0.207466523946044,0.252729734443557,0.287730163963185
"anzg_chlorine_marine",6,"lgumbel",500,0.0566762311965955,0.0970814048009221,0.186962729085305,0.283637189666002,0.397614583747314
"anzg_chlorine_marine",6,"llogis",500,0.141827134962927,0.155418291036294,0.171167554962365,0.193220556132361,0.213277535827159
"anzg_chlorine_marine",6,"lnorm",500,0.147821861735583,0.187304791426929,0.21824841230785,0.230582600415217,0.239772222968612
"anzg_chlorine_marine",6,"lnorm_lnorm",500,0,0,0,0,0
"anzg_chlorine_marine",6,"weibull",500,0.0859506131223588,0.145323465327666,0.201279824516609,0.266542609692875,0.339241766210201
"anzg_chlorine_marine",7,"gamma",500,0.0730741450395717,0.137626736548045,0.211617131493822,0.25720457504343,0.30025178096276
"anzg_chlorine_marine",7,"lgumbel",500,0.0450246801794158,0.0905049540295476,0.173785330681546,0.300674756045665,0.418741028311504
"anzg_chlorine_marine",7,"llogis",500,0.137596613327623,0.151355866297912,0.170853727656706,0.200404269646124,0.227919007497517
"anzg_chlorine_marine",7,"lnorm",500,0.140525626838855,0.187699611609859,0.221818827635568,0.237231859390018,0.248474092959409
"anzg_chlorine_marine",7,"lnorm_lnorm",500,5.79241199537887e-15,7.67319260277889e-15,1.79966154087556e-14,5.52073990142526e-14,3.92935336325995e-13
"anzg_chlorine_marine",7,"weibull",500,0.0790196352496128,0.127484007627341,0.201426618170243,0.275705307372292,0.339106979393584
"anzg_chlorine_marine",8,"gamma",500,0.0647576325882826,0.131214115195184,0.212687299977435,0.265293434756415,0.307719761967803
"anzg_chlorine_marine",8,"lgumbel",500,0.0352953342715021,0.0783055417269381,0.160538717468412,0.294768807281345,0.437252104216808
"anzg_chlorine_marine",8,"llogis",500,0.131992722019366,0.148576937381403,0.172737924895321,0.204384282792587,0.242018296872831
"anzg_chlorine_marine",8,"lnorm",500,0.134980381031872,0.183441974921291,0.225495567579641,0.244800317149882,0.258913092752497
"anzg_chlorine_marine",8,"lnorm_lnorm",500,1.49345435295107e-08,2.19626542017305e-08,4.35676695493654e-08,1.63787864039728e-07,7.92591600160528e-07
"anzg_chlorine_marine",8,"weibull",500,0.0671558001486552,0.124374982244242,0.196580878023747,0.276107285299999,0.357823971375216
"anzg_chlorine_marine",10,"gamma",500,0.0325493983609156,0.0948123624425744,0.209631698464196,0.279676099102947,0.32819767848418
"anzg_chlorine_marine",10,"lgumbel",500,0.0224401762938701,0.0591826175075808,0.14655589719491,0.315118980647789,0.509803354037092
"anzg_chlorine_marine",10,"llogis",500,0.12227661433978,0.146810773391694,0.174441440962782,0.217521086347987,0.260143674049812
"anzg_chlorine_marine",10,"lnorm",500,0.115501291914513,0.172594032637027,0.229893896050919,0.257038367154996,0.276155019737902
"anzg_chlorine_marine",10,"lnorm_lnorm",500,2.15466685827448e-05,3.11197101022995e-05,6.72125657516918e-05,0.000189441534005847,0.00138947972605075
"anzg_chlorine_marine",10,"weibull",500,0.037347542218715,0.0996295072091799,0.193873714280567,0.289251294443295,0.348165347507113
"anzg_chlorine_marine",16,"gamma",500,0.00734396076177211,0.0425668296245973,0.160293391555013,0.280879995739789,0.352551727679564
"anzg_chlorine_marine",16,"lgumbel",500,0.00584220900478194,0.0320131224255159,0.10829790716037,0.30210065562008,0.548322676280954
"anzg_chlorine_marine",16,"llogis",500,0.0931686332509802,0.129566196386014,0.183534850099849,0.261668392154588,0.355668565132918
"anzg_chlorine_marine",16,"lnorm",500,0.0800229232761255,0.163440041069077,0.249687750881997,0.304929190575746,0.333934841253076
"anzg_chlorine_marine",16,"lnorm_lnorm",500,0.00163126550562155,0.00238908268168014,0.00494263513247052,0.0145451985934805,0.0482667681905341
"anzg_chlorine_marine",16,"weibull",500,0.0112636978625963,0.0502679878988582,0.159979896147937,0.269458792063223,0.359393508452866
"anzg_chlorine_marine",26,"gamma",500,0.000403327732425944,0.00907283738572553,0.0772173208878407,0.256318508466951,0.367596210165404
"anzg_chlorine_marine",26,"lgumbel",500,0.000767568337390954,0.00679592657782753,0.0509053916426516,0.216767890072532,0.527657064231268
"anzg_chlorine_marine",26,"llogis",500,0.060805980530955,0.117866580958806,0.207391651113134,0.341496419261319,0.477904861477045
"anzg_chlorine_marine",26,"lnorm",500,0.0522344438238167,0.140673640728948,0.265141224288293,0.366565299020905,0.421166881259324
"anzg_chlorine_marine",26,"lnorm_lnorm",500,0.00701884358342164,0.00950454801955566,0.0187142807487456,0.0494963588370658,0.155853792278422
"anzg_chlorine_marine",26,"weibull",500,0.00145152530217042,0.0157613044705594,0.0835824775146365,0.245165179631887,0.366753430158732
"anzg_chromium_III_fresh",5,"gamma",500,8.86603509724334e-16,6.38746204822856e-15,2.9696607883786e-14,6.84247323140468e-14,8.67889968546838e-14
"anzg_chromium_III_fresh",5,"lgumbel",500,4.89329894701371e-16,3.32712983524253e-15,1.24960746626274e-14,4.25505085898886e-14,8.03145907824712e-14
"anzg_chromium_III_fresh",5,"llogis",500,6.81162047562772e-16,4.25962350059873e-15,1.96229293963865e-14,5.30230161253064e-14,7.59224376492571e-14
"anzg_chromium_III_fresh",5,"lnorm",500,8.00792618546512e-16,4.99178142316866e-15,2.18514551191022e-14,5.88420057899479e-14,8.58806947658714e-14
"anzg_chromium_III_fresh",5,"lnorm_lnorm",500,0.999999999999623,0.999999999999705,0.999999999999877,0.999999999999972,0.999999999999996
"anzg_chromium_III_fresh",5,"weibull",500,8.27128067722548e-16,5.93814871738377e-15,2.95423965704809e-14,6.65448353063363e-14,8.60039248162696e-14
"anzg_chromium_III_fresh",6,"gamma",500,0.138905856022209,0.203031958443055,0.259987278695897,0.319197161231241,0.390058881801833
"anzg_chromium_III_fresh",6,"lgumbel",500,0.0267038912635133,0.0578480182029057,0.109167815654242,0.200646071494687,0.290848695866083
"anzg_chromium_III_fresh",6,"llogis",500,0.109994484617076,0.133917786373263,0.156399786433858,0.176747927793176,0.199950144108027
"anzg_chromium_III_fresh",6,"lnorm",500,0.0972288928492546,0.151505658171151,0.194062646852285,0.224486168365787,0.23578824912528
"anzg_chromium_III_fresh",6,"lnorm_lnorm",500,0,0,0,0,0
"anzg_chromium_III_fresh",6,"weibull",500,0.134732618777162,0.197663797562127,0.262221901865608,0.317012247053004,0.358062074659167
"anzg_chromium_III_fresh",7,"gamma",500,0.139372328037204,0.212899979749102,0.272902428890719,0.341526954356264,0.419096941877552
"anzg_chromium_III_fresh",7,"lgumbel",500,0.0151417978826643,0.036750339028969,0.0902487777071552,0.166660107012825,0.270805704699862
"anzg_chromium_III_fresh",7,"llogis",500,0.0995587576652316,0.122977211407801,0.151275677035039,0.179928450362397,0.204340854499159
"anzg_chromium_III_fresh",7,"lnorm",500,0.0774740964578017,0.127881753811218,0.186358551317123,0.226501513067808,0.241839158264632
"anzg_chromium_III_fresh",7,"lnorm_lnorm",500,6.06294101757922e-15,9.09670285776381e-15,2.1483253356498e-14,6.8268001273689e-14,4.3496771550683e-13
"anzg_chromium_III_fresh",7,"weibull",500,0.146186601673832,0.214095083409304,0.27778418809917,0.340644501543191,0.388522261333704
"anzg_chromium_III_fresh",8,"gamma",500,0.147522056331899,0.217292765889684,0.298595157480085,0.369350028860856,0.437245976366978
"anzg_chromium_III_fresh",8,"lgumbel",500,0.00943484053365345,0.026729654440765,0.064836660552455,0.149907751075882,0.263349649972276
"anzg_chromium_III_fresh",8,"llogis",500,0.0883053681030433,0.113403498085032,0.143951840709956,0.173865505640272,0.206578793712493
"anzg_chromium_III_fresh",8,"lnorm",500,0.0649863025782525,0.116920032813072,0.174887334136413,0.228849858247922,0.248821582745839
"anzg_chromium_III_fresh",8,"lnorm_lnorm",500,1.59898388186604e-08,2.37755164488259e-08,5.82346677714311e-08,2.14631571328069e-07,9.07702642666735e-07
"anzg_chromium_III_fresh",8,"weibull",500,0.139337927484258,0.215149104438068,0.298215745062416,0.349778946667384,0.404940366073157
"anzg_chromium_III_fresh",10,"gamma",500,0.155866824144326,0.243309667833068,0.320341189421773,0.402511729756972,0.487454351198611
"anzg_chromium_III_fresh",10,"lgumbel",500,0.00283311953786896,0.0130116740264366,0.0396881861999336,0.109197650393726,0.212978847907376
"anzg_chromium_III_fresh",10,"llogis",500,0.0643602938426327,0.0963850636196711,0.130522642512338,0.171204365121786,0.212615182427807
"anzg_chromium_III_fresh",10,"lnorm",500,0.0390587485827307,0.089677178177823,0.157460633046727,0.227271142616853,0.263559272765332
"anzg_chromium_III_fresh",10,"lnorm_lnorm",500,2.2708216083685e-05,3.47186386911402e-05,8.44558793457546e-05,0.000318006368516015,0.00131112811430946
"anzg_chromium_III_fresh",10,"weibull",500,0.156113699240035,0.242755767127791,0.315705151254513,0.371719462891634,0.412531906770621
"anzg_chromium_III_fresh",16,"gamma",500,0.176657393648353,0.287918521228618,0.374875060572733,0.450596144366999,0.545994638963627
"anzg_chromium_III_fresh",16,"lgumbel",500,7.29824356969369e-05,0.000932366290497287,0.00537387974718749,0.0283387950752537,0.089779340982249
"anzg_chromium_III_fresh",16,"llogis",500,0.0215084103285982,0.0486503710705726,0.0885991071676567,0.142180508853755,0.199583374704186
"anzg_chromium_III_fresh",16,"lnorm",500,0.00743234592036527,0.031141903226056,0.0868007633075583,0.187491568502897,0.273523027202651
"anzg_chromium_III_fresh",16,"lnorm_lnorm",500,0.00168551322054437,0.00266624632544013,0.00584947761299,0.0205782025390914,0.0755162033334986
"anzg_chromium_III_fresh",16,"weibull",500,0.158611322799032,0.27864008890511,0.359117575663114,0.401871758935423,0.4438760069778
"anzg_chromium_III_fresh",26,"gamma",500,0.176361110645015,0.308345268936304,0.4267447131677,0.499151514211928,0.585624768881261
"anzg_chromium_III_fresh",26,"lgumbel",500,8.18391974802798e-08,5.66713971195019e-06,0.000146570248081363,0.00189656992490535,0.0144187278153134
"anzg_chromium_III_fresh",26,"llogis",500,0.00471076797993464,0.0117362113567687,0.0345063331801059,0.0879893063916981,0.164327895390178
"anzg_chromium_III_fresh",26,"lnorm",500,0.000514455155381213,0.00395551298790684,0.0277375350211536,0.0987879902252729,0.237234656188911
"anzg_chromium_III_fresh",26,"lnorm_lnorm",500,0.00669732119118634,0.0106499149396801,0.0250279773913239,0.0783068929278552,0.333488985762392
"anzg_chromium_III_fresh",26,"weibull",500,0.176985520665649,0.276428471309362,0.381986006181306,0.429826503125706,0.459577965976134
"anzg_copper_marine",5,"gamma",500,5.33202711997298e-16,4.29627604325314e-15,1.67976240417825e-14,4.65279458097521e-14,7.81801211936149e-14
"anzg_copper_marine",5,"lgumbel",500,8.18453300701057e-16,4.44507788907979e-15,1.77906680879256e-14,4.87419490608013e-14,7.4036794914566e-14
"anzg_copper_marine",5,"llogis",500,6.58443061125757e-16,4.75096141331024e-15,1.65686069611214e-14,4.48127644073244e-14,6.91861471886041e-14
"anzg_copper_marine",5,"lnorm",500,8.4621662643413e-16,5.67774349402322e-15,1.8981896706459e-14,4.9517398525073e-14,7.92944082145348e-14
"anzg_copper_marine",5,"lnorm_lnorm",500,0.999999999999643,0.999999999999768,0.999999999999905,0.999999999999971,0.999999999999996
"anzg_copper_marine",5,"weibull",500,6.05615014453318e-16,4.40157443627206e-15,1.73792145983218e-14,5.01552246507352e-14,7.9560922625741e-14
"anzg_copper_marine",6,"gamma",500,0.0557943341368801,0.129794716492638,0.202246263310062,0.24917346500998,0.303877706137072
"anzg_copper_marine",6,"lgumbel",500,0.0543384276752228,0.114929605536897,0.185613321502808,0.311162583283498,0.453358230126757
"anzg_copper_marine",6,"llogis",500,0.140870606759872,0.156634982007628,0.172498481482412,0.195159435421401,0.224643185298915
"anzg_copper_marine",6,"lnorm",500,0.143505829121767,0.187894480669585,0.218789306465331,0.230849737201223,0.241435262007134
"anzg_copper_marine",6,"lnorm_lnorm",500,0,0,0,0,0
"anzg_copper_marine",6,"weibull",500,0.077014446534438,0.131224761504552,0.200189569529578,0.259151415064548,0.333185610878913
"anzg_copper_marine",7,"gamma",500,0.0358266451835512,0.103808457102723,0.188270500457354,0.261345198990681,0.313064610489269
"anzg_copper_marine",7,"lgumbel",500,0.0427981169129242,0.0957557471709527,0.193130665003079,0.316574723344266,0.502521770711689
"anzg_copper_marine",7,"llogis",500,0.130461605407392,0.152034406527437,0.174986214060231,0.202124138231586,0.235441585997604
"anzg_copper_marine",7,"lnorm",500,0.131772874138341,0.179466537224402,0.220271868575886,0.241120727687244,0.254370992910451
"anzg_copper_marine",7,"lnorm_lnorm",500,6.21743838115105e-15,9.2573513004834e-15,2.01945443487672e-14,5.76386828962087e-14,2.50901024878182e-13
"anzg_copper_marine",7,"weibull",500,0.0539057844780082,0.124031260899579,0.191007124616222,0.273455775480076,0.339646824725743
"anzg_copper_marine",8,"gamma",500,0.0309075669956971,0.0857102008066757,0.180386284101442,0.255858512608533,0.313509717022597
"anzg_copper_marine",8,"lgumbel",500,0.0386217122453524,0.0930892728163086,0.184054325628555,0.331568316636614,0.500755878475861
"anzg_copper_marine",8,"llogis",500,0.128067709878747,0.150751892886527,0.178487049498754,0.214674160977756,0.26334704800689
"anzg_copper_marine",8,"lnorm",500,0.128065773025069,0.181769647811774,0.228168909495004,0.250848753129873,0.264619341895508
"anzg_copper_marine",8,"lnorm_lnorm",500,1.58056863191632e-08,2.33241606704163e-08,5.33462239111525e-08,1.77143356767265e-07,6.58441365673549e-07
"anzg_copper_marine",8,"weibull",500,0.0514301190628598,0.106696004624659,0.188104378557092,0.259852273033368,0.346137372360179
"anzg_copper_marine",10,"gamma",500,0.0138530593310259,0.0587869384256861,0.145469344533684,0.259977264191538,0.327700329566441
"anzg_copper_marine",10,"lgumbel",500,0.032665631938162,0.081758137277392,0.182778502641913,0.370636575985053,0.544541799784775
"anzg_copper_marine",10,"llogis",500,0.121637223255935,0.148783233076218,0.183457808125508,0.231437285336094,0.286591193173996
"anzg_copper_marine",10,"lnorm",500,0.114394429861296,0.178881128909685,0.233386938171526,0.268172062486264,0.28731872368045
"anzg_copper_marine",10,"lnorm_lnorm",500,2.19884655990184e-05,3.16815117492755e-05,6.41631886895375e-05,0.000260692194671145,0.00113630532662261
"anzg_copper_marine",10,"weibull",500,0.0288648803581696,0.0741818352800671,0.164075112580115,0.261635724121118,0.347381069243648
"anzg_copper_marine",16,"gamma",500,0.00284277224684916,0.018392380331447,0.0852085259235696,0.208206755877806,0.331317355101144
"anzg_copper_marine",16,"lgumbel",500,0.0119573805976837,0.0411187622620693,0.139885448075373,0.352351769622546,0.535524514300346
"anzg_copper_marine",16,"llogis",500,0.0976892513276585,0.146917583105747,0.203864056532779,0.289525135078197,0.382626526251017
"anzg_copper_marine",16,"lnorm",500,0.0931789295672243,0.177897325110484,0.271421883330303,0.319096011969199,0.349193775147044
"anzg_copper_marine",16,"lnorm_lnorm",500,0.00159037542482935,0.00225448203119647,0.00490653674781966,0.0149976377330844,0.0518735147101565
"anzg_copper_marine",16,"weibull",500,0.00941234071523976,0.0408832929047102,0.1183245918325,0.227425897423224,0.344969167919769
"anzg_copper_marine",26,"gamma",500,6.15771765839656e-05,0.00176446597416898,0.0225259533013068,0.112092108312459,0.260840125608249
"anzg_copper_marine",26,"lgumbel",500,0.00197369117932085,0.0149957109106346,0.0830034403292813,0.271257794141631,0.505074865489294
"anzg_copper_marine",26,"llogis",500,0.0879087957224046,0.146998980967868,0.259194204222525,0.376623842767804,0.531370296951998
"anzg_copper_marine",26,"lnorm",500,0.0649363430327546,0.188319684880093,0.299157686713134,0.391538441607426,0.438069774365527
"anzg_copper_marine",26,"lnorm_lnorm",500,0.00742777248787272,0.0102864260895698,0.022369801484549,0.0623053286424523,0.195898485847087
"anzg_copper_marine",26,"weibull",500,0.00103784387862248,0.00915787381668727,0.0500159307750149,0.150815610088746,0.306228854460664
"anzg_dioxins_fresh",5,"gamma",500,1.17948657716931e-15,5.35983819602534e-15,2.69377024019639e-14,6.27759587103865e-14,8.70522844638593e-14
"anzg_dioxins_fresh",5,"lgumbel",500,5.35406038857818e-16,3.09292634474754e-15,1.36295574173663e-14,4.08585057172919e-14,8.03381635197468e-14
"anzg_dioxins_fresh",5,"llogis",500,7.53702231948389e-16,3.84382386115221e-15,1.77866248768561e-14,4.68556206869182e-14,7.62775126079856e-14
"anzg_dioxins_fresh",5,"lnorm",500,8.01011349623677e-16,4.95122250622591e-15,1.95944802453846e-14,5.44086928176114e-14,8.6731638565674e-14
"anzg_dioxins_fresh",5,"lnorm_lnorm",500,0.999999999999626,0.999999999999734,0.999999999999885,0.999999999999974,0.999999999999995
"anzg_dioxins_fresh",5,"weibull",500,1.1250121728035e-15,5.45379378219593e-15,2.65040569797462e-14,6.17117722297574e-14,8.49710939931469e-14
"anzg_dioxins_fresh",6,"gamma",500,0.125437693661367,0.202080359157572,0.258064158879358,0.334170804611077,0.428451571141428
"anzg_dioxins_fresh",6,"lgumbel",500,0.026411827605753,0.0549839584027616,0.113052438453953,0.200875992228294,0.319473003381174
"anzg_dioxins_fresh",6,"llogis",500,0.108108103820456,0.133688237798724,0.154622298799211,0.177546145669898,0.198981768966582
"anzg_dioxins_fresh",6,"lnorm",500,0.0914821125632036,0.143292928181467,0.193701730164906,0.222740114602656,0.23609022097439
"anzg_dioxins_fresh",6,"lnorm_lnorm",500,0,0,0,0,0
"anzg_dioxins_fresh",6,"weibull",500,0.124460532817576,0.199529222721245,0.260071909267742,0.306313090803008,0.342651509056963
"anzg_dioxins_fresh",7,"gamma",500,0.127764308649119,0.203010166672255,0.272967532011651,0.353493283915404,0.461653078180047
"anzg_dioxins_fresh",7,"lgumbel",500,0.0148340543862787,0.038791961023777,0.0885283748011285,0.187322830710958,0.278866928098963
"anzg_dioxins_fresh",7,"llogis",500,0.0931828623675965,0.125554004868141,0.150789510012601,0.176685274894944,0.206742579108675
"anzg_dioxins_fresh",7,"lnorm",500,0.0715339810259594,0.133283623729663,0.187583455745869,0.227735471507382,0.245499180155584
"anzg_dioxins_fresh",7,"lnorm_lnorm",500,6.40334082449125e-15,9.17483997537587e-15,2.07045966417442e-14,7.62144743641002e-14,3.63576540535619e-13
"anzg_dioxins_fresh",7,"weibull",500,0.137471719388412,0.198562456464376,0.273130650418885,0.31878690217982,0.360598338957926
"anzg_dioxins_fresh",8,"gamma",500,0.126306906285634,0.204119686895316,0.286106628670006,0.383679344614751,0.490201633176008
"anzg_dioxins_fresh",8,"lgumbel",500,0.00851703656377301,0.0250216489723364,0.0688767386969925,0.170682210473008,0.280455528433979
"anzg_dioxins_fresh",8,"llogis",500,0.0803446080310135,0.110441719589046,0.146880543542847,0.175785660645034,0.215558626899203
"anzg_dioxins_fresh",8,"lnorm",500,0.0518454528394205,0.109490801970181,0.181822462429154,0.236264019354656,0.253981875087167
"anzg_dioxins_fresh",8,"lnorm_lnorm",500,1.57158333375241e-08,2.29849786328393e-08,5.64640788688665e-08,2.1251933852245e-07,1.06970012645155e-06
"anzg_dioxins_fresh",8,"weibull",500,0.129298721244058,0.207533157411312,0.28537166333903,0.33436523667365,0.374426406124576
"anzg_dioxins_fresh",10,"gamma",500,0.121514911164601,0.207332573648265,0.316970832689055,0.431617933192134,0.548442717705913
"anzg_dioxins_fresh",10,"lgumbel",500,0.0018494352289262,0.00906611034743789,0.04277110931131,0.128638353037941,0.255521033216349
"anzg_dioxins_fresh",10,"llogis",500,0.0587447593202238,0.0931495155922836,0.136051838156364,0.177695754021138,0.223295838503442
"anzg_dioxins_fresh",10,"lnorm",500,0.0282659720744373,0.0768097429717168,0.168936651199766,0.240716195608787,0.270597479889476
"anzg_dioxins_fresh",10,"lnorm_lnorm",500,2.22806917692741e-05,3.35853446410127e-05,7.95833168416143e-05,0.000230345088452423,0.00128144377610201
"anzg_dioxins_fresh",10,"weibull",500,0.13398538290917,0.215386660587357,0.300999347367069,0.352935422295435,0.390595410039526
"anzg_dioxins_fresh",16,"gamma",500,0.128983177669586,0.228746985568058,0.366326629248426,0.483589182015966,0.575908111777022
"anzg_dioxins_fresh",16,"lgumbel",500,5.07895444538713e-05,0.000602865782380994,0.00775451170268795,0.0456345251822314,0.140572077011431
"anzg_dioxins_fresh",16,"llogis",500,0.0240044434218153,0.0495422768565936,0.0945189900476362,0.161529113263761,0.226038486721457
"anzg_dioxins_fresh",16,"lnorm",500,0.00690505812858513,0.0276166066063685,0.0937100731691193,0.225319133894988,0.299827296762469
"anzg_dioxins_fresh",16,"lnorm_lnorm",500,0.00168236494896793,0.00284273130875088,0.00636600716491923,0.0199355033493443,0.0925433126883449
"anzg_dioxins_fresh",16,"weibull",500,0.154942210733259,0.241620392232579,0.333766133332238,0.387291306359029,0.423393276509663
"anzg_dioxins_fresh",26,"gamma",500,0.102245168737155,0.261397552823854,0.422550463791534,0.529968630582858,0.61835995358733
"anzg_dioxins_fresh",26,"lgumbel",500,7.40180709503418e-08,3.0411041112691e-06,0.000134144398215579,0.00369920762395349,0.0372714680196751
"anzg_dioxins_fresh",26,"llogis",500,0.00634208640749366,0.0164939955443621,0.0453155695667039,0.109479784684617,0.196145913701081
"anzg_dioxins_fresh",26,"lnorm",500,0.000555694078158043,0.00413277740895964,0.0265088289772423,0.134441402413085,0.288820747047242
"anzg_dioxins_fresh",26,"lnorm_lnorm",500,0.00624103894903625,0.00949696404959026,0.0225447234989019,0.07010401822982,0.217865994091575
"anzg_dioxins_fresh",26,"weibull",500,0.136214096381472,0.275675008075103,0.373222917347481,0.422172921601749,0.448704107345844
"anzg_diuron_fresh",5,"gamma",500,3.31604666471656e-16,1.77346932206061e-15,8.93713055105589e-15,3.58855167013143e-14,7.0634093545344e-14
"anzg_diuron_fresh",5,"lgumbel",500,5.2713424717712e-16,4.31236306065493e-15,2.10669848019476e-14,5.48133960286369e-14,7.73330777581595e-14
"anzg_diuron_fresh",5,"llogis",500,3.40968781078747e-16,3.07134854307285e-15,1.51397067239492e-14,4.61446378073363e-14,7.36638421285228e-14
"anzg_diuron_fresh",5,"lnorm",500,3.77148708043994e-16,3.56531659580901e-15,1.67227807528054e-14,5.13586798631596e-14,8.28458038096615e-14
"anzg_diuron_fresh",5,"lnorm_lnorm",500,0.999999999999647,0.999999999999769,0.999999999999915,0.999999999999983,0.999999999999998
"anzg_diuron_fresh",5,"weibull",500,3.37598155683589e-16,2.36962761939591e-15,1.0661922008594e-14,4.22178446278813e-14,7.50849405222427e-14
"anzg_diuron_fresh",6,"gamma",500,0.0184789292803702,0.0504555070284205,0.114906454431336,0.198895232947183,0.278267747925472
"anzg_diuron_fresh",6,"lgumbel",500,0.105020211233061,0.17763856718952,0.29218737786893,0.411965183107157,0.560363447298408
"anzg_diuron_fresh",6,"llogis",500,0.144160920625396,0.164979848330225,0.180280021284117,0.205388416033759,0.224984063331389
"anzg_diuron_fresh",6,"lnorm",500,0.150066483846641,0.189934582277181,0.225498581733195,0.239880583626263,0.251695521302617
"anzg_diuron_fresh",6,"lnorm_lnorm",500,0,0,0,0,0
"anzg_diuron_fresh",6,"weibull",500,0.0497053707981697,0.0968820269742857,0.15173885457319,0.205757444196753,0.268430025199588
"anzg_diuron_fresh",7,"gamma",500,0.0101292276432392,0.0318449392853738,0.0846767431397294,0.171961620397445,0.255809248850636
"anzg_diuron_fresh",7,"lgumbel",500,0.109603866238463,0.193619814105226,0.328186718946236,0.471875697288721,0.602246298446535
"anzg_diuron_fresh",7,"llogis",500,0.143253295335307,0.16091660325804,0.183530862135671,0.211676178212753,0.24027431493994
"anzg_diuron_fresh",7,"lnorm",500,0.137938392670094,0.196139518210998,0.230440279096388,0.250866908713244,0.263723451980362
"anzg_diuron_fresh",7,"lnorm_lnorm",500,6.77985724589141e-15,1.10827854884589e-14,2.74448184773735e-14,1.12651818995182e-13,6.32125562444781e-13
"anzg_diuron_fresh",7,"weibull",500,0.0378640621205353,0.0765922573117309,0.128346348012996,0.194337493387699,0.253774468377339
"anzg_diuron_fresh",8,"gamma",500,0.00454923692369651,0.0182223157176295,0.061797934635102,0.153436976939578,0.25782317655736
"anzg_diuron_fresh",8,"lgumbel",500,0.105826708683387,0.196976246445549,0.357437553510876,0.517274249429119,0.645478738486046
"anzg_diuron_fresh",8,"llogis",500,0.138628114655466,0.158455463237278,0.183468371860553,0.212632804790444,0.247452519831093
"anzg_diuron_fresh",8,"lnorm",500,0.124958388829885,0.184879590974033,0.232025466919255,0.256001656179259,0.273602122952605
"anzg_diuron_fresh",8,"lnorm_lnorm",500,1.86952314120389e-08,3.085218694697e-08,7.80291397649612e-08,2.75933630974636e-07,1.20221489977608e-06
"anzg_diuron_fresh",8,"weibull",500,0.0244938143739928,0.0563763149154161,0.118415998252264,0.189598069130682,0.254536580820741
"anzg_diuron_fresh",10,"gamma",500,0.000662176077548496,0.00497617917386431,0.0260813863760812,0.103448605681483,0.21115638131011
"anzg_diuron_fresh",10,"lgumbel",500,0.104810330506811,0.240578118526973,0.418618790247791,0.583379557057592,0.710954688584789
"anzg_diuron_fresh",10,"llogis",500,0.122348161313232,0.150555873549221,0.182816497846791,0.225285667707,0.268972149672176
"anzg_diuron_fresh",10,"lnorm",500,0.0994909121163167,0.164055341002067,0.230035043402916,0.270685944970257,0.292937953398877
"anzg_diuron_fresh",10,"lnorm_lnorm",500,2.92529602448034e-05,4.45638854655129e-05,0.000100973547129336,0.000336045470337478,0.00177036263829781
"anzg_diuron_fresh",10,"weibull",500,0.00936457823652532,0.0285297648958967,0.0741089090267995,0.163361276846638,0.241091491254804
"anzg_diuron_fresh",16,"gamma",500,5.66978540046659e-06,7.77358810428221e-05,0.00127795108168461,0.0132313558220067,0.0758063133334248
"anzg_diuron_fresh",16,"lgumbel",500,0.133614133318363,0.304603609422016,0.521775555158222,0.707122431879863,0.809083428723946
"anzg_diuron_fresh",16,"llogis",500,0.0729765735721221,0.105447297638949,0.155966077947403,0.2165220201466,0.291627862991424
"anzg_diuron_fresh",16,"lnorm",500,0.0424053506603745,0.0994725746433081,0.191180403436176,0.288230974790634,0.344453316812098
"anzg_diuron_fresh",16,"lnorm_lnorm",500,0.00241760761019812,0.00398801816671998,0.00862385175286135,0.027473066031944,0.136258787687437
"anzg_diuron_fresh",16,"weibull",500,0.000822189381698747,0.00359448149236125,0.0189937575260672,0.066738644532788,0.140837741931201
"anzg_diuron_fresh",26,"gamma",500,1.71804283832955e-09,1.02283329162773e-07,5.08512638259154e-06,0.000178770561119065,0.00288092690321386
"anzg_diuron_fresh",26,"lgumbel",500,0.195482006616052,0.401839833805076,0.642305922599176,0.795742125895477,0.881503217565047
"anzg_diuron_fresh",26,"llogis",500,0.02415821152712,0.0516328964718236,0.104851270199764,0.177826399679026,0.263853224697266
"anzg_diuron_fresh",26,"lnorm",500,0.0120775482428853,0.0390123992133866,0.10772270983493,0.235182929682364,0.368723598699126
"anzg_diuron_fresh",26,"lnorm_lnorm",500,0.00998637941441242,0.0171739608587773,0.04084937647441,0.122403744016148,0.333966373248993
"anzg_diuron_fresh",26,"weibull",500,2.47555579817928e-05,0.00014928855316408,0.00136884289883359,0.00791192919455001,0.040657711463813
"anzg_diuron_marine",5,"gamma",500,7.07416287411518e-16,4.55800857012652e-15,2.05439141617699e-14,5.51639279012143e-14,8.40577480899534e-14
"anzg_diuron_marine",5,"lgumbel",500,4.30372332041211e-16,2.83424693689071e-15,1.31669757209146e-14,3.74895498112799e-14,6.95033527788483e-14
"anzg_diuron_marine",5,"llogis",500,5.30251401909937e-16,3.47130167550567e-15,1.64193362688182e-14,4.42093176163004e-14,7.34702812980986e-14
"anzg_diuron_marine",5,"lnorm",500,6.53083701247716e-16,4.28033052489057e-15,1.82209464524179e-14,5.01716036520841e-14,8.24464540718057e-14
"anzg_diuron_marine",5,"lnorm_lnorm",500,0.999999999999627,0.999999999999747,0.999999999999902,0.999999999999978,0.999999999999997
"anzg_diuron_marine",5,"weibull",500,6.86393889474671e-16,5.25350275816006e-15,2.34319894405002e-14,6.18796870338266e-14,8.28684466866822e-14
"anzg_diuron_marine",6,"gamma",500,0.18179083962219,0.210651485549212,0.225118871642154,0.234142981872628,0.242218991815271
"anzg_diuron_marine",6,"lgumbel",500,0.0389530482116745,0.0719631169060719,0.119594507730381,0.18229668584699,0.272979143238058
"anzg_diuron_marine",6,"llogis",500,0.140902056461926,0.14960931096075,0.163206752977558,0.175781621912421,0.192463063557186
"anzg_diuron_marine",6,"lnorm",500,0.133964663219592,0.175580402045066,0.205636460527802,0.218544774404518,0.225096340949212
"anzg_diuron_marine",6,"lnorm_lnorm",500,0,0,0,0,0
"anzg_diuron_marine",6,"weibull",500,0.132148951686725,0.198085258901309,0.272946986304263,0.363006334744399,0.44878964965812
"anzg_diuron_marine",7,"gamma",500,0.180954376082003,0.211046054787083,0.229725703436384,0.240338184341676,0.248414891955823
"anzg_diuron_marine",7,"lgumbel",500,0.0286589351900033,0.0556199275192526,0.100553533732983,0.168225079896273,0.256120222037434
"anzg_diuron_marine",7,"llogis",500,0.132624517327368,0.144561777491053,0.15883546997342,0.175994537980553,0.19703371896615
"anzg_diuron_marine",7,"lnorm",500,0.124681409285588,0.164462867184352,0.203806058036032,0.222721658677624,0.230946105516064
"anzg_diuron_marine",7,"lnorm_lnorm",500,5.92363106302098e-15,9.99817887100374e-15,2.38814234953111e-14,8.99894576170582e-14,4.63407514005914e-13
"anzg_diuron_marine",7,"weibull",500,0.130538721412862,0.20432433333189,0.286002622158577,0.385843160945103,0.491358681583705
"anzg_diuron_marine",8,"gamma",500,0.178675679999947,0.211538725490029,0.235005729434021,0.246680696535531,0.254211790382363
"anzg_diuron_marine",8,"lgumbel",500,0.019240812494733,0.0420370825674609,0.0842679936644372,0.153046740084642,0.239109400758946
"anzg_diuron_marine",8,"llogis",500,0.125843470038874,0.138612093149869,0.155095400430375,0.172787606011833,0.200660031755975
"anzg_diuron_marine",8,"lnorm",500,0.109571786813067,0.157989226647104,0.200393202848835,0.227074853715097,0.235883999620105
"anzg_diuron_marine",8,"lnorm_lnorm",500,1.63307459555851e-08,2.88010322119365e-08,7.35502632499486e-08,2.53780696323496e-07,1.14830122919821e-06
"anzg_diuron_marine",8,"weibull",500,0.133399120273576,0.210904072041742,0.30206703796777,0.408824758466077,0.533549919880982
"anzg_diuron_marine",10,"gamma",500,0.166973988840612,0.208261439780572,0.24063072624632,0.253861928915467,0.265010465056746
"anzg_diuron_marine",10,"lgumbel",500,0.00805173865607152,0.0229456157031692,0.0533699796102318,0.12574637802349,0.209196252747139
"anzg_diuron_marine",10,"llogis",500,0.105577521620732,0.124313122262718,0.145800773120988,0.170984195948519,0.204410955558506
"anzg_diuron_marine",10,"lnorm",500,0.0791821546675396,0.135569130297911,0.187502689059376,0.230218437576777,0.246050413362552
"anzg_diuron_marine",10,"lnorm_lnorm",500,2.21818925732534e-05,3.53986317103355e-05,9.72356617642223e-05,0.00049077025955195,0.00285835668553252
"anzg_diuron_marine",10,"weibull",500,0.125042655695596,0.215139373638356,0.328582335996198,0.471794932274048,0.596495125014432
"anzg_diuron_marine",16,"gamma",500,0.120798303619823,0.181051934731935,0.241160351146412,0.272248217086917,0.288283231789434
"anzg_diuron_marine",16,"lgumbel",500,0.000759583381138437,0.00313708917012358,0.0148147363753921,0.0463451376210479,0.122821336990569
"anzg_diuron_marine",16,"llogis",500,0.0557451237332932,0.0833441826197073,0.113530551643918,0.14821567450242,0.196356383105954
"anzg_diuron_marine",16,"lnorm",500,0.0361069599464957,0.0747333833930769,0.141371220767728,0.21793016523965,0.263407806834498
"anzg_diuron_marine",16,"lnorm_lnorm",500,0.0018389977533279,0.0031566755487168,0.00968416168468528,0.0314115733300954,0.137638620528438
"anzg_diuron_marine",16,"weibull",500,0.125808945182463,0.259039910020866,0.412457661798045,0.563136360984272,0.696778791791233
"anzg_diuron_marine",26,"gamma",500,0.0574236688627358,0.130259054873162,0.216934401329786,0.291878977633484,0.322742031972234
"anzg_diuron_marine",26,"lgumbel",500,8.84456958085494e-06,0.000108578852180937,0.000867280092674895,0.00660997754017888,0.0254020404202156
"anzg_diuron_marine",26,"llogis",500,0.0174868300218238,0.035230255269992,0.0704884152071681,0.116446033028818,0.166108884581754
"anzg_diuron_marine",26,"lnorm",500,0.00678809357039952,0.0262525683509821,0.074409689904724,0.165436126318808,0.269691714628122
"anzg_diuron_marine",26,"lnorm_lnorm",500,0.007870838206248,0.0132710607996037,0.0336678488767214,0.11280226452932,0.357522404494897
"anzg_diuron_marine",26,"weibull",500,0.142393168733226,0.291967682413376,0.488643509351811,0.661019077557719,0.789887400329012
"anzg_fipronil_fresh",5,"gamma",500,4.18344285083323e-16,3.01343143362278e-15,1.31446019594752e-14,4.7314224426601e-14,8.21825352341356e-14
"anzg_fipronil_fresh",5,"lgumbel",500,7.92180996272272e-16,5.09259595742793e-15,2.06661682079166e-14,5.791607926595e-14,8.20862575224433e-14
"anzg_fipronil_fresh",5,"llogis",500,4.87641308104163e-16,3.60153350959974e-15,1.42576905597394e-14,4.75952361201217e-14,7.37023882347289e-14
"anzg_fipronil_fresh",5,"lnorm",500,6.19878965568781e-16,4.02326765970951e-15,1.63945973552816e-14,5.34590397901871e-14,8.39982136262613e-14
"anzg_fipronil_fresh",5,"lnorm_lnorm",500,0.999999999999629,0.99999999999975,0.999999999999916,0.99999999999998,0.999999999999997
"anzg_fipronil_fresh",5,"weibull",500,4.15237749999317e-16,3.09316308950227e-15,1.3279243803771e-14,4.36926378796351e-14,7.76044512019188e-14
"anzg_fipronil_fresh",6,"gamma",500,0.048695321174913,0.101335703702405,0.173006095813562,0.222067478231255,0.244915545196261
"anzg_fipronil_fresh",6,"lgumbel",500,0.108034650671171,0.176685543955145,0.266661881607242,0.402598769772706,0.535219934423386
"anzg_fipronil_fresh",6,"llogis",500,0.15037896640641,0.159297087191348,0.175260272066486,0.19623783398683,0.21577936403764
"anzg_fipronil_fresh",6,"lnorm",500,0.161728204578887,0.193876776196365,0.217515237757842,0.227140356505345,0.236031109506699
"anzg_fipronil_fresh",6,"lnorm_lnorm",500,0,0,0,0,0
"anzg_fipronil_fresh",6,"weibull",500,0.0528102657824074,0.0865347348149373,0.145141485583499,0.215702861469287,0.275667249463042
"anzg_fipronil_fresh",7,"gamma",500,0.0333624912600357,0.0800954886132258,0.158171355245683,0.21430703245807,0.249050456634104
"anzg_fipronil_fresh",7,"lgumbel",500,0.109818410537642,0.177998115383288,0.299099468531085,0.451356106008554,0.583079928341203
"anzg_fipronil_fresh",7,"llogis",500,0.141706297413043,0.157313614057708,0.174920923072227,0.197758239482405,0.222821656964678
"anzg_fipronil_fresh",7,"lnorm",500,0.153354239344863,0.190421584678028,0.219296039828078,0.235318126378665,0.243771304728722
"anzg_fipronil_fresh",7,"lnorm_lnorm",500,6.42469571598202e-15,1.15476900291084e-14,2.69018030803797e-14,1.24749714578785e-13,1.02032241972254e-12
"anzg_fipronil_fresh",7,"weibull",500,0.0380915228616196,0.070666727490091,0.125765113011575,0.196187559565228,0.274552608582366
"anzg_fipronil_fresh",8,"gamma",500,0.0209801583921601,0.0611322001856871,0.142700147654806,0.204393101008383,0.250541306720566
"anzg_fipronil_fresh",8,"lgumbel",500,0.104879978283602,0.185195562856868,0.327365296290662,0.477385173307882,0.626760477372299
"anzg_fipronil_fresh",8,"llogis",500,0.13972478126918,0.153481727422359,0.175711703115454,0.200919096140267,0.230874484311223
"anzg_fipronil_fresh",8,"lnorm",500,0.137901223967657,0.184558345318648,0.223623939806804,0.240917219334861,0.253381564790554
"anzg_fipronil_fresh",8,"lnorm_lnorm",500,1.5875317944853e-08,2.83438588962624e-08,6.92943204244599e-08,2.87453100388215e-07,1.41945260367694e-06
"anzg_fipronil_fresh",8,"weibull",500,0.0260369401837166,0.0564091548986316,0.114384907060814,0.181945662967184,0.264831768475811
"anzg_fipronil_fresh",10,"gamma",500,0.00988429141793413,0.0338835485316802,0.102192400257373,0.194234200739813,0.248553125255421
"anzg_fipronil_fresh",10,"lgumbel",500,0.110412877428441,0.195057276162973,0.371147479873473,0.55281502686109,0.698309459768306
"anzg_fipronil_fresh",10,"llogis",500,0.128973442246996,0.145437420036128,0.17030578154097,0.204187320454182,0.236711894098919
"anzg_fipronil_fresh",10,"lnorm",500,0.105643341213499,0.174381587654437,0.227298087390998,0.253786984760783,0.266922939723978
"anzg_fipronil_fresh",10,"lnorm_lnorm",500,2.54376522199065e-05,4.39466296019089e-05,9.07566740969538e-05,0.000322294769064781,0.00154017267060824
"anzg_fipronil_fresh",10,"weibull",500,0.0107197345685567,0.0317114099147932,0.0833136316499268,0.163871788986278,0.238147312786465
"anzg_fipronil_fresh",16,"gamma",500,0.000425672497962393,0.00398505125855206,0.0330477445941674,0.120362207413707,0.222347750526892
"anzg_fipronil_fresh",16,"lgumbel",500,0.0990636633938746,0.238437893710568,0.454702153938961,0.678314236072974,0.799421445372154
"anzg_fipronil_fresh",16,"llogis",500,0.074522314512754,0.109165240305884,0.153505794962866,0.198785327405628,0.252416074944558
"anzg_fipronil_fresh",16,"lnorm",500,0.0463901876790642,0.104897459369405,0.207180871742193,0.283491664987106,0.308513365730882
"anzg_fipronil_fresh",16,"lnorm_lnorm",500,0.00202714250295764,0.00328101988038752,0.00696256156784068,0.0275492727013344,0.156590397609067
"anzg_fipronil_fresh",16,"weibull",500,0.000839731692228245,0.00447095349431953,0.0247401228447574,0.0815034549087702,0.158667198677507
"anzg_fipronil_fresh",26,"gamma",500,2.36053465354562e-06,7.48939712886948e-05,0.00189026871609074,0.0288606662485683,0.109248260581641
"anzg_fipronil_fresh",26,"lgumbel",500,0.139215797394528,0.322079340062879,0.580481244428453,0.792975879246557,0.880690136276238
"anzg_fipronil_fresh",26,"llogis",500,0.0291965562843336,0.0576270584451037,0.113260222493739,0.183390736936626,0.263933504649514
"anzg_fipronil_fresh",26,"lnorm",500,0.0115894814406067,0.0353058548146149,0.124153726435479,0.283109332311619,0.365476410970686
"anzg_fipronil_fresh",26,"lnorm_lnorm",500,0.0087721931020286,0.0143049218169562,0.0295994867666248,0.0991599995757871,0.321684441425415
"anzg_fipronil_fresh",26,"weibull",500,1.60339919002889e-05,0.000144481094040495,0.001632238451098,0.0162275299794193,0.059074493457007
"anzg_fluoride_fresh",5,"gamma",500,9.93992347812347e-16,7.26303628665483e-15,2.95182437468076e-14,6.7441293857011e-14,8.31393287452105e-14
"anzg_fluoride_fresh",5,"lgumbel",500,7.15398099743767e-16,3.82063450335007e-15,1.51863277152371e-14,3.83601751886191e-14,7.48327979878424e-14
"anzg_fluoride_fresh",5,"llogis",500,7.65773055097393e-16,5.11862315034757e-15,2.0465798131177e-14,4.65975982328855e-14,7.13768854990617e-14
"anzg_fluoride_fresh",5,"lnorm",500,1.02425909532089e-15,6.33445912797914e-15,2.36981350046357e-14,5.27645199723865e-14,8.2118241272284e-14
"anzg_fluoride_fresh",5,"lnorm_lnorm",500,0.999999999999645,0.999999999999732,0.999999999999869,0.999999999999966,0.999999999999995
"anzg_fluoride_fresh",5,"weibull",500,9.34609471705641e-16,7.04196018754591e-15,3.03365846505298e-14,6.60863406943365e-14,8.26592143660351e-14
"anzg_fluoride_fresh",6,"gamma",500,0.140998382560148,0.198905005101344,0.251822129609448,0.306193143841508,0.367090808820946
"anzg_fluoride_fresh",6,"lgumbel",500,0.0348406279060694,0.0633820642164198,0.119323002946018,0.197409137553056,0.306547515550752
"anzg_fluoride_fresh",6,"llogis",500,0.120890499950548,0.139816388653679,0.156340181164715,0.176300151659223,0.200568493150442
"anzg_fluoride_fresh",6,"lnorm",500,0.11583562193237,0.154006673808291,0.199361175602831,0.224563450522731,0.235383426541091
"anzg_fluoride_fresh",6,"lnorm_lnorm",500,0,0,0,0,0
"anzg_fluoride_fresh",6,"weibull",500,0.128329633028265,0.195879697731355,0.256813874671718,0.312801559158966,0.359375605134681
"anzg_fluoride_fresh",7,"gamma",500,0.141553574887148,0.202257502508954,0.263926242163271,0.331003069974077,0.395202513723246
"anzg_fluoride_fresh",7,"lgumbel",500,0.0221101456187283,0.0470197691513652,0.105966222714774,0.177274739070349,0.284737841764484
"anzg_fluoride_fresh",7,"llogis",500,0.109668348012417,0.129739666178983,0.150579511310575,0.176039886476783,0.206352534666963
"anzg_fluoride_fresh",7,"lnorm",500,0.0957997138162575,0.140406004555567,0.197759311608149,0.229565496455995,0.243553415191269
"anzg_fluoride_fresh",7,"lnorm_lnorm",500,6.10780581892146e-15,9.36022595484991e-15,2.09299983444598e-14,8.47203971289894e-14,3.5614134085038e-13
"anzg_fluoride_fresh",7,"weibull",500,0.141419087600417,0.201347703003427,0.266875074712206,0.329961620293875,0.378753759786784
"anzg_fluoride_fresh",8,"gamma",500,0.133906108232369,0.20855905147735,0.278745366285972,0.344741267716125,0.411196873923506
"anzg_fluoride_fresh",8,"lgumbel",500,0.0148477685792392,0.0333792496890393,0.0813474966348239,0.170118475077282,0.289208980065332
"anzg_fluoride_fresh",8,"llogis",500,0.0993020220940609,0.122396124293963,0.149583063426628,0.174342728951384,0.209060322398879
"anzg_fluoride_fresh",8,"lnorm",500,0.0831363683407214,0.130512457459415,0.190026051598987,0.231099826903495,0.253122890609708
"anzg_fluoride_fresh",8,"lnorm_lnorm",500,1.62879352148752e-08,2.35687496825688e-08,5.52258706006258e-08,2.09000751782581e-07,1.25212176019747e-06
"anzg_fluoride_fresh",8,"weibull",500,0.128903323818451,0.207595424432432,0.285732021997366,0.337377111281231,0.391091001823954
"anzg_fluoride_fresh",10,"gamma",500,0.131547832174763,0.21814377929126,0.301625112757727,0.368542522302137,0.437015835112337
"anzg_fluoride_fresh",10,"lgumbel",500,0.00666424459812156,0.0177809830396051,0.0522026325593619,0.129956978972891,0.242610344023608
"anzg_fluoride_fresh",10,"llogis",500,0.0805108007131051,0.109383314504587,0.143236726739853,0.178787140372626,0.214888322513478
"anzg_fluoride_fresh",10,"lnorm",500,0.0655608027185167,0.107198194666506,0.18132351860249,0.238487032011051,0.265816019550606
"anzg_fluoride_fresh",10,"lnorm_lnorm",500,2.2351011448681e-05,3.07096190074615e-05,8.32961808019166e-05,0.000321208105534739,0.001327613248322
"anzg_fluoride_fresh",10,"weibull",500,0.133625336098047,0.218181718085052,0.30617204601083,0.357983066765279,0.403431635020403
"anzg_fluoride_fresh",16,"gamma",500,0.153945242240118,0.25546144443999,0.3459222602589,0.424942807665765,0.493891482599035
"anzg_fluoride_fresh",16,"lgumbel",500,0.000432377043281212,0.00210247125460328,0.0114562399058999,0.0460381864541686,0.122259442908202
"anzg_fluoride_fresh",16,"llogis",500,0.0390103778053358,0.0644877357273725,0.104476072668284,0.158152158955051,0.220062981478648
"anzg_fluoride_fresh",16,"lnorm",500,0.0214133970544477,0.0552652401180901,0.128316597916171,0.221139834645983,0.296024448921988
"anzg_fluoride_fresh",16,"lnorm_lnorm",500,0.00161715588553681,0.0025271342608094,0.00554584812574362,0.0175559598182463,0.0768463059830412
"anzg_fluoride_fresh",16,"weibull",500,0.16808582972065,0.266500587464831,0.34239566879197,0.394402357984713,0.43113390458891
"anzg_fluoride_fresh",26,"gamma",500,0.146785586091391,0.271189770943745,0.385986703609475,0.468558305313969,0.53043994096745
"anzg_fluoride_fresh",26,"lgumbel",500,4.12033528619817e-06,4.93694302449341e-05,0.000542206299780348,0.005589119962177,0.027943027044241
"anzg_fluoride_fresh",26,"llogis",500,0.0114957888991973,0.0257158861305572,0.0615587783838016,0.124082300312695,0.202118746955296
"anzg_fluoride_fresh",26,"lnorm",500,0.00372501259164882,0.014378680003394,0.0585603598441608,0.158968732894863,0.300941390348498
"anzg_fluoride_fresh",26,"lnorm_lnorm",500,0.0062315012750475,0.00989326459255253,0.0231783593473648,0.073832157249435,0.234774663281814
"anzg_fluoride_fresh",26,"weibull",500,0.171501218197139,0.285673782961104,0.377210390693745,0.422997218396475,0.447856617961885
"anzg_glyphosate_fresh",5,"gamma",500,4.19519783671162e-16,2.61356811085857e-15,1.10999404298628e-14,3.94457430960215e-14,7.73324081278076e-14
"anzg_glyphosate_fresh",5,"lgumbel",500,7.96646256103785e-16,4.40968053186265e-15,2.56062263343155e-14,6.03535959173751e-14,8.28649389078143e-14
"anzg_glyphosate_fresh",5,"llogis",500,5.20915596429269e-16,3.30712088488124e-15,1.82427196906337e-14,4.79144015751748e-14,7.36969487423739e-14
"anzg_glyphosate_fresh",5,"lnorm",500,6.16569001542396e-16,4.20266411632427e-15,2.05198450919859e-14,5.39032726872976e-14,8.41366637182684e-14
"anzg_glyphosate_fresh",5,"lnorm_lnorm",500,0.999999999999636,0.999999999999748,0.999999999999903,0.999999999999978,0.999999999999997
"anzg_glyphosate_fresh",5,"weibull",500,4.47075989258891e-16,3.50778573494019e-15,1.3287152069724e-14,4.11336062501183e-14,7.80816280564426e-14
"anzg_glyphosate_fresh",6,"gamma",500,0.0259281261368832,0.0651812799406594,0.135746577028923,0.207223982913219,0.262893179115116
"anzg_glyphosate_fresh",6,"lgumbel",500,0.108139966126007,0.173432991354148,0.285836436700535,0.404952958111866,0.545717415279822
"anzg_glyphosate_fresh",6,"llogis",500,0.147158778165684,0.163659664798512,0.178798007431559,0.202740848251037,0.226129305909405
"anzg_glyphosate_fresh",6,"lnorm",500,0.160859780517714,0.199335218932338,0.222659292421179,0.235099294390791,0.246033909621709
"anzg_glyphosate_fresh",6,"lnorm_lnorm",500,0,0,0,0,0
"anzg_glyphosate_fresh",6,"weibull",500,0.0574842588565355,0.0970717842282211,0.14840198681192,0.214634872668329,0.269023679625327
"anzg_glyphosate_fresh",7,"gamma",500,0.0148835147268619,0.0476149047069453,0.122769586419274,0.196825614384039,0.258754177694507
"anzg_glyphosate_fresh",7,"lgumbel",500,0.106720151903582,0.176033498899713,0.296931223416586,0.438009750798733,0.582602173749575
"anzg_glyphosate_fresh",7,"llogis",500,0.145519520946245,0.159709109805572,0.180900307491948,0.209011801116303,0.237862682259116
"anzg_glyphosate_fresh",7,"lnorm",500,0.146343520630869,0.195741530552718,0.229167148978402,0.244270602130968,0.256350516182964
"anzg_glyphosate_fresh",7,"lnorm_lnorm",500,6.22977865694509e-15,9.86359378649704e-15,2.3483800799234e-14,9.33791778450375e-14,5.28484641445558e-13
"anzg_glyphosate_fresh",7,"weibull",500,0.0435985711083296,0.0768941478944279,0.139682719642138,0.202499029877765,0.262071674897005
"anzg_glyphosate_fresh",8,"gamma",500,0.00793708504891154,0.0303541402367104,0.100335691702503,0.18379847126207,0.260098408162338
"anzg_glyphosate_fresh",8,"lgumbel",500,0.0938063267828052,0.18652051313469,0.315864607626597,0.491058794365803,0.636730742968666
"anzg_glyphosate_fresh",8,"llogis",500,0.138433917588192,0.155260581039911,0.18115997149581,0.210069930508753,0.247510369100557
"anzg_glyphosate_fresh",8,"lnorm",500,0.134885605231694,0.19082699721978,0.23013570873078,0.253192245981389,0.26665849645806
"anzg_glyphosate_fresh",8,"lnorm_lnorm",500,1.64989664969785e-08,2.59945030358662e-08,6.35811866462805e-08,2.28725789412978e-07,2.00421010663122e-06
"anzg_glyphosate_fresh",8,"weibull",500,0.0295248320224204,0.0572047979830348,0.127731882324055,0.190903846771199,0.261017116543945
"anzg_glyphosate_fresh",10,"gamma",500,0.00141414860530184,0.0128504029232725,0.0604413585816615,0.155975941879016,0.264833451121957
"anzg_glyphosate_fresh",10,"lgumbel",500,0.0935131736227202,0.183206418565493,0.361500694429458,0.562276949236515,0.700821670127019
"anzg_glyphosate_fresh",10,"llogis",500,0.128601445128192,0.148283676452647,0.180093346237355,0.216846753177836,0.261793704570549
"anzg_glyphosate_fresh",10,"lnorm",500,0.112190497829416,0.172733410070096,0.235320148664097,0.267495719973759,0.285794646589465
"anzg_glyphosate_fresh",10,"lnorm_lnorm",500,2.60253396181124e-05,4.26313797568531e-05,9.01627085759744e-05,0.000307447477036749,0.0016038914032558
"anzg_glyphosate_fresh",10,"weibull",500,0.0131998571313927,0.0368751309355677,0.0902433516376681,0.171481287715818,0.268796759209411
"anzg_glyphosate_fresh",16,"gamma",500,8.7415187892577e-06,0.000184441340999801,0.00587200628214848,0.0536543270399114,0.150002724898294
"anzg_glyphosate_fresh",16,"lgumbel",500,0.103996135664087,0.248525087449763,0.504833457263508,0.706888556291441,0.814969129258561
"anzg_glyphosate_fresh",16,"llogis",500,0.0820842965918207,0.118798120160777,0.165263490503242,0.223313226838694,0.287203579340337
"anzg_glyphosate_fresh",16,"lnorm",500,0.0452031590367411,0.104113001613505,0.209147461326131,0.302018701228951,0.338740194548753
"anzg_glyphosate_fresh",16,"lnorm_lnorm",500,0.00218758716114487,0.00317438385158705,0.00755323444726747,0.0214134441235872,0.0659516875004774
"anzg_glyphosate_fresh",16,"weibull",500,0.000609813007232282,0.00367289370943645,0.0228568685283117,0.0980864497837612,0.182728543742606
"anzg_glyphosate_fresh",26,"gamma",500,1.86659227079107e-10,6.85564337529846e-08,5.38020058195179e-05,0.00308922617943418,0.0313011015937563
"anzg_glyphosate_fresh",26,"lgumbel",500,0.104681413467245,0.31430522521936,0.611011266955122,0.804321121505682,0.891532796824972
"anzg_glyphosate_fresh",26,"llogis",500,0.0378074822807203,0.0681738216677223,0.128494102236424,0.202106939839381,0.31522945167438
"anzg_glyphosate_fresh",26,"lnorm",500,0.00684734922382128,0.0314025312235574,0.133529011156377,0.291167497277248,0.389296588725305
"anzg_glyphosate_fresh",26,"lnorm_lnorm",500,0.00949523430463197,0.014240351765095,0.028883367566673,0.0871090793332418,0.223778063331204
"anzg_glyphosate_fresh",26,"weibull",500,3.22432403619525e-06,6.42698713711607e-05,0.00168132328307536,0.0170221418725618,0.0702263193722134
"anzg_iron_fresh",5,"gamma",500,5.46263387282586e-16,3.41287218227481e-15,1.90711982486228e-14,5.04287727083514e-14,8.0488843970304e-14
"anzg_iron_fresh",5,"lgumbel",500,7.58221694943857e-16,4.39154897681449e-15,1.95011152071487e-14,5.5807386224022e-14,8.07997653851608e-14
"anzg_iron_fresh",5,"llogis",500,5.6913041577269e-16,3.62853363372386e-15,1.84485119814918e-14,4.88411042411994e-14,7.58617916765096e-14
"anzg_iron_fresh",5,"lnorm",500,7.21695292898751e-16,4.59007472412662e-15,2.18846514308391e-14,5.7274425250665e-14,8.5047410631872e-14
"anzg_iron_fresh",5,"lnorm_lnorm",500,0.999999999999631,0.999999999999732,0.999999999999889,0.999999999999978,0.999999999999997
"anzg_iron_fresh",5,"weibull",500,5.68508357427511e-16,4.02228316080969e-15,2.13626986232064e-14,5.20515564696757e-14,8.11942221081064e-14
"anzg_iron_fresh",6,"gamma",500,0.0590929726306729,0.110148016716516,0.183413585325301,0.248429308705861,0.295117422291167
"anzg_iron_fresh",6,"lgumbel",500,0.0732506440790456,0.124884551499184,0.209088321517142,0.334475754320703,0.449474905989417
"anzg_iron_fresh",6,"llogis",500,0.139709824224696,0.156619439479384,0.174647013571313,0.197311353904302,0.222296160581691
"anzg_iron_fresh",6,"lnorm",500,0.157494199455397,0.193119744876869,0.219025855989719,0.234384393984976,0.246494629706246
"anzg_iron_fresh",6,"lnorm_lnorm",500,0,0,0,0,0
"anzg_iron_fresh",6,"weibull",500,0.0813063291902293,0.127279627298804,0.19095578241089,0.254175855993201,0.305949111645046
"anzg_iron_fresh",7,"gamma",500,0.0455687855585993,0.0990236998834132,0.180763950623301,0.256626569366763,0.302308516532129
"anzg_iron_fresh",7,"lgumbel",500,0.0601780337735099,0.107982790654048,0.206437833118035,0.33024678784294,0.472465499546108
"anzg_iron_fresh",7,"llogis",500,0.135465572543849,0.152534962142566,0.175671336226401,0.199432625430405,0.230212807674864
"anzg_iron_fresh",7,"lnorm",500,0.151491949974178,0.192300489550037,0.226683680484508,0.244111099912094,0.257061564813112
"anzg_iron_fresh",7,"lnorm_lnorm",500,5.98255151323101e-15,8.4609092962766e-15,2.23556859825995e-14,8.97481715645814e-14,3.79928676338217e-13
"anzg_iron_fresh",7,"weibull",500,0.0722048604186196,0.11915308512814,0.184152167767016,0.261223001318756,0.313944683967289
"anzg_iron_fresh",8,"gamma",500,0.0340507222915609,0.0771902854372634,0.15955832772603,0.248246245036089,0.310382659134129
"anzg_iron_fresh",8,"lgumbel",500,0.0501590121877459,0.10831342547374,0.203255203851189,0.358483042319071,0.492765044847994
"anzg_iron_fresh",8,"llogis",500,0.131534915123976,0.153793078529673,0.178033306442714,0.205097832077659,0.244911151359021
"anzg_iron_fresh",8,"lnorm",500,0.152883930144094,0.193350567174992,0.230580457748454,0.252563223213911,0.266423471949148
"anzg_iron_fresh",8,"lnorm_lnorm",500,1.59224703089146e-08,2.34097179499606e-08,5.59897660314875e-08,2.22084222450368e-07,1.41300919538489e-06
"anzg_iron_fresh",8,"weibull",500,0.0582091287362241,0.10256563789624,0.176147576757415,0.255915595952138,0.312625653620674
"anzg_iron_fresh",10,"gamma",500,0.0188101535262222,0.0590156397576651,0.152752556515048,0.240115056930928,0.320982643726315
"anzg_iron_fresh",10,"lgumbel",500,0.0388429710893992,0.0873685291039293,0.191505015373705,0.358579088674605,0.500649586154699
"anzg_iron_fresh",10,"llogis",500,0.123549504230037,0.150556318997918,0.179731470726865,0.22155125956792,0.261473017272708
"anzg_iron_fresh",10,"lnorm",500,0.136564496572425,0.202334149459288,0.247417644182801,0.27228670443182,0.289752023625463
"anzg_iron_fresh",10,"lnorm_lnorm",500,2.27519821085414e-05,3.1465733523068e-05,7.8550065027517e-05,0.00028566836578248,0.00151443178517231
"anzg_iron_fresh",10,"weibull",500,0.0444284931946714,0.092141747892634,0.169995339278665,0.251288245259777,0.329298787814617
"anzg_iron_fresh",16,"gamma",500,0.00264423286140103,0.0208777032457002,0.0899748442165948,0.212482244101019,0.326843555255042
"anzg_iron_fresh",16,"lgumbel",500,0.0145453051738549,0.0513764934804158,0.154227289147989,0.331477896681811,0.546135548905595
"anzg_iron_fresh",16,"llogis",500,0.0956335275299462,0.140152439624841,0.187711337749572,0.254343833659707,0.33212444903596
"anzg_iron_fresh",16,"lnorm",500,0.115607974649121,0.193420154804817,0.270480795835911,0.322626614298793,0.354593095958929
"anzg_iron_fresh",16,"lnorm_lnorm",500,0.00157050211498694,0.00242012171023934,0.00483927910891391,0.0138499444367979,0.0654769254195445
"anzg_iron_fresh",16,"weibull",500,0.0115997248435092,0.0462949866550157,0.136676614236391,0.244234510383581,0.331736333106441
"anzg_iron_fresh",26,"gamma",500,0.00013794705262603,0.00345294031891756,0.0265263340316827,0.114928738919083,0.247405505812964
"anzg_iron_fresh",26,"lgumbel",500,0.00459345258550045,0.0302490421061711,0.106006789398492,0.270865487118713,0.496497193890371
"anzg_iron_fresh",26,"llogis",500,0.0830707215638971,0.140544222004107,0.201285454118878,0.297686761984627,0.424209529791047
"anzg_iron_fresh",26,"lnorm",500,0.116175141224757,0.217196046568206,0.337198997822288,0.413753569470699,0.447006239415837
"anzg_iron_fresh",26,"lnorm_lnorm",500,0.00737446970499587,0.0120868689927153,0.0220708711656115,0.0619819027484028,0.219083655194178
"anzg_iron_fresh",26,"weibull",500,0.00271695078644649,0.0183444613208085,0.0712946623886846,0.192063013433972,0.315096982893117
"anzg_iron_marine",5,"gamma",500,6.90709175040821e-17,6.30005120133172e-16,1.09828207893825e-14,0.00482827374461548,0.0557686312963022
"anzg_iron_marine",5,"lgumbel",500,2.45765157449838e-16,1.91617366122823e-15,2.02681446880185e-14,0.00792728933149118,0.627941538992179
"anzg_iron_marine",5,"llogis",500,1.14571047462888e-16,1.03940420010143e-15,1.34912795209916e-14,0.0298524574646589,0.162004315883387
"anzg_iron_marine",5,"lnorm",500,1.39591045140896e-16,1.11559838002885e-15,1.32450839933365e-14,0.0239110022672102,0.131746232811954
"anzg_iron_marine",5,"lnorm_lnorm",500,0,0.749999999982035,0.999999999999922,0.999999999999994,0.999999999999999
"anzg_iron_marine",5,"weibull",500,7.66916796840286e-17,6.18676893755679e-16,1.00560768523269e-14,0.0098890507916288,0.0455311066749425
"anzg_iron_marine",6,"gamma",500,0.0129487685789326,0.0293834088554379,0.0846534337373939,0.165450922733447,0.219262676947826
"anzg_iron_marine",6,"lgumbel",500,0.164071934043901,0.286014613842588,0.469546846451896,0.662252033043503,0.754484118247027
"anzg_iron_marine",6,"llogis",500,0.133357283824046,0.14691173746883,0.158197138620994,0.170084283781026,0.188989607775487
"anzg_iron_marine",6,"lnorm",500,0.0765582301809903,0.116632097212493,0.189780331406365,0.217297602769337,0.227777115746855
"anzg_iron_marine",6,"lnorm_lnorm",500,0,0,0,0,0
"anzg_iron_marine",6,"weibull",500,0.0167183424281439,0.0296266414477414,0.0869409616531628,0.14627575193156,0.217599776833376
"anzg_iron_marine",7,"gamma",500,0.00474364747094467,0.0154623000019061,0.0524581693399088,0.128396355300765,0.203239533060842
"anzg_iron_marine",7,"lgumbel",500,0.191892943905855,0.356162228474857,0.58338100064406,0.721930440545771,0.826925704965083
"anzg_iron_marine",7,"llogis",500,0.111402262895285,0.13200353206575,0.145826743678831,0.163030398283233,0.188710248748492
"anzg_iron_marine",7,"lnorm",500,0.0453432685869631,0.0912163394716134,0.157071190837781,0.21807928081985,0.23056321762523
"anzg_iron_marine",7,"lnorm_lnorm",500,0,2.9442739715659e-14,4.05312380462524e-13,5.72814684505833e-12,5.24202001565736e-11
"anzg_iron_marine",7,"weibull",500,0.00625951270081227,0.0164177636575476,0.0519240076084106,0.120326033182313,0.19314719900036
"anzg_iron_marine",8,"gamma",500,0.00158475306499269,0.00795434045631985,0.02767899017936,0.0847931276170217,0.174399176535171
"anzg_iron_marine",8,"lgumbel",500,0.208924723668507,0.449003512244957,0.664409313975832,0.783175042252111,0.873870124052293
"anzg_iron_marine",8,"llogis",500,0.0939262569120963,0.111642669988935,0.134488063241569,0.153244540169176,0.190519597907889
"anzg_iron_marine",8,"lnorm",500,0.0249114133072647,0.0658165885037151,0.127734898153019,0.205000036774143,0.233998701398573
"anzg_iron_marine",8,"lnorm_lnorm",500,0,1.64301632794377e-07,2.70278867356901e-06,3.85402773509527e-05,0.00032523436959141
"anzg_iron_marine",8,"weibull",500,0.00209599525744115,0.00823767375609006,0.029957811132026,0.0854090266526723,0.168335852346901
"anzg_iron_marine",10,"gamma",500,7.72557799826612e-05,0.000674121030323131,0.00514376858277492,0.0241621134293237,0.0862194311765162
"anzg_iron_marine",10,"lgumbel",500,0.0604845266283045,0.291765344135646,0.63091407076086,0.817378550517678,0.892950188150607
"anzg_iron_marine",10,"llogis",500,0.0110475715139423,0.0529410081826909,0.0854771908266463,0.120903477558237,0.168875470681743
"anzg_iron_marine",10,"lnorm",500,0.00419010227046285,0.0146943359173711,0.0576064370638037,0.136937232974981,0.215903122777927
"anzg_iron_marine",10,"lnorm_lnorm",500,0.000130444477849626,0.00175911461234971,0.0241852997664736,0.271131698649495,0.867259297644208
"anzg_iron_marine",10,"weibull",500,0.000155122049937375,0.00105989101844693,0.00652374308857962,0.031284631289298,0.087506967444373
"anzg_iron_marine",16,"gamma",500,4.22502740866965e-10,1.90388841739516e-08,1.38629518365233e-06,6.86172129000347e-05,0.001284712066977
"anzg_iron_marine",16,"lgumbel",500,1.35832185302471e-05,0.000220098690118539,0.00629494835872325,0.092035224448311,0.388746998610184
"anzg_iron_marine",16,"llogis",500,5.8199902874286e-07,9.09792659975696e-06,0.000387665914926371,0.00619953769094109,0.0328749800410833
"anzg_iron_marine",16,"lnorm",500,1.64238058669398e-07,3.98065151891442e-06,0.000122623238797947,0.00261511075863624,0.0245081721426865
"anzg_iron_marine",16,"lnorm_lnorm",500,0.392301473448651,0.877526506687019,0.990860506229505,0.999723794880564,0.999980621779058
"anzg_iron_marine",16,"weibull",500,2.2144715947084e-09,9.25524145568398e-08,2.49438566400371e-06,0.000129918024249,0.00130735078066423
"anzg_iron_marine",26,"gamma",500,4.00789926331336e-17,7.31274289006192e-15,3.35624961672274e-12,6.12070835198022e-10,2.79424330869338e-08
"anzg_iron_marine",26,"lgumbel",500,4.64193992838089e-09,8.98499385916834e-08,5.71775298884552e-06,0.000193771378522022,0.0033016675126198
"anzg_iron_marine",26,"llogis",500,1.91481341758604e-11,8.24014325175063e-10,6.02114049819476e-08,1.96650849803841e-06,5.30229313181258e-05
"anzg_iron_marine",26,"lnorm",500,2.78443625511347e-12,1.56235100547697e-10,1.22858339843349e-08,4.82186240339294e-07,1.65056019462846e-05
"anzg_iron_marine",26,"lnorm_lnorm",500,0.996473516538324,0.99977508273834,0.99999313755783,0.99999987540717,0.999999995069612
"anzg_iron_marine",26,"weibull",500,1.03587957117505e-15,1.51636220323562e-13,1.59609160404716e-11,1.75586988285554e-09,6.56476875304858e-08
"anzg_mancozeb_fresh",5,"gamma",500,7.74341527772693e-16,3.6332763844283e-15,1.95691423285624e-14,5.73774341845111e-14,8.05120089461227e-14
"anzg_mancozeb_fresh",5,"lgumbel",500,7.41158506460346e-16,4.59719992673711e-15,2.0923569478047e-14,5.1210902612555e-14,7.97512272176345e-14
"anzg_mancozeb_fresh",5,"llogis",500,6.81157379392151e-16,4.4370574761369e-15,2.02305941732139e-14,5.11458861519889e-14,7.57177209847525e-14
"anzg_mancozeb_fresh",5,"lnorm",500,8.71000909683919e-16,5.16278330219714e-15,2.3830999065793e-14,5.90480318621942e-14,8.47863561563263e-14
"anzg_mancozeb_fresh",5,"lnorm_lnorm",500,0.999999999999642,0.999999999999727,0.999999999999879,0.999999999999971,0.999999999999996
"anzg_mancozeb_fresh",5,"weibull",500,8.63520314535581e-16,4.81727986005337e-15,2.15300324010157e-14,6.05626852596872e-14,8.14152615851278e-14
"anzg_mancozeb_fresh",6,"gamma",500,0.0504113394653945,0.0928172993730748,0.179514694025131,0.276209570227541,0.351204935557727
"anzg_mancozeb_fresh",6,"lgumbel",500,0.0532213874704646,0.106826968276853,0.195558802119574,0.316527440432904,0.439934926008377
"anzg_mancozeb_fresh",6,"llogis",500,0.128425413914976,0.149526565324268,0.175865192547331,0.20098161708402,0.224247893710341
"anzg_mancozeb_fresh",6,"lnorm",500,0.139476337899215,0.182128911906302,0.218052945342286,0.240804722747982,0.253436183247321
"anzg_mancozeb_fresh",6,"lnorm_lnorm",500,0,0,0,0,0
"anzg_mancozeb_fresh",6,"weibull",500,0.0892636738187432,0.134131023861873,0.201854116390828,0.262626153321662,0.308373003818365
"anzg_mancozeb_fresh",7,"gamma",500,0.0385448859293565,0.0828332395292726,0.161361423709536,0.281253541204717,0.358256929890271
"anzg_mancozeb_fresh",7,"lgumbel",500,0.0450160512258404,0.0945366785491941,0.199053898122162,0.323206180209053,0.43827574854602
"anzg_mancozeb_fresh",7,"llogis",500,0.12493654222969,0.150926492208724,0.176363283473099,0.207606197906847,0.239222968337415
"anzg_mancozeb_fresh",7,"lnorm",500,0.132612524401369,0.187205033286593,0.23044301575731,0.250374941261447,0.264279985071351
"anzg_mancozeb_fresh",7,"lnorm_lnorm",500,6.46677605005462e-15,8.85131544428935e-15,1.85814166098678e-14,5.9094862854152e-14,2.65323177519948e-13
"anzg_mancozeb_fresh",7,"weibull",500,0.0838474935593974,0.128706723932049,0.195526306700176,0.268841912606309,0.312734739510237
"anzg_mancozeb_fresh",8,"gamma",500,0.0337125294538482,0.0695444549008319,0.147904809659154,0.262537197916539,0.362392021966903
"anzg_mancozeb_fresh",8,"lgumbel",500,0.0374542843631942,0.0908991430761557,0.193088789916595,0.323785567751628,0.451045565868142
"anzg_mancozeb_fresh",8,"llogis",500,0.123322673102758,0.151058484643869,0.178180539466689,0.210626326295144,0.250134128854364
"anzg_mancozeb_fresh",8,"lnorm",500,0.133394544978605,0.195389656217747,0.235762080558305,0.260546184729031,0.27688954946041
"anzg_mancozeb_fresh",8,"lnorm_lnorm",500,1.64081087885238e-08,2.19043435033637e-08,5.133883360593e-08,1.97374590882989e-07,7.9757177903537e-07
"anzg_mancozeb_fresh",8,"weibull",500,0.0782084292375773,0.127417156730256,0.200827279636956,0.2672643229073,0.315181746478676
"anzg_mancozeb_fresh",10,"gamma",500,0.0137183786727561,0.0502368199244057,0.129947551096807,0.25544013364581,0.366083452257608
"anzg_mancozeb_fresh",10,"lgumbel",500,0.0305845921000933,0.0757578175923319,0.169708456860708,0.313784339687414,0.487764905644899
"anzg_mancozeb_fresh",10,"llogis",500,0.108147757030779,0.143945651117377,0.179128184657822,0.224369628595192,0.281366238285721
"anzg_mancozeb_fresh",10,"lnorm",500,0.124438180739776,0.192696503870641,0.24913191361499,0.282000312571428,0.302398679884309
"anzg_mancozeb_fresh",10,"lnorm_lnorm",500,2.27162863291592e-05,3.25464916407865e-05,8.20870229427084e-05,0.000267324541382798,0.0014058477595066
"anzg_mancozeb_fresh",10,"weibull",500,0.0548412554311175,0.113585941723062,0.194665355722258,0.274469544988805,0.32547004596939
"anzg_mancozeb_fresh",16,"gamma",500,0.00235881516749058,0.0149008305610021,0.0695006308116555,0.19833721335958,0.329042804862181
"anzg_mancozeb_fresh",16,"lgumbel",500,0.0102757072718723,0.0346946935217805,0.131167975386021,0.286950393400258,0.46587070674103
"anzg_mancozeb_fresh",16,"llogis",500,0.0846053281490162,0.14098416852849,0.192737426905386,0.261754517293002,0.338306211146372
"anzg_mancozeb_fresh",16,"lnorm",500,0.118581978858899,0.187607143051073,0.280375132493944,0.340785998189249,0.368354085757653
"anzg_mancozeb_fresh",16,"lnorm_lnorm",500,0.00179100090783398,0.0026869488853334,0.00509540449273623,0.0140521882785435,0.0673502782027464
"anzg_mancozeb_fresh",16,"weibull",500,0.0255428612761254,0.0728705018022027,0.172913329999412,0.298161984441561,0.360506532931668
"anzg_mancozeb_fresh",26,"gamma",500,0.000101487492299564,0.00104822668747685,0.0120835432296095,0.0780571565584226,0.208997177197309
"anzg_mancozeb_fresh",26,"lgumbel",500,0.00262464052793994,0.0166749945284573,0.0691481872413746,0.207316152895959,0.378879634941472
"anzg_mancozeb_fresh",26,"llogis",500,0.0786463855020807,0.141653390593376,0.214030972963149,0.294167827539102,0.419331070239854
"anzg_mancozeb_fresh",26,"lnorm",500,0.112260975707158,0.221989797680317,0.350971095020567,0.425975148097858,0.46218629470248
"anzg_mancozeb_fresh",26,"lnorm_lnorm",500,0.00799466312076083,0.0116612500118835,0.0235456245497683,0.0837707226042198,0.283014751137877
"anzg_mancozeb_fresh",26,"weibull",500,0.0102489871261984,0.0301757594933282,0.101704697467846,0.253987435930169,0.369213138974556
"anzg_manganese_marine",5,"gamma",500,4.06057397220773e-16,2.10740296910414e-15,1.00171961868898e-14,4.05893173261011e-14,8.11596433814467e-14
"anzg_manganese_marine",5,"lgumbel",500,7.87151144937781e-16,3.99741960276916e-15,2.21103204865062e-14,6.13699637605026e-14,8.2816710230653e-14
"anzg_manganese_marine",5,"llogis",500,5.81041057206452e-16,2.88830167965034e-15,1.45614274362243e-14,4.5542052287149e-14,7.84979389908759e-14
"anzg_manganese_marine",5,"lnorm",500,5.90545834523983e-16,3.47218926027521e-15,1.5804196699372e-14,5.18161560994002e-14,8.73706675351398e-14
"anzg_manganese_marine",5,"lnorm_lnorm",500,0.999999999999618,0.999999999999762,0.999999999999921,0.999999999999983,0.999999999999997
"anzg_manganese_marine",5,"weibull",500,4.36239155441832e-16,2.22266212215052e-15,1.09100428111647e-14,4.31014918155116e-14,7.96252101084441e-14
"anzg_manganese_marine",6,"gamma",500,0.0309576815901203,0.0735434625803036,0.143831098262492,0.207630817544084,0.249089651123705
"anzg_manganese_marine",6,"lgumbel",500,0.118373826664874,0.192289509734551,0.286120337460626,0.421726089341184,0.547948003114292
"anzg_manganese_marine",6,"llogis",500,0.147646033429629,0.160855624034347,0.178109547048419,0.201510615203474,0.222140534836028
"anzg_manganese_marine",6,"lnorm",500,0.163410071214827,0.195435714554989,0.219769393250972,0.233534231580662,0.242908580754186
"anzg_manganese_marine",6,"lnorm_lnorm",500,0,0,0,0,0
"anzg_manganese_marine",6,"weibull",500,0.0504322304989588,0.0866969046955994,0.14438614942659,0.201722927233062,0.267205449878283
"anzg_manganese_marine",7,"gamma",500,0.0166126420861427,0.0499723149637075,0.121149930410463,0.20412701342199,0.249506414619435
"anzg_manganese_marine",7,"lgumbel",500,0.114125133280094,0.195557955943145,0.317094596605979,0.467907737207437,0.608094110478906
"anzg_manganese_marine",7,"llogis",500,0.144918582536241,0.159381449072219,0.179909664432502,0.200389735399872,0.229843406760259
"anzg_manganese_marine",7,"lnorm",500,0.139546055729947,0.190499405854914,0.222304991192105,0.237926595857347,0.251478205077035
"anzg_manganese_marine",7,"lnorm_lnorm",500,6.60583617125385e-15,1.11222614202388e-14,2.7468095541926e-14,1.23234696445845e-13,5.28652457543471e-13
"anzg_manganese_marine",7,"weibull",500,0.0317142068679852,0.0705700066755965,0.122871950459388,0.193404362181122,0.25315389182512
"anzg_manganese_marine",8,"gamma",500,0.00821439846347077,0.0313546153231754,0.103282284310093,0.187363373849711,0.251659801043668
"anzg_manganese_marine",8,"lgumbel",500,0.11507437588501,0.199683281383908,0.343185391970195,0.525553461529831,0.648681749339485
"anzg_manganese_marine",8,"llogis",500,0.139311439490533,0.153580794273298,0.176927558157994,0.201647124441734,0.241525414693
"anzg_manganese_marine",8,"lnorm",500,0.133123850920043,0.18163205223871,0.225572664117312,0.245996286722279,0.257495711126397
"anzg_manganese_marine",8,"lnorm_lnorm",500,1.69876922949769e-08,3.05775908588795e-08,7.64462397629406e-08,3.03733989638535e-07,1.33692542430286e-06
"anzg_manganese_marine",8,"weibull",500,0.0233810986958569,0.0490124785451364,0.107961455397335,0.184704944959666,0.250908348701857
"anzg_manganese_marine",10,"gamma",500,0.00212464241359209,0.0117328771299109,0.0593748089269582,0.153067489471415,0.241272710220651
"anzg_manganese_marine",10,"lgumbel",500,0.115932678170859,0.234075344554987,0.422513011569873,0.598190250857368,0.724344989463772
"anzg_manganese_marine",10,"llogis",500,0.126939432293245,0.147019780022171,0.175676820056771,0.210160055357506,0.245277408219054
"anzg_manganese_marine",10,"lnorm",500,0.0986787726328814,0.161826207198258,0.224067839538918,0.25592501412108,0.272255899075398
"anzg_manganese_marine",10,"lnorm_lnorm",500,2.8238104859249e-05,4.68080766019055e-05,0.000106390312106017,0.000437989662377169,0.0019399571591033
"anzg_manganese_marine",10,"weibull",500,0.00972208802827797,0.0246086695817313,0.0694362565054894,0.151876012931014,0.230383098283627
"anzg_manganese_marine",16,"gamma",500,2.38107276579521e-05,0.000515962071255514,0.00815353272181807,0.0593586356969151,0.16907855040272
"anzg_manganese_marine",16,"lgumbel",500,0.128076436814405,0.29594843095932,0.531671060025389,0.710700831858848,0.823805522157093
"anzg_manganese_marine",16,"llogis",500,0.07390884947004,0.112143662721646,0.156405977979732,0.21236962308983,0.289488494215272
"anzg_manganese_marine",16,"lnorm",500,0.034512756496457,0.0850599124984796,0.188870546248008,0.279014699987438,0.312785583024121
"anzg_manganese_marine",16,"lnorm_lnorm",500,0.00214645356054554,0.0034723300778539,0.00803699209672453,0.0242037850486387,0.10529662849583
"anzg_manganese_marine",16,"weibull",500,0.000510399125031474,0.00297572270477442,0.0166840173137743,0.070385082390029,0.16478353029982
"anzg_manganese_marine",26,"gamma",500,7.68299732625804e-09,9.35621683953316e-07,0.000141161814866545,0.0035045985525571,0.0350471574292311
"anzg_manganese_marine",26,"lgumbel",500,0.16108177466244,0.39222489945378,0.637081528839565,0.825628804850182,0.896511515614557
"anzg_manganese_marine",26,"llogis",500,0.0250291305922245,0.0521073907608661,0.103426499797025,0.177457856633711,0.265262213052531
"anzg_manganese_marine",26,"lnorm",500,0.0052340754320144,0.0245323722858457,0.0926328487501469,0.238363207537028,0.347694546780493
"anzg_manganese_marine",26,"lnorm_lnorm",500,0.00935809931971643,0.0143623660347901,0.0314064517623205,0.110749231187492,0.403088774879772
"anzg_manganese_marine",26,"weibull",500,3.34274212199767e-06,4.63512987853366e-05,0.000863906101747153,0.00836381106298401,0.0387017454551633
"anzg_mcpa_fresh",5,"gamma",500,3.5073191317594e-16,1.73919159008466e-15,1.07961512587227e-14,3.33361263107253e-14,7.3296029578868e-14
"anzg_mcpa_fresh",5,"lgumbel",500,8.73110907120299e-16,4.73143915966638e-15,2.21466262619073e-14,4.96943118831498e-14,7.91777627200272e-14
"anzg_mcpa_fresh",5,"llogis",500,5.9399928828109e-16,3.55595443646189e-15,1.57409595003037e-14,4.61158862403489e-14,6.92249168888557e-14
"anzg_mcpa_fresh",5,"lnorm",500,7.33361758390577e-16,4.00560256438321e-15,1.83325684984648e-14,5.06595371471694e-14,7.74277295477782e-14
"anzg_mcpa_fresh",5,"lnorm_lnorm",500,0.99999999999966,0.999999999999774,0.999999999999913,0.99999999999998,0.999999999999997
"anzg_mcpa_fresh",5,"weibull",500,4.87795558856635e-16,2.77486049369539e-15,1.32250017175095e-14,4.07609843665689e-14,7.6386139500653e-14
"anzg_mcpa_fresh",6,"gamma",500,0.0156936034554723,0.0435659063884146,0.119664465460589,0.209238495064137,0.293291891360661
"anzg_mcpa_fresh",6,"lgumbel",500,0.0970992800596318,0.165182503020027,0.279344275375812,0.426577762990639,0.574987170813005
"anzg_mcpa_fresh",6,"llogis",500,0.140695102361095,0.160294031993404,0.181212893712766,0.203031386622347,0.224936673574557
"anzg_mcpa_fresh",6,"lnorm",500,0.144870639367029,0.18483971164907,0.221975825911074,0.238863425386812,0.252225693029327
"anzg_mcpa_fresh",6,"lnorm_lnorm",500,0,0,0,0,0
"anzg_mcpa_fresh",6,"weibull",500,0.0464581169713049,0.0895341313991948,0.159286744033404,0.222780362927676,0.271523565027872
"anzg_mcpa_fresh",7,"gamma",500,0.00663957935585688,0.0231927874693291,0.0948878124270681,0.194771957733138,0.276749864513496
"anzg_mcpa_fresh",7,"lgumbel",500,0.0996939667591276,0.173722445508333,0.296338087142722,0.48239342612712,0.639371599243593
"anzg_mcpa_fresh",7,"llogis",500,0.1383282413459,0.15955438055821,0.181798528072769,0.21002199815561,0.237337333285643
"anzg_mcpa_fresh",7,"lnorm",500,0.128074556268732,0.186048591574031,0.225702344220724,0.248430734212268,0.263510684187845
"anzg_mcpa_fresh",7,"lnorm_lnorm",500,6.66834761268345e-15,1.08818038573788e-14,2.68571662778122e-14,7.53316137505348e-14,3.22274449572437e-13
"anzg_mcpa_fresh",7,"weibull",500,0.0306700131339686,0.0662580260100011,0.145877147617565,0.215602516209608,0.264326394854727
"anzg_mcpa_fresh",8,"gamma",500,0.00262105268758871,0.0135666132259123,0.0683640684693016,0.168417510657583,0.270191609185093
"anzg_mcpa_fresh",8,"lgumbel",500,0.0942797622930097,0.190218324310233,0.337786118018634,0.523989558187362,0.673624842376134
"anzg_mcpa_fresh",8,"llogis",500,0.134898128080782,0.157685988578202,0.18197820296659,0.216175847512816,0.246813795919744
"anzg_mcpa_fresh",8,"lnorm",500,0.105754664102712,0.177965400752403,0.228244731521378,0.259308947105865,0.276328023395247
"anzg_mcpa_fresh",8,"lnorm_lnorm",500,1.70929125198815e-08,2.84863084856395e-08,7.97296926474137e-08,2.49063444486527e-07,8.86025640866806e-07
"anzg_mcpa_fresh",8,"weibull",500,0.0201490494501479,0.0523008305987882,0.117755421150307,0.204048811811484,0.267060631608328
"anzg_mcpa_fresh",10,"gamma",500,0.00054428824139372,0.00433141596911263,0.0313644534629341,0.128625581921804,0.247586338017689
"anzg_mcpa_fresh",10,"lgumbel",500,0.0947134515661141,0.1981495148687,0.37208647882757,0.571832163928877,0.744281372752409
"anzg_mcpa_fresh",10,"llogis",500,0.124615405599226,0.147366142595932,0.179193911439096,0.223501730889881,0.272207489313605
"anzg_mcpa_fresh",10,"lnorm",500,0.0823239303578582,0.161826474186576,0.239939726720519,0.275012550248605,0.297564353422262
"anzg_mcpa_fresh",10,"lnorm_lnorm",500,2.59408183764292e-05,4.44031200937653e-05,0.000109439573972713,0.000281971405840398,0.00134561667885153
"anzg_mcpa_fresh",10,"weibull",500,0.00796684260399846,0.0316936132820348,0.0974436812053993,0.186321258109961,0.257075913306663
"anzg_mcpa_fresh",16,"gamma",500,5.86555064078867e-07,2.44929634204999e-05,0.00112160253520889,0.0206820484323473,0.0799404038223426
"anzg_mcpa_fresh",16,"lgumbel",500,0.121569321167806,0.256300207318139,0.507682073742595,0.713665943833827,0.832053808522
"anzg_mcpa_fresh",16,"llogis",500,0.0797704662990816,0.11483922472905,0.168358199564827,0.219148292788137,0.296182193334047
"anzg_mcpa_fresh",16,"lnorm",500,0.0294112348714885,0.0874043202525481,0.193993352444413,0.307678005017148,0.355397568044599
"anzg_mcpa_fresh",16,"lnorm_lnorm",500,0.00227274097263648,0.00350071487001816,0.00709998746926783,0.0240372845137751,0.0981794348006518
"anzg_mcpa_fresh",16,"weibull",500,0.000303771236388047,0.00247102000499352,0.0202345447834211,0.0925847188264067,0.189312283324538
"anzg_mcpa_fresh",26,"gamma",500,1.47149986075693e-11,3.38946780841751e-09,9.80303945606955e-07,0.000379982163052587,0.0100742290490152
"anzg_mcpa_fresh",26,"lgumbel",500,0.120990393544431,0.28334630401251,0.594935273399455,0.814961252215576,0.902375854536791
"anzg_mcpa_fresh",26,"llogis",500,0.0270742512717823,0.0547338464348916,0.121073741090542,0.211864768691707,0.309265273150905
"anzg_mcpa_fresh",26,"lnorm",500,0.0050839817912473,0.0283975929064372,0.10963492302971,0.291231100193323,0.426566395904032
"anzg_mcpa_fresh",26,"lnorm_lnorm",500,0.00941048461133514,0.014651642526498,0.0284509613230973,0.0915017385060934,0.297699070216372
"anzg_mcpa_fresh",26,"weibull",500,1.83010486565612e-06,5.24724453673096e-05,0.00115733770246881,0.0174737653476503,0.0754074920008865
"anzg_metolachlor_fresh",5,"gamma",500,5.28707139599058e-16,4.70226282907591e-15,2.12887151810826e-14,5.94679614362264e-14,8.28216847408436e-14
"anzg_metolachlor_fresh",5,"lgumbel",500,2.97679105259322e-16,2.88813172796764e-15,1.31356288819522e-14,3.97368144463947e-14,7.39500485361753e-14
"anzg_metolachlor_fresh",5,"llogis",500,3.00638295636685e-16,3.3148975680232e-15,1.61528605202108e-14,4.21684559407948e-14,7.09069415668374e-14
"anzg_metolachlor_fresh",5,"lnorm",500,3.50217729834328e-16,3.97377841731549e-15,1.88761922826766e-14,4.77736167242996e-14,8.16309347767653e-14
"anzg_metolachlor_fresh",5,"lnorm_lnorm",500,0.999999999999647,0.999999999999753,0.999999999999895,0.999999999999976,0.999999999999997
"anzg_metolachlor_fresh",5,"weibull",500,5.23413935625209e-16,4.85393521329696e-15,2.21296835071831e-14,5.82962669000463e-14,8.09265285521224e-14
"anzg_metolachlor_fresh",6,"gamma",500,0.0934896941142604,0.163215057929168,0.255831290972466,0.36216064897947,0.467678587821468
"anzg_metolachlor_fresh",6,"lgumbel",500,0.0307704407125368,0.0645846193210625,0.122465472235752,0.211564685017271,0.322679114997598
"anzg_metolachlor_fresh",6,"llogis",500,0.0998211389523349,0.126998451430409,0.156724181610149,0.184744026771737,0.213608092912346
"anzg_metolachlor_fresh",6,"lnorm",500,0.100675475151077,0.148499660867323,0.199596918651122,0.232894613315584,0.246441076033665
"anzg_metolachlor_fresh",6,"lnorm_lnorm",500,0,0,0,0,0
"anzg_metolachlor_fresh",6,"weibull",500,0.13899964093818,0.193185488768176,0.247601764858896,0.280314209000122,0.312803744031424
"anzg_metolachlor_fresh",7,"gamma",500,0.0821450809289281,0.156079752268807,0.265070786119013,0.388411775511731,0.494484531790384
"anzg_metolachlor_fresh",7,"lgumbel",500,0.0199694889607797,0.0491877267699005,0.104564962759498,0.197045526181144,0.317160479932167
"anzg_metolachlor_fresh",7,"llogis",500,0.0912750475211464,0.118955482752582,0.154933804517856,0.184022564754045,0.217212328552412
"anzg_metolachlor_fresh",7,"lnorm",500,0.0845906853009629,0.134978828110436,0.199365141159238,0.240101598142117,0.255973539566969
"anzg_metolachlor_fresh",7,"lnorm_lnorm",500,6.43489330992628e-15,9.79150594391026e-15,2.09087276609005e-14,7.11237364614374e-14,4.16872355735755e-13
"anzg_metolachlor_fresh",7,"weibull",500,0.137247200072262,0.199516939911122,0.253894883783585,0.294415707016254,0.319041077007518
"anzg_metolachlor_fresh",8,"gamma",500,0.0790917753920509,0.152308227994288,0.274922437541446,0.405752863068688,0.516088661410535
"anzg_metolachlor_fresh",8,"lgumbel",500,0.011602679258731,0.0347803449947441,0.0843317588153099,0.176034158996301,0.293377729927466
"anzg_metolachlor_fresh",8,"llogis",500,0.0806356125293905,0.111033601106213,0.15035943474827,0.186503769886348,0.228577921389351
"anzg_metolachlor_fresh",8,"lnorm",500,0.0650091730842882,0.122812900250278,0.1973448739743,0.243925026047922,0.266948068761233
"anzg_metolachlor_fresh",8,"lnorm_lnorm",500,1.66463055213508e-08,2.58044804340199e-08,5.37135129317958e-08,1.64011349921557e-07,1.01139069361475e-06
"anzg_metolachlor_fresh",8,"weibull",500,0.146877309956276,0.212200192664183,0.26574384687705,0.302332473957631,0.328881550090768
"anzg_metolachlor_fresh",10,"gamma",500,0.0615043183466708,0.156124521478042,0.300965541043586,0.449931529068501,0.543470432951469
"anzg_metolachlor_fresh",10,"lgumbel",500,0.00501439833869068,0.0161212513342481,0.0539000389472563,0.131795825631909,0.259597446596563
"anzg_metolachlor_fresh",10,"llogis",500,0.0666114130569208,0.0965072316036723,0.139594709760378,0.18585446785098,0.244842936817219
"anzg_metolachlor_fresh",10,"lnorm",500,0.0485363383262637,0.0960890707145425,0.178610091213826,0.248415777885765,0.29100509885541
"anzg_metolachlor_fresh",10,"lnorm_lnorm",500,2.30063476880011e-05,3.39339071859933e-05,7.53674638585305e-05,0.00027038335920434,0.00116377240725993
"anzg_metolachlor_fresh",10,"weibull",500,0.142792867546649,0.224116884330323,0.286666609703838,0.325408614797845,0.351843479675586
"anzg_metolachlor_fresh",16,"gamma",500,0.0492030785633005,0.122160166847722,0.279076359153495,0.479335158724044,0.604379779923858
"anzg_metolachlor_fresh",16,"lgumbel",500,0.000472262447932423,0.00243760510969493,0.0146640322694598,0.0586141509656474,0.143288244114623
"anzg_metolachlor_fresh",16,"llogis",500,0.0311428518341033,0.0592538163120169,0.128142856652855,0.192381527940187,0.258705901444812
"anzg_metolachlor_fresh",16,"lnorm",500,0.020876521292291,0.0529287276995612,0.152620590699828,0.264289809322029,0.334456493607167
"anzg_metolachlor_fresh",16,"lnorm_lnorm",500,0.00169095954709577,0.0026356940965642,0.0053281814547477,0.0191795600002909,0.0690151145252086
"anzg_metolachlor_fresh",16,"weibull",500,0.168022578064581,0.245376433858981,0.318389961128428,0.37198592429435,0.419350940791291
"anzg_metolachlor_fresh",26,"gamma",500,0.0292918751067918,0.101700253325946,0.27302816666551,0.500641919189643,0.643803457225051
"anzg_metolachlor_fresh",26,"lgumbel",500,1.20049939353664e-05,0.000116058238954764,0.0013708810249222,0.00727793406786533,0.0395231846576716
"anzg_metolachlor_fresh",26,"llogis",500,0.0108708676836314,0.0252009445408894,0.0709976472756837,0.154336145998317,0.236452423850859
"anzg_metolachlor_fresh",26,"lnorm",500,0.00616928671615121,0.0220893947278508,0.0756697239788699,0.221307155628923,0.356282631212417
"anzg_metolachlor_fresh",26,"lnorm_lnorm",500,0.00724592675222095,0.0113486938102379,0.0237827167985671,0.0811932713534565,0.21020014490203
"anzg_metolachlor_fresh",26,"weibull",500,0.156351135468512,0.267948381885463,0.371489651133956,0.448387805363638,0.527135570939198
"anzg_metsulfuron_methyl_fresh",5,"gamma",500,1.63308419069317e-16,1.40939739918923e-15,8.38338606693108e-15,3.32434247870151e-14,7.60746836750544e-14
"anzg_metsulfuron_methyl_fresh",5,"lgumbel",500,6.57311784074318e-16,4.06831230716931e-15,1.9372938195457e-14,5.45303816908029e-14,7.86714864995822e-14
"anzg_metsulfuron_methyl_fresh",5,"llogis",500,4.06339522145167e-16,2.68974665589362e-15,1.4474596420507e-14,4.41919030896101e-14,6.87094865046451e-14
"anzg_metsulfuron_methyl_fresh",5,"lnorm",500,4.63257192846468e-16,3.22987448302182e-15,1.61892709176475e-14,4.89605149218672e-14,7.91561021248357e-14
"anzg_metsulfuron_methyl_fresh",5,"lnorm_lnorm",500,0.999999999999665,0.999999999999763,0.999999999999918,0.999999999999984,0.999999999999998
"anzg_metsulfuron_methyl_fresh",5,"weibull",500,2.52033136468926e-16,1.9676962939015e-15,1.09661047120266e-14,4.25160687909394e-14,7.69859633121602e-14
"anzg_metsulfuron_methyl_fresh",6,"gamma",500,0.0135083370527454,0.0304921452037145,0.0910508239454225,0.185139411315558,0.303534001190959
"anzg_metsulfuron_methyl_fresh",6,"lgumbel",500,0.0961398364416408,0.186211330284489,0.31639961904335,0.475325468045812,0.596626212902528
"anzg_metsulfuron_methyl_fresh",6,"llogis",500,0.141085618721659,0.16563994667426,0.182490888736056,0.205692833829193,0.228476843079814
"anzg_metsulfuron_methyl_fresh",6,"lnorm",500,0.129754180887126,0.180610847005297,0.219985295152079,0.242869811199698,0.257275549789043
"anzg_metsulfuron_methyl_fresh",6,"lnorm_lnorm",500,0,0,0,0,0
"anzg_metsulfuron_methyl_fresh",6,"weibull",500,0.044220823107016,0.0796255549902884,0.142094041507939,0.205006915686249,0.257547767586442
"anzg_metsulfuron_methyl_fresh",7,"gamma",500,0.00596516106823512,0.0148184263030314,0.0509663775766753,0.16376120391853,0.285281111157433
"anzg_metsulfuron_methyl_fresh",7,"lgumbel",500,0.102922889721397,0.209500387393655,0.358869928940159,0.514271564170298,0.636663918165372
"anzg_metsulfuron_methyl_fresh",7,"llogis",500,0.137282873530814,0.158849792974662,0.182690549954937,0.211450032452134,0.241800185843639
"anzg_metsulfuron_methyl_fresh",7,"lnorm",500,0.125606112270496,0.175045035049456,0.222062501600723,0.248173461804199,0.26558612394624
"anzg_metsulfuron_methyl_fresh",7,"lnorm_lnorm",500,7.03994770679276e-15,1.17760593714241e-14,3.29228429862087e-14,9.99853061020465e-14,5.08010557201781e-13
"anzg_metsulfuron_methyl_fresh",7,"weibull",500,0.0299915605364927,0.0582108216135049,0.120054493682152,0.194792326947185,0.254836207224313
"anzg_metsulfuron_methyl_fresh",8,"gamma",500,0.00229556719357556,0.00720348166823193,0.0324313261953631,0.117930582011036,0.247707056149317
"anzg_metsulfuron_methyl_fresh",8,"lgumbel",500,0.116361210261395,0.233579780083504,0.390963532920858,0.571403899697819,0.686999848911545
"anzg_metsulfuron_methyl_fresh",8,"llogis",500,0.133103160147797,0.158766679429563,0.185812443150698,0.216849878835994,0.255218414921173
"anzg_metsulfuron_methyl_fresh",8,"lnorm",500,0.111779919878948,0.170221693868425,0.226589178248395,0.259605297960543,0.281080850973446
"anzg_metsulfuron_methyl_fresh",8,"lnorm_lnorm",500,1.90472830322645e-08,3.27972574806081e-08,7.80530828929037e-08,2.67933920563766e-07,1.27421820342257e-06
"anzg_metsulfuron_methyl_fresh",8,"weibull",500,0.0188437738327647,0.0428144131868024,0.102037079904814,0.180500119315396,0.242559659969125
"anzg_metsulfuron_methyl_fresh",10,"gamma",500,0.000236086916166848,0.00126046862417319,0.0111247610290253,0.0618269025572313,0.158561260029804
"anzg_metsulfuron_methyl_fresh",10,"lgumbel",500,0.143992012221198,0.269929222550318,0.463502590296335,0.636409427215415,0.777292050916266
"anzg_metsulfuron_methyl_fresh",10,"llogis",500,0.118645040549676,0.150434950558971,0.18027929119161,0.217877319062833,0.261040135067619
"anzg_metsulfuron_methyl_fresh",10,"lnorm",500,0.0713593566474968,0.139565107190319,0.226188442519685,0.273577677004879,0.298191650498104
"anzg_metsulfuron_methyl_fresh",10,"lnorm_lnorm",500,2.72329767566484e-05,4.85068848884979e-05,0.000121575821957821,0.000374743891108888,0.00183647806641218
"anzg_metsulfuron_methyl_fresh",10,"weibull",500,0.00571061726332075,0.0179440594065365,0.0670449451740399,0.156765028752138,0.228075631672399
"anzg_metsulfuron_methyl_fresh",16,"gamma",500,2.73376679745796e-07,4.98832612515073e-06,0.000149278795741288,0.00240187135064352,0.0207705425611837
"anzg_metsulfuron_methyl_fresh",16,"lgumbel",500,0.187632671774073,0.35971560619368,0.609078929283821,0.767281505389947,0.84676493613247
"anzg_metsulfuron_methyl_fresh",16,"llogis",500,0.0582855108762493,0.101952933117481,0.154108680903558,0.209706618636207,0.272533816176356
"anzg_metsulfuron_methyl_fresh",16,"lnorm",500,0.0218437429753379,0.0607411062821699,0.161093211462004,0.282130233858832,0.346691982930001
"anzg_metsulfuron_methyl_fresh",16,"lnorm_lnorm",500,0.00231633803547566,0.0038074851836896,0.00894016871971244,0.0279449353808225,0.110207194711949
"anzg_metsulfuron_methyl_fresh",16,"weibull",500,0.000238118359500561,0.0016446451331771,0.0116665092966685,0.0475707620897936,0.135707686809592
"anzg_metsulfuron_methyl_fresh",26,"gamma",500,1.41192001419333e-12,3.11042281970483e-10,3.51468713357949e-08,4.39461697370962e-06,0.000262095992483869
"anzg_metsulfuron_methyl_fresh",26,"lgumbel",500,0.188067468025219,0.440460228039996,0.697985797624965,0.833591438207805,0.902561918498222
"anzg_metsulfuron_methyl_fresh",26,"llogis",500,0.0170610418975603,0.0372991265317687,0.0879934111873036,0.166014061158092,0.237017454691857
"anzg_metsulfuron_methyl_fresh",26,"lnorm",500,0.00252903734778171,0.0141630623170632,0.064407780931769,0.206750490050021,0.350050747347139
"anzg_metsulfuron_methyl_fresh",26,"lnorm_lnorm",500,0.0108889071788389,0.0166016608467713,0.0394793219375426,0.122437249205898,0.40304160566333
"anzg_metsulfuron_methyl_fresh",26,"weibull",500,8.24129070387789e-07,2.6827645878216e-05,0.000321951487581862,0.00567026109952425,0.0312669590127223
"anzg_nickel_marine",5,"gamma",500,5.5041553769113e-16,2.51390331062807e-15,1.22644438943171e-14,3.55104250551389e-14,7.02958128234683e-14
"anzg_nickel_marine",5,"lgumbel",500,9.35409127744722e-16,4.4385471392393e-15,2.04216440697001e-14,5.67291346215556e-14,7.98003172253679e-14
"anzg_nickel_marine",5,"llogis",500,5.32052080621835e-16,3.36727336947879e-15,1.68545147298589e-14,4.42500958999213e-14,6.77212116467051e-14
"anzg_nickel_marine",5,"lnorm",500,6.80460727110521e-16,4.19563924100538e-15,1.98225654486035e-14,5.05389126627933e-14,7.80738555006004e-14
"anzg_nickel_marine",5,"lnorm_lnorm",500,0.999999999999664,0.999999999999775,0.999999999999899,0.99999999999998,0.999999999999996
"anzg_nickel_marine",5,"weibull",500,6.8238342430521e-16,3.04140984363807e-15,1.44141336172925e-14,4.00348635722487e-14,7.24281517078359e-14
"anzg_nickel_marine",6,"gamma",500,0.023267503072979,0.0572609186533769,0.120602110420951,0.211416310970147,0.276846233033234
"anzg_nickel_marine",6,"lgumbel",500,0.103225946404764,0.173032743221747,0.282682690197347,0.409993950421714,0.540889539456111
"anzg_nickel_marine",6,"llogis",500,0.141495759471199,0.162738238802787,0.183544328544823,0.202886836769459,0.225076619045016
"anzg_nickel_marine",6,"lnorm",500,0.159351080987813,0.195252218920002,0.2249803156944,0.240209109179544,0.252485639354203
"anzg_nickel_marine",6,"lnorm_lnorm",500,0,0,0,0,0
"anzg_nickel_marine",6,"weibull",500,0.0575447594131436,0.10165471934317,0.154446379230098,0.216994520486101,0.266006616350873
"anzg_nickel_marine",7,"gamma",500,0.0119959459786187,0.0369087920707281,0.10833938006385,0.189359817665291,0.295530099660335
"anzg_nickel_marine",7,"lgumbel",500,0.0891077376299994,0.176690208615724,0.291886349577268,0.439458482273126,0.597817395009047
"anzg_nickel_marine",7,"llogis",500,0.138029439960783,0.156641854465657,0.179662607430833,0.204406582909411,0.232798804698526
"anzg_nickel_marine",7,"lnorm",500,0.141443504342915,0.185427052436195,0.230477395730475,0.25001234868669,0.260099659550149
"anzg_nickel_marine",7,"lnorm_lnorm",500,6.84162613954535e-15,1.15502679855567e-14,2.72666008435919e-14,9.61912171224838e-14,5.11667940590943e-13
"anzg_nickel_marine",7,"weibull",500,0.03550285041778,0.0832682428201771,0.149541158987509,0.207656414071512,0.27933267246756
"anzg_nickel_marine",8,"gamma",500,0.00462980895632083,0.0223969345752277,0.0744746580226845,0.167907004565898,0.263339269194997
"anzg_nickel_marine",8,"lgumbel",500,0.0993659914862058,0.192679064792544,0.323466010382177,0.48678708281213,0.635800879426352
"anzg_nickel_marine",8,"llogis",500,0.137218399026315,0.157721796945301,0.18062938259838,0.212807232009009,0.240376069275975
"anzg_nickel_marine",8,"lnorm",500,0.127288691236694,0.191044787120042,0.235407519905098,0.258522477746952,0.27329427054887
"anzg_nickel_marine",8,"lnorm_lnorm",500,1.78143559036929e-08,2.89287723878408e-08,7.61779829504841e-08,2.56703067710498e-07,1.24259233362684e-06
"anzg_nickel_marine",8,"weibull",500,0.0250433805702037,0.0648981730863642,0.127671409016175,0.198931278248867,0.260502444930269
"anzg_nickel_marine",10,"gamma",500,0.00114308199142938,0.00750065872345517,0.0363197874439395,0.119800464873136,0.228502813300083
"anzg_nickel_marine",10,"lgumbel",500,0.116672202368506,0.215535049728803,0.373606925439946,0.542889703698514,0.690644441061277
"anzg_nickel_marine",10,"llogis",500,0.130675013616419,0.152842149602524,0.184506194267679,0.223018123431766,0.271264480562327
"anzg_nickel_marine",10,"lnorm",500,0.116889593722888,0.175763884757853,0.244162378070453,0.277007252232726,0.296776472624921
"anzg_nickel_marine",10,"lnorm_lnorm",500,2.75008060193139e-05,4.57163304121838e-05,0.00010223235883992,0.000305553895711652,0.00142612446829181
"anzg_nickel_marine",10,"weibull",500,0.0119552626671875,0.0396987617691155,0.0906720807101281,0.175220691753851,0.248507044030369
"anzg_nickel_marine",16,"gamma",500,6.37443546254967e-06,0.000223181779789942,0.00233470950517713,0.0187141100690129,0.0902399668166527
"anzg_nickel_marine",16,"lgumbel",500,0.130174869603181,0.260293970298247,0.480793268704478,0.663836519493997,0.780614998332825
"anzg_nickel_marine",16,"llogis",500,0.0842091284891496,0.122648589194124,0.170165338841372,0.238569414577681,0.312036395811067
"anzg_nickel_marine",16,"lnorm",500,0.0453345716817327,0.122233841504735,0.219301026110854,0.311804571981093,0.35732947261105
"anzg_nickel_marine",16,"lnorm_lnorm",500,0.00216657623253802,0.00353388133768663,0.0073468385134119,0.0274762961702212,0.1032384763747
"anzg_nickel_marine",16,"weibull",500,0.000829973514227378,0.00620220867242487,0.0262650220385273,0.0804342414051696,0.177335963619183
"anzg_nickel_marine",26,"gamma",500,1.17576942230635e-09,3.00638571976472e-07,2.30209677486801e-05,0.000649863358523716,0.00583716972986723
"anzg_nickel_marine",26,"lgumbel",500,0.130064049795125,0.302157917112808,0.565513370016361,0.75118430241034,0.851729534394624
"anzg_nickel_marine",26,"llogis",500,0.0357268868650083,0.0722321964303905,0.125272925521457,0.218631125682212,0.312215102540747
"anzg_nickel_marine",26,"lnorm",500,0.0148973852743757,0.0581210651069107,0.160760147626435,0.298515795083308,0.415988073786991
"anzg_nickel_marine",26,"lnorm_lnorm",500,0.00963046894224374,0.0160028554386352,0.0359822637450228,0.094788114591011,0.306962945378423
"anzg_nickel_marine",26,"weibull",500,2.46217900429416e-05,0.000327053245364441,0.00312145700249488,0.0166689296675882,0.0571434434323342
"anzg_nitrate_hard_fresh",5,"gamma",500,4.05189132107384e-16,2.27524798411108e-15,9.54190214741976e-15,3.60058979392942e-14,7.40422324374728e-14
"anzg_nitrate_hard_fresh",5,"lgumbel",500,8.67928938028697e-16,4.61879518937389e-15,2.08288634003177e-14,5.297634254029e-14,7.9904034517688e-14
"anzg_nitrate_hard_fresh",5,"llogis",500,5.81504606550506e-16,3.24126011010937e-15,1.34441765373562e-14,4.24443289165642e-14,6.92011179582459e-14
"anzg_nitrate_hard_fresh",5,"lnorm",500,7.30964799345975e-16,3.85755081553364e-15,1.52958424471721e-14,4.68822287876249e-14,7.99074282856284e-14
"anzg_nitrate_hard_fresh",5,"lnorm_lnorm",500,0.999999999999654,0.999999999999772,0.999999999999925,0.99999999999998,0.999999999999996
"anzg_nitrate_hard_fresh",5,"weibull",500,4.70073546257288e-16,2.70719362546497e-15,1.02269545085056e-14,3.78916730798151e-14,7.59187371235499e-14
"anzg_nitrate_hard_fresh",6,"gamma",500,0.0326076572891552,0.069868431865803,0.147568182730982,0.213931503239028,0.248204004953765
"anzg_nitrate_hard_fresh",6,"lgumbel",500,0.114500742596918,0.184376730069343,0.286022996792882,0.414306848102063,0.550022187066523
"anzg_nitrate_hard_fresh",6,"llogis",500,0.149219148142909,0.16119306597283,0.178713955646659,0.199498698818029,0.223481455077707
"anzg_nitrate_hard_fresh",6,"lnorm",500,0.153613812983103,0.196617877595288,0.219566862410944,0.232217546089372,0.242219546349207
"anzg_nitrate_hard_fresh",6,"lnorm_lnorm",500,0,0,0,0,0
"anzg_nitrate_hard_fresh",6,"weibull",500,0.050075574328824,0.0863393269129027,0.144927625932354,0.207177973079667,0.262783581435899
"anzg_nitrate_hard_fresh",7,"gamma",500,0.0193450441271567,0.0503220576352025,0.127230714355487,0.1935691942844,0.247780379888515
"anzg_nitrate_hard_fresh",7,"lgumbel",500,0.113033796034801,0.198209619328596,0.316149432613703,0.458094127897583,0.613452989546352
"anzg_nitrate_hard_fresh",7,"llogis",500,0.144787884781673,0.157156126050781,0.17921831328057,0.201639308931226,0.230542360370476
"anzg_nitrate_hard_fresh",7,"lnorm",500,0.143419466943593,0.195755350763669,0.225081557111663,0.239232941543523,0.250384359726966
"anzg_nitrate_hard_fresh",7,"lnorm_lnorm",500,6.57406183631266e-15,1.09747866525224e-14,2.76735856594049e-14,8.94809442325322e-14,5.37448645021814e-13
"anzg_nitrate_hard_fresh",7,"weibull",500,0.0325575562300101,0.0718109283002067,0.128433734424896,0.188070061157442,0.251067514354578
"anzg_nitrate_hard_fresh",8,"gamma",500,0.00820923383487994,0.0336613066436227,0.105605248352715,0.18331572363131,0.252847357001424
"anzg_nitrate_hard_fresh",8,"lgumbel",500,0.113159668846181,0.203667887283954,0.347719701702353,0.513774882891086,0.670805549142856
"anzg_nitrate_hard_fresh",8,"llogis",500,0.135637964826985,0.156033188664551,0.175308766444277,0.208485046943706,0.239725325274849
"anzg_nitrate_hard_fresh",8,"lnorm",500,0.124348690770908,0.185344090370688,0.228263625555238,0.244748552418496,0.259369571386139
"anzg_nitrate_hard_fresh",8,"lnorm_lnorm",500,1.77806825080845e-08,3.0857412477694e-08,7.55724387091551e-08,2.65057049883936e-07,1.11304368801703e-06
"anzg_nitrate_hard_fresh",8,"weibull",500,0.0190219371939171,0.0529698432935081,0.106232349610493,0.178965762554896,0.246351905882716
"anzg_nitrate_hard_fresh",10,"gamma",500,0.00316548762936466,0.0146451819617008,0.0610798577847898,0.162851007076686,0.246627695637523
"anzg_nitrate_hard_fresh",10,"lgumbel",500,0.108095808128334,0.21807147032422,0.396342125072899,0.581934250442471,0.723561097990392
"anzg_nitrate_hard_fresh",10,"llogis",500,0.125238465550096,0.146967302048268,0.172623887617825,0.211605216227185,0.255709488227035
"anzg_nitrate_hard_fresh",10,"lnorm",500,0.102037244045189,0.16668581361555,0.226983135396478,0.260998014031009,0.277281030400583
"anzg_nitrate_hard_fresh",10,"lnorm_lnorm",500,2.59541941867237e-05,4.09034027107776e-05,0.000101881645000241,0.000375400983222024,0.00145927195188973
"anzg_nitrate_hard_fresh",10,"weibull",500,0.0109692777040613,0.0290615784947443,0.0796624535967813,0.153244513469122,0.239854746018538
"anzg_nitrate_hard_fresh",16,"gamma",500,3.61579754431083e-05,0.000563466469482471,0.00922915848711215,0.0593663198622474,0.145488799184851
"anzg_nitrate_hard_fresh",16,"lgumbel",500,0.133974001024532,0.276595008030438,0.517727682351188,0.698971529975647,0.817652446191655
"anzg_nitrate_hard_fresh",16,"llogis",500,0.0721462241088091,0.106168594544195,0.15907180443301,0.211410032460895,0.278010913272936
"anzg_nitrate_hard_fresh",16,"lnorm",500,0.0399065392673786,0.0909728725509646,0.197803840591602,0.290349984586715,0.329838871474337
"anzg_nitrate_hard_fresh",16,"lnorm_lnorm",500,0.00217445751519258,0.00337069668015588,0.00838731722988538,0.0342536965917184,0.154616692593614
"anzg_nitrate_hard_fresh",16,"weibull",500,0.000803211846814561,0.00320507723782306,0.020320918631629,0.072436272976197,0.145870094737809
"anzg_nitrate_hard_fresh",26,"gamma",500,2.3973049191103e-08,3.25834135514839e-06,0.000215036010634567,0.00415764011164185,0.0332548247859236
"anzg_nitrate_hard_fresh",26,"lgumbel",500,0.144644687033326,0.337760744857743,0.620880345066098,0.790942662230748,0.876842801019084
"anzg_nitrate_hard_fresh",26,"llogis",500,0.0232615311520706,0.0483955204914859,0.107867203877561,0.183536086619676,0.27318597509071
"anzg_nitrate_hard_fresh",26,"lnorm",500,0.00775092624786617,0.0291573035381015,0.101935771904922,0.24408370892688,0.380427998724771
"anzg_nitrate_hard_fresh",26,"lnorm_lnorm",500,0.00999549153019978,0.0162105816273908,0.0385315490433546,0.129561244038483,0.412549333864999
"anzg_nitrate_hard_fresh",26,"weibull",500,9.9410397892656e-06,9.03468695685277e-05,0.00125736608384449,0.0109819330010376,0.0382440266708532
"anzg_nitrate_moderate_fresh",5,"gamma",500,6.12314836872261e-16,3.55534757665054e-15,1.60497362469474e-14,4.95817523667988e-14,8.21272711638726e-14
"anzg_nitrate_moderate_fresh",5,"lgumbel",500,9.07565769193888e-16,5.44032379261355e-15,2.1573853709833e-14,5.92552220800087e-14,8.16517699755161e-14
"anzg_nitrate_moderate_fresh",5,"llogis",500,5.91425996053163e-16,4.49242393652164e-15,1.80008000162277e-14,5.03129488576701e-14,7.63358984115064e-14
"anzg_nitrate_moderate_fresh",5,"lnorm",500,7.98587513909611e-16,5.26775123655459e-15,2.12529475251603e-14,5.80129303263716e-14,8.53039275709278e-14
"anzg_nitrate_moderate_fresh",5,"lnorm_lnorm",500,0.999999999999621,0.999999999999733,0.999999999999895,0.999999999999974,0.999999999999996
"anzg_nitrate_moderate_fresh",5,"weibull",500,6.65761032317315e-16,3.37871627698055e-15,1.60575699546896e-14,4.89690340424209e-14,7.85025072107507e-14
"anzg_nitrate_moderate_fresh",6,"gamma",500,0.0493769815286594,0.105263301015716,0.171294933223008,0.222737000832304,0.248130746238617
"anzg_nitrate_moderate_fresh",6,"lgumbel",500,0.105532389482245,0.16357334429712,0.25462536610205,0.383250786428285,0.507272625683167
"anzg_nitrate_moderate_fresh",6,"llogis",500,0.150197019742535,0.160738304880135,0.175444499165326,0.195288748278788,0.218733027393486
"anzg_nitrate_moderate_fresh",6,"lnorm",500,0.16284887206532,0.197426223804888,0.219641318331243,0.229304644737599,0.23714389959682
"anzg_nitrate_moderate_fresh",6,"lnorm_lnorm",500,0,0,0,0,0
"anzg_nitrate_moderate_fresh",6,"weibull",500,0.0565749291131735,0.0975368684547979,0.152534122082674,0.214046725443525,0.272848704085345
"anzg_nitrate_moderate_fresh",7,"gamma",500,0.0380914212889592,0.0907279470345606,0.155409520921906,0.222306799128606,0.255478133676417
"anzg_nitrate_moderate_fresh",7,"lgumbel",500,0.0946450697645783,0.160603882377008,0.281369151590251,0.405658627594258,0.55427180530797
"anzg_nitrate_moderate_fresh",7,"llogis",500,0.145948062245531,0.159010551120412,0.17529403478835,0.198356941219588,0.225450479530121
"anzg_nitrate_moderate_fresh",7,"lnorm",500,0.155458638289795,0.196593610433314,0.223891819453631,0.235519103252085,0.245380670273886
"anzg_nitrate_moderate_fresh",7,"lnorm_lnorm",500,6.24751372345668e-15,9.06388556517087e-15,2.42284409810364e-14,7.95528664705375e-14,4.58291534887197e-13
"anzg_nitrate_moderate_fresh",7,"weibull",500,0.044489910714219,0.0827600013735133,0.139019995369552,0.21291601472231,0.288205802475909
"anzg_nitrate_moderate_fresh",8,"gamma",500,0.0237836043055621,0.0673576108890298,0.140923332763634,0.218498733379744,0.258890198103858
"anzg_nitrate_moderate_fresh",8,"lgumbel",500,0.0898253430945538,0.162926549710516,0.296101727745453,0.441581520644378,0.607113525169489
"anzg_nitrate_moderate_fresh",8,"llogis",500,0.138592480282926,0.155897492654605,0.176636723502875,0.20132107563699,0.23192175809964
"anzg_nitrate_moderate_fresh",8,"lnorm",500,0.144858804556104,0.194600840146507,0.226169116688913,0.242704128026271,0.255104107736943
"anzg_nitrate_moderate_fresh",8,"lnorm_lnorm",500,1.62375676595119e-08,2.52662826096441e-08,6.2423905711639e-08,2.01658393778104e-07,1.32872800371677e-06
"anzg_nitrate_moderate_fresh",8,"weibull",500,0.029758309309391,0.0678979962761843,0.124128829870969,0.205301984101356,0.277916527003698
"anzg_nitrate_moderate_fresh",10,"gamma",500,0.00901311227086048,0.0339464582207287,0.11380227701613,0.200871411055305,0.260095614002584
"anzg_nitrate_moderate_fresh",10,"lgumbel",500,0.0946913388638412,0.177762092080685,0.324801559253244,0.522960126332986,0.671125855536663
"anzg_nitrate_moderate_fresh",10,"llogis",500,0.129371625469834,0.146913435233931,0.173866335789516,0.208562477756951,0.251146996341548
"anzg_nitrate_moderate_fresh",10,"lnorm",500,0.120871776704728,0.182093068405096,0.233946922980006,0.257779503215136,0.271988413608039
"anzg_nitrate_moderate_fresh",10,"lnorm_lnorm",500,2.42371684755372e-05,4.00251755970501e-05,9.31168697018456e-05,0.000367429758732997,0.00173322929683817
"anzg_nitrate_moderate_fresh",10,"weibull",500,0.0148633280316337,0.0388885302803426,0.0972482484216353,0.171485133199024,0.254943666943291
"anzg_nitrate_moderate_fresh",16,"gamma",500,0.000570839792575741,0.00506070179083928,0.0376296725918005,0.124040934714822,0.208363745727882
"anzg_nitrate_moderate_fresh",16,"lgumbel",500,0.101522099530206,0.226585671220996,0.438810400584916,0.639696602562523,0.784955033132065
"anzg_nitrate_moderate_fresh",16,"llogis",500,0.0868677486929871,0.12087856076871,0.164242160506295,0.214522831137624,0.277827627216506
"anzg_nitrate_moderate_fresh",16,"lnorm",500,0.0624297407348828,0.135657684457168,0.231912091077899,0.293859761006565,0.318593260658751
"anzg_nitrate_moderate_fresh",16,"lnorm_lnorm",500,0.00201186102998108,0.00315574707697573,0.00655852576174356,0.0292812648230383,0.0994677507048649
"anzg_nitrate_moderate_fresh",16,"weibull",500,0.00151401942996289,0.00700749755508711,0.0323710368002409,0.0911964107479165,0.170501008757219
"anzg_nitrate_moderate_fresh",26,"gamma",500,1.09534359413888e-06,0.000104872342413108,0.00269852544001913,0.0313217799189269,0.0979046334016271
"anzg_nitrate_moderate_fresh",26,"lgumbel",500,0.122296793820125,0.308823061388657,0.556714101591386,0.745045056647491,0.862433698893208
"anzg_nitrate_moderate_fresh",26,"llogis",500,0.0362865094909871,0.0730624913413158,0.124665596669979,0.187324996070221,0.267735379321253
"anzg_nitrate_moderate_fresh",26,"lnorm",500,0.0149777056814631,0.0690411616039352,0.160904854996526,0.301855046841857,0.383025079776477
"anzg_nitrate_moderate_fresh",26,"lnorm_lnorm",500,0.0093405689773317,0.0143585144715019,0.0291723008201861,0.0912798841621134,0.274549420619453
"anzg_nitrate_moderate_fresh",26,"weibull",500,1.73204453099412e-05,0.000401534583320883,0.00315218449813915,0.0244159634571915,0.0682870359485849
"anzg_nitrate_soft_fresh",5,"gamma",500,4.60072615100224e-16,2.16731836704141e-15,9.92335741147852e-15,3.62277827768786e-14,7.6161000416122e-14
"anzg_nitrate_soft_fresh",5,"lgumbel",500,1.07602703533495e-15,5.22768788131727e-15,2.09551787773784e-14,5.22170326131866e-14,7.52038292532447e-14
"anzg_nitrate_soft_fresh",5,"llogis",500,6.2289018773358e-16,3.96111742848226e-15,1.41169032401069e-14,4.03210715040195e-14,6.66603994326324e-14
"anzg_nitrate_soft_fresh",5,"lnorm",500,8.10092970473205e-16,4.44653918109407e-15,1.71606856234488e-14,4.55562190262538e-14,7.60009216897439e-14
"anzg_nitrate_soft_fresh",5,"lnorm_lnorm",500,0.999999999999657,0.999999999999788,0.999999999999919,0.999999999999979,0.999999999999996
"anzg_nitrate_soft_fresh",5,"weibull",500,6.02461896261622e-16,2.79674136445099e-15,1.18004952673569e-14,3.63869726546089e-14,7.58105990329142e-14
"anzg_nitrate_soft_fresh",6,"gamma",500,0.0314540628639069,0.0736540701016446,0.140491188236928,0.212700852501819,0.258523817260639
"anzg_nitrate_soft_fresh",6,"lgumbel",500,0.104203521929446,0.185556267522572,0.287928120960903,0.411599171763804,0.528800880771936
"anzg_nitrate_soft_fresh",6,"llogis",500,0.151222817560345,0.162148333362398,0.180993515456681,0.201316653032871,0.219303505231918
"anzg_nitrate_soft_fresh",6,"lnorm",500,0.16589208838208,0.19846536432982,0.222222494419683,0.23451431406213,0.244099510677995
"anzg_nitrate_soft_fresh",6,"lnorm_lnorm",500,0,0,0,0,0
"anzg_nitrate_soft_fresh",6,"weibull",500,0.0557581457638942,0.0971341904652241,0.145430174544306,0.206695262397451,0.270631148695413
"anzg_nitrate_soft_fresh",7,"gamma",500,0.0151752474041852,0.0549824055998354,0.117046094479579,0.200452268892537,0.260041673163098
"anzg_nitrate_soft_fresh",7,"lgumbel",500,0.106135162434501,0.186935549488234,0.309203189528109,0.440764634298156,0.589142787009635
"anzg_nitrate_soft_fresh",7,"llogis",500,0.143858493762961,0.160827528753366,0.180106811000964,0.202675211543121,0.227331432264788
"anzg_nitrate_soft_fresh",7,"lnorm",500,0.152769098030648,0.194697281490249,0.225908340245387,0.242163210622344,0.253341603319344
"anzg_nitrate_soft_fresh",7,"lnorm_lnorm",500,6.93963093278768e-15,1.05004804212029e-14,2.95842421847471e-14,1.17289972395309e-13,4.66008498863789e-13
"anzg_nitrate_soft_fresh",7,"weibull",500,0.0403484839461244,0.0781154316730429,0.132290673218026,0.201775868803786,0.266303085943433
"anzg_nitrate_soft_fresh",8,"gamma",500,0.00623062189177901,0.0347526899927567,0.0940412300499187,0.187623589536423,0.260158049538411
"anzg_nitrate_soft_fresh",8,"lgumbel",500,0.103118368037645,0.19088055761723,0.3308318474566,0.497448657005027,0.641940027820179
"anzg_nitrate_soft_fresh",8,"llogis",500,0.142760923057851,0.157207936751985,0.18022498434342,0.20759554656781,0.241790312688979
"anzg_nitrate_soft_fresh",8,"lnorm",500,0.141877372218167,0.190967693002717,0.230750554279852,0.249691805571796,0.26529206067811
"anzg_nitrate_soft_fresh",8,"lnorm_lnorm",500,1.71713456758128e-08,2.86205308510207e-08,6.37014664062976e-08,2.38179143530526e-07,1.10845111107078e-06
"anzg_nitrate_soft_fresh",8,"weibull",500,0.0242274643523168,0.0593343630778008,0.113162355482715,0.183746958919724,0.264648212739099
"anzg_nitrate_soft_fresh",10,"gamma",500,0.00209942762758106,0.0112506199920867,0.0571391663944925,0.157637520478722,0.24380151762033
"anzg_nitrate_soft_fresh",10,"lgumbel",500,0.104344858904859,0.212389726227665,0.373330657732016,0.581772896318116,0.725887355377099
"anzg_nitrate_soft_fresh",10,"llogis",500,0.128153126217671,0.148789025624478,0.175868565616402,0.213056234986257,0.250100992776804
"anzg_nitrate_soft_fresh",10,"lnorm",500,0.100741511698695,0.161006818268552,0.230957605524698,0.263760598336064,0.280906945414706
"anzg_nitrate_soft_fresh",10,"lnorm_lnorm",500,2.703881871464e-05,4.2055887473587e-05,0.000104670981141421,0.000384164433264791,0.00178496592674257
"anzg_nitrate_soft_fresh",10,"weibull",500,0.00988615919086045,0.0263168693467636,0.084176371869038,0.16780630038936,0.240811178434146
"anzg_nitrate_soft_fresh",16,"gamma",500,1.1094913176792e-05,0.000445809370128762,0.0121238534880503,0.0658585614092731,0.169214107550001
"anzg_nitrate_soft_fresh",16,"lgumbel",500,0.105962662113804,0.252199599134491,0.478726375260789,0.672301062578226,0.8093459376161
"anzg_nitrate_soft_fresh",16,"llogis",500,0.0801893987378257,0.118964075641269,0.1610772618591,0.216638257884107,0.277894494245875
"anzg_nitrate_soft_fresh",16,"lnorm",500,0.0400138603986251,0.110810053369417,0.215273035331164,0.293208744239396,0.330611151910154
"anzg_nitrate_soft_fresh",16,"lnorm_lnorm",500,0.00212302033519169,0.00347798791130959,0.00758252150181513,0.0263128684113804,0.0966921335738083
"anzg_nitrate_soft_fresh",16,"weibull",500,0.00066822749116953,0.0040818636152467,0.0275887907514578,0.0872479374096697,0.18555130365722
"anzg_nitrate_soft_fresh",26,"gamma",500,1.07294879497027e-09,2.4905651979068e-07,6.95296812296467e-05,0.00553603132035575,0.0400373214139504
"anzg_nitrate_soft_fresh",26,"lgumbel",500,0.117330941981182,0.310032182329999,0.597305613651637,0.793039006033647,0.889779644694566
"anzg_nitrate_soft_fresh",26,"llogis",500,0.0252679392812537,0.0663728270021079,0.117854924411928,0.201387659222381,0.307514431767964
"anzg_nitrate_soft_fresh",26,"lnorm",500,0.00720591667117064,0.0321966432139585,0.120995097449746,0.292130658371967,0.39158451144113
"anzg_nitrate_soft_fresh",26,"lnorm_lnorm",500,0.00892704538954103,0.0140353000471872,0.0277336496751709,0.0751417144211977,0.294902945922483
"anzg_nitrate_soft_fresh",26,"weibull",500,3.83273041832669e-06,7.15523759548321e-05,0.00150631041574346,0.0187144595418424,0.0628888331311927
"anzg_paraquat_fresh",5,"gamma",500,2.789646760434e-16,3.10701147438439e-15,1.55104616237934e-14,4.70642968511589e-14,7.9741325238636e-14
"anzg_paraquat_fresh",5,"lgumbel",500,3.13198133316225e-16,2.86290506697637e-15,1.60143448376357e-14,4.61773011130031e-14,7.60376152262704e-14
"anzg_paraquat_fresh",5,"llogis",500,2.50723547749046e-16,2.822799794432e-15,1.49505511946279e-14,4.52345430106989e-14,7.01242800802109e-14
"anzg_paraquat_fresh",5,"lnorm",500,3.43583181088409e-16,3.23323487794933e-15,1.71153941908612e-14,5.21743541502001e-14,8.0690768025699e-14
"anzg_paraquat_fresh",5,"lnorm_lnorm",500,0.99999999999965,0.999999999999751,0.999999999999911,0.999999999999984,0.999999999999998
"anzg_paraquat_fresh",5,"weibull",500,2.99161624475511e-16,3.05672133271486e-15,1.62376151125224e-14,4.97534410957354e-14,8.12650170186492e-14
"anzg_paraquat_fresh",6,"gamma",500,0.0788849163711676,0.131329615872254,0.19641504715612,0.261019662932379,0.308917857013924
"anzg_paraquat_fresh",6,"lgumbel",500,0.0623554791893282,0.104856207453244,0.190720934794095,0.296675591218042,0.402733306496598
"anzg_paraquat_fresh",6,"llogis",500,0.135694158387074,0.152553362400552,0.170087710813917,0.193205575550441,0.217474429656697
"anzg_paraquat_fresh",6,"lnorm",500,0.154666566873392,0.189102508784969,0.218523902520577,0.233746909505295,0.243791735432545
"anzg_paraquat_fresh",6,"lnorm_lnorm",500,0,0,0,0,0
"anzg_paraquat_fresh",6,"weibull",500,0.0951303841871856,0.138807438878948,0.201014898773389,0.265871087121267,0.320032085742938
"anzg_paraquat_fresh",7,"gamma",500,0.0612548868576839,0.114721301588721,0.189491438932978,0.262756912794792,0.320396392112521
"anzg_paraquat_fresh",7,"lgumbel",500,0.0476198510008108,0.101439347825723,0.185569935060367,0.311339739648756,0.41691639544631
"anzg_paraquat_fresh",7,"llogis",500,0.132655468792514,0.149443264628604,0.171305115790897,0.201296472932116,0.234703461529618
"anzg_paraquat_fresh",7,"lnorm",500,0.141944882941019,0.190936504071996,0.226213772315589,0.24361757860869,0.25432463406651
"anzg_paraquat_fresh",7,"lnorm_lnorm",500,6.34253132128296e-15,8.86929288323078e-15,2.19062675386543e-14,7.19057377745338e-14,4.82108380865646e-13
"anzg_paraquat_fresh",7,"weibull",500,0.084160190836394,0.132068058817033,0.197608207768728,0.269230695642722,0.333411718977349
"anzg_paraquat_fresh",8,"gamma",500,0.0524460471102752,0.105940837749239,0.181665681653862,0.272098403499265,0.330926852179734
"anzg_paraquat_fresh",8,"lgumbel",500,0.0393581081410369,0.0895510812121206,0.176720036383164,0.308200915148737,0.429699994962449
"anzg_paraquat_fresh",8,"llogis",500,0.124476593508736,0.145285187610888,0.170511307299026,0.206572483455678,0.246496602795881
"anzg_paraquat_fresh",8,"lnorm",500,0.135328765908133,0.189488584016388,0.229092124441949,0.251297629661655,0.267041831973536
"anzg_paraquat_fresh",8,"lnorm_lnorm",500,1.65979104796218e-08,2.30761969992908e-08,5.80136905792423e-08,1.91244008339362e-07,1.28928856940215e-06
"anzg_paraquat_fresh",8,"weibull",500,0.0686491382731596,0.124950997049657,0.194710879340037,0.277859549383336,0.336950928171033
"anzg_paraquat_fresh",10,"gamma",500,0.0358581304292155,0.0806933908808466,0.177120964211069,0.27101279831572,0.338057568033057
"anzg_paraquat_fresh",10,"lgumbel",500,0.0314460659498193,0.0746153738401873,0.158328568024838,0.321309166874327,0.465026459196153
"anzg_paraquat_fresh",10,"llogis",500,0.121677168168132,0.142400791489009,0.175955748109657,0.214612176123347,0.262565822555774
"anzg_paraquat_fresh",10,"lnorm",500,0.140205703230728,0.1956312611144,0.240446679825967,0.266795764036249,0.284439521394166
"anzg_paraquat_fresh",10,"lnorm_lnorm",500,2.28279201939776e-05,3.2981781213127e-05,8.48614714025083e-05,0.000298482281392328,0.00147102803022969
"anzg_paraquat_fresh",10,"weibull",500,0.0535980719955611,0.10980790948476,0.198726211254157,0.275055385277448,0.333720138533184
"anzg_paraquat_fresh",16,"gamma",500,0.0111291377976578,0.0462043311600546,0.124119023315164,0.235579429106171,0.339596938458186
"anzg_paraquat_fresh",16,"lgumbel",500,0.0122168018203433,0.0365977726122144,0.10491642426606,0.255008738945896,0.422743682799713
"anzg_paraquat_fresh",16,"llogis",500,0.0923435072973878,0.13822049412255,0.194566856425505,0.264100505092726,0.326134236253598
"anzg_paraquat_fresh",16,"lnorm",500,0.127322299273545,0.20315118143397,0.281120095810003,0.325355139418509,0.351127411185756
"anzg_paraquat_fresh",16,"lnorm_lnorm",500,0.00158384266989298,0.00222444196522937,0.0049185510915985,0.0151993282335943,0.0617254443231036
"anzg_paraquat_fresh",16,"weibull",500,0.0302806484158959,0.0839602308632204,0.164589234104553,0.263853468298247,0.351756340649799
"anzg_paraquat_fresh",26,"gamma",500,0.00163197781052251,0.0118590226802898,0.0582415205609371,0.168148253643792,0.307800658718639
"anzg_paraquat_fresh",26,"lgumbel",500,0.00297176501214951,0.0134776582377757,0.055852456132516,0.17106549463059,0.382832206348995
"anzg_paraquat_fresh",26,"llogis",500,0.0674020274004775,0.12285699465589,0.201893721468742,0.305267407396076,0.392492435938013
"anzg_paraquat_fresh",26,"lnorm",500,0.108333106864203,0.214256568232634,0.342021113852759,0.411229078349443,0.447464448147692
"anzg_paraquat_fresh",26,"lnorm_lnorm",500,0.00725047898883624,0.0107216267172973,0.0237557670546793,0.0604866605933903,0.223495470237089
"anzg_paraquat_fresh",26,"weibull",500,0.00908333877024569,0.0376306346908476,0.118649145536695,0.239989316310288,0.348655682791405
"anzg_perfluorooctane_sulfonate_pfos_fresh",5,"gamma",500,9.32295972772495e-16,5.42496368451081e-15,2.763201371385e-14,6.85216788906826e-14,9.52303604949295e-14
"anzg_perfluorooctane_sulfonate_pfos_fresh",5,"lgumbel",500,5.13933088337517e-16,3.71650661566072e-15,1.58275477624683e-14,4.43784716773995e-14,7.69798900290991e-14
"anzg_perfluorooctane_sulfonate_pfos_fresh",5,"llogis",500,6.63070473433637e-16,4.8797743865281e-15,2.06917125062842e-14,4.94275192287102e-14,7.3404078540777e-14
"anzg_perfluorooctane_sulfonate_pfos_fresh",5,"lnorm",500,7.60207911865709e-16,5.99325887843161e-15,2.27936391468679e-14,5.67110243027385e-14,8.1963197969522e-14
"anzg_perfluorooctane_sulfonate_pfos_fresh",5,"lnorm_lnorm",500,0.999999999999644,0.999999999999719,0.999999999999863,0.99999999999997,0.999999999999996
"anzg_perfluorooctane_sulfonate_pfos_fresh",5,"weibull",500,8.43383628407457e-16,5.68928128056839e-15,2.83772586532669e-14,6.61866137848171e-14,8.38176143200668e-14
"anzg_perfluorooctane_sulfonate_pfos_fresh",6,"gamma",500,0.08815063704219,0.152036922480768,0.246501271469007,0.365646580805902,0.492582780966408
"anzg_perfluorooctane_sulfonate_pfos_fresh",6,"lgumbel",500,0.0308331519046955,0.060321703003189,0.126511384909851,0.222729157869289,0.322577726864391
"anzg_perfluorooctane_sulfonate_pfos_fresh",6,"llogis",500,0.0972381480194839,0.129288297578922,0.160919748441296,0.189368124542794,0.217924581937404
"anzg_perfluorooctane_sulfonate_pfos_fresh",6,"lnorm",500,0.0951699277933026,0.145848119636847,0.201120677386684,0.234410041267002,0.25134096142006
"anzg_perfluorooctane_sulfonate_pfos_fresh",6,"lnorm_lnorm",500,0,0,0,0,0
"anzg_perfluorooctane_sulfonate_pfos_fresh",6,"weibull",500,0.130501023557361,0.187425305331606,0.235899276654123,0.27360172641628,0.302209346768733
"anzg_perfluorooctane_sulfonate_pfos_fresh",7,"gamma",500,0.0767328808267877,0.147930225115926,0.25894290723329,0.40000434724532,0.516404701324583
"anzg_perfluorooctane_sulfonate_pfos_fresh",7,"lgumbel",500,0.0182846240033082,0.0411106343534232,0.0991004571886075,0.197002472537358,0.296274446099858
"anzg_perfluorooctane_sulfonate_pfos_fresh",7,"llogis",500,0.0842710448136742,0.122429758249439,0.159204639818282,0.191244300290343,0.228977000848647
"anzg_perfluorooctane_sulfonate_pfos_fresh",7,"lnorm",500,0.0796352761959374,0.130042743152676,0.19646606319708,0.242788438345876,0.262122397354392
"anzg_perfluorooctane_sulfonate_pfos_fresh",7,"lnorm_lnorm",500,6.16951853108835e-15,7.96798063251118e-15,1.7389454817772e-14,5.80962259849e-14,3.05608728962624e-13
"anzg_perfluorooctane_sulfonate_pfos_fresh",7,"weibull",500,0.143967710165308,0.193853716846238,0.24580928333808,0.289192506439506,0.320790466529688
"anzg_perfluorooctane_sulfonate_pfos_fresh",8,"gamma",500,0.0694505545514088,0.135960550671196,0.259942405598686,0.406943644496557,0.551877089098701
"anzg_perfluorooctane_sulfonate_pfos_fresh",8,"lgumbel",500,0.0108496015175701,0.031894188635386,0.0860427085353566,0.188460926915326,0.299387678358367
"anzg_perfluorooctane_sulfonate_pfos_fresh",8,"llogis",500,0.0792077605331544,0.115156159223824,0.157727790561811,0.194046713714011,0.241433251099177
"anzg_perfluorooctane_sulfonate_pfos_fresh",8,"lnorm",500,0.0632074644063936,0.118644043250173,0.198894367892766,0.249148943377312,0.274457436241353
"anzg_perfluorooctane_sulfonate_pfos_fresh",8,"lnorm_lnorm",500,1.63699108789871e-08,2.24841362208563e-08,4.50680463093054e-08,1.50314940663492e-07,6.95657810384229e-07
"anzg_perfluorooctane_sulfonate_pfos_fresh",8,"weibull",500,0.134275573637155,0.194760204058734,0.254383875775313,0.300956311103696,0.328907020370472
"anzg_perfluorooctane_sulfonate_pfos_fresh",10,"gamma",500,0.055295231782207,0.13365187474306,0.270282975436281,0.422514741709868,0.58424795055753
"anzg_perfluorooctane_sulfonate_pfos_fresh",10,"lgumbel",500,0.00411490080941702,0.0163748098466391,0.0580421290048399,0.137427687007246,0.255199771855481
"anzg_perfluorooctane_sulfonate_pfos_fresh",10,"llogis",500,0.0577454945887519,0.103115923361549,0.150857939526911,0.203131871910392,0.254052633422527
"anzg_perfluorooctane_sulfonate_pfos_fresh",10,"lnorm",500,0.0407402617173245,0.110775254483533,0.183448412446946,0.259352682782741,0.29556472955948
"anzg_perfluorooctane_sulfonate_pfos_fresh",10,"lnorm_lnorm",500,2.26161586481353e-05,3.21927382607598e-05,6.60629620318853e-05,0.000221183378744825,0.000986584763529894
"anzg_perfluorooctane_sulfonate_pfos_fresh",10,"weibull",500,0.142179602596146,0.207570416159415,0.278036029970821,0.321463684858786,0.354770894183883
"anzg_perfluorooctane_sulfonate_pfos_fresh",16,"gamma",500,0.0190723164914261,0.08632587148593,0.255883747988262,0.491536665134526,0.654693718667016
"anzg_perfluorooctane_sulfonate_pfos_fresh",16,"lgumbel",500,0.000223375320363594,0.00178004930262628,0.011729375122521,0.0508171624214333,0.138286927663372
"anzg_perfluorooctane_sulfonate_pfos_fresh",16,"llogis",500,0.0271389717250354,0.0615369127613747,0.134540764034712,0.212980661745137,0.304265260073619
"anzg_perfluorooctane_sulfonate_pfos_fresh",16,"lnorm",500,0.0141166202703562,0.0465052009922769,0.13474553192379,0.267844214727643,0.343805251067597
"anzg_perfluorooctane_sulfonate_pfos_fresh",16,"lnorm_lnorm",500,0.00170283004371301,0.0024587194020999,0.00469033441934644,0.0141136521335035,0.0704748102683659
"anzg_perfluorooctane_sulfonate_pfos_fresh",16,"weibull",500,0.129318574031537,0.223423252077749,0.316212827278948,0.379252098936016,0.45284372868626
"anzg_perfluorooctane_sulfonate_pfos_fresh",26,"gamma",500,0.00571021429183105,0.0394132395647742,0.183116784048269,0.441868882506004,0.664697114394836
"anzg_perfluorooctane_sulfonate_pfos_fresh",26,"lgumbel",500,2.74962599762254e-06,4.11106461907505e-05,0.000930236463324878,0.00631853830170482,0.0344789171014775
"anzg_perfluorooctane_sulfonate_pfos_fresh",26,"llogis",500,0.00843889622406391,0.0302585132980797,0.0986075421982768,0.200987891343,0.326616229993802
"anzg_perfluorooctane_sulfonate_pfos_fresh",26,"lnorm",500,0.00262394030727956,0.0177005105540793,0.0931465884471464,0.211691040106759,0.366616491282081
"anzg_perfluorooctane_sulfonate_pfos_fresh",26,"lnorm_lnorm",500,0.00719783901876056,0.0103884606017773,0.0232166198356379,0.077000612265894,0.242658668270669
"anzg_perfluorooctane_sulfonate_pfos_fresh",26,"weibull",500,0.129592837325952,0.231571051515479,0.357408792752304,0.481932067557204,0.581141160161704
"anzg_picloram_fresh",5,"gamma",500,9.37933285437884e-16,4.35179923647218e-15,2.36566540344099e-14,6.26696401444518e-14,8.50163330688211e-14
"anzg_picloram_fresh",5,"lgumbel",500,5.82088834823243e-16,2.52373797127738e-15,1.39647926045985e-14,3.9379633863734e-14,8.02335714194341e-14
"anzg_picloram_fresh",5,"llogis",500,6.86496747272436e-16,3.28226873492882e-15,1.6556761058809e-14,4.66497991294627e-14,7.84702533215209e-14
"anzg_picloram_fresh",5,"lnorm",500,8.10626506919709e-16,3.94133854421712e-15,1.96660896288321e-14,5.31059489121076e-14,8.76318912249399e-14
"anzg_picloram_fresh",5,"lnorm_lnorm",500,0.999999999999621,0.999999999999732,0.999999999999895,0.99999999999998,0.999999999999995
"anzg_picloram_fresh",5,"weibull",500,8.80178931215148e-16,4.32405656594584e-15,2.3994188709703e-14,6.40768565256858e-14,8.47758743097747e-14
"anzg_picloram_fresh",6,"gamma",500,0.148395988489396,0.196761505668691,0.245599410099041,0.308570718385522,0.381437620246232
"anzg_picloram_fresh",6,"lgumbel",500,0.0333214516308863,0.0644370443291789,0.124912447328586,0.203044588192841,0.293988021996503
"anzg_picloram_fresh",6,"llogis",500,0.11421686486495,0.13834245380187,0.158002875680331,0.17695888222327,0.198838682023321
"anzg_picloram_fresh",6,"lnorm",500,0.10923202246923,0.15729211184125,0.204302378550614,0.224214363440291,0.236095270817072
"anzg_picloram_fresh",6,"lnorm_lnorm",500,0,0,0,0,0
"anzg_picloram_fresh",6,"weibull",500,0.140678076578077,0.193505584692751,0.250123055489772,0.308004112348543,0.356178692038614
"anzg_picloram_fresh",7,"gamma",500,0.128100874755487,0.193927691699399,0.25802258420526,0.3320871894806,0.409647184517464
"anzg_picloram_fresh",7,"lgumbel",500,0.0177868837448323,0.0488703564798541,0.110912898326124,0.187612346390686,0.300884760891894
"anzg_picloram_fresh",7,"llogis",500,0.100936998851999,0.126889781196045,0.153272505384705,0.180368039105927,0.21082864308757
"anzg_picloram_fresh",7,"lnorm",500,0.0826840037563352,0.142396210410056,0.200458807251958,0.230148204923,0.244667319779032
"anzg_picloram_fresh",7,"lnorm_lnorm",500,5.93474047895516e-15,8.78136664319551e-15,2.27023695208782e-14,8.81916987965793e-14,3.541312556693e-13
"anzg_picloram_fresh",7,"weibull",500,0.129458735506295,0.19433406568049,0.261480499072638,0.326766297336038,0.378882031146481
"anzg_picloram_fresh",8,"gamma",500,0.134058303663121,0.199813318394557,0.273224726641873,0.346690298621225,0.425693369627907
"anzg_picloram_fresh",8,"lgumbel",500,0.0110837747856322,0.0355861809624385,0.0864257304931866,0.176816237891702,0.28090969878856
"anzg_picloram_fresh",8,"llogis",500,0.0923296622939612,0.120808721440177,0.151172678515974,0.17980330891006,0.210343211860826
"anzg_picloram_fresh",8,"lnorm",500,0.0719687171777537,0.129676367734394,0.196468245131857,0.237551534350209,0.252900687843248
"anzg_picloram_fresh",8,"lnorm_lnorm",500,1.51985343697381e-08,2.39070409484342e-08,5.84581415955403e-08,2.38048371632089e-07,1.22025773915788e-06
"anzg_picloram_fresh",8,"weibull",500,0.135434840306629,0.201661620838311,0.27443895440167,0.334715418537598,0.398963779101054
"anzg_picloram_fresh",10,"gamma",500,0.121813482750574,0.208327204060381,0.29563781971659,0.375429679420133,0.47411734685832
"anzg_picloram_fresh",10,"lgumbel",500,0.00404122725818174,0.0162164281711649,0.0550930602657419,0.136309127850785,0.245201538918035
"anzg_picloram_fresh",10,"llogis",500,0.0717778177552231,0.10039763743017,0.139802169806726,0.176455921177036,0.207021246752212
"anzg_picloram_fresh",10,"lnorm",500,0.0466452531630491,0.105645451638036,0.182517229035329,0.239592514184647,0.270272081765932
"anzg_picloram_fresh",10,"lnorm_lnorm",500,2.34981701691037e-05,3.61621720921528e-05,9.48406693362476e-05,0.000363678919492525,0.0016128290074056
"anzg_picloram_fresh",10,"weibull",500,0.132800614654493,0.215576944925634,0.301428799637999,0.356176273712627,0.409604696673124
"anzg_picloram_fresh",16,"gamma",500,0.105207279082849,0.224325299310081,0.344721053839961,0.420873990070454,0.515170762770694
"anzg_picloram_fresh",16,"lgumbel",500,0.000227690003227001,0.00190639548212233,0.0102650547905838,0.0508649637353998,0.154038105316117
"anzg_picloram_fresh",16,"llogis",500,0.0326890964989703,0.059498789422178,0.103460628402631,0.161581355505901,0.222164929292289
"anzg_picloram_fresh",16,"lnorm",500,0.0148135382719925,0.0473086498167784,0.123036986493882,0.229141094029674,0.30960991128296
"anzg_picloram_fresh",16,"lnorm_lnorm",500,0.00153122329617247,0.00244255591991552,0.00621208333460362,0.019819528769521,0.109291839709025
"anzg_picloram_fresh",16,"weibull",500,0.130086218972206,0.235914705826201,0.343611474193067,0.39080410466186,0.419818154402659
"anzg_picloram_fresh",26,"gamma",500,0.129288980524041,0.254173253987868,0.385842977069323,0.470545822683591,0.542650015132438
"anzg_picloram_fresh",26,"lgumbel",500,1.0668477717853e-06,2.84785277521158e-05,0.000455555087751165,0.00627081011011345,0.0318024113027948
"anzg_picloram_fresh",26,"llogis",500,0.0100118503550559,0.0226049783271244,0.0546056160624777,0.127855133299712,0.201367652674107
"anzg_picloram_fresh",26,"lnorm",500,0.00201462463590862,0.0115009736558786,0.0455039577513718,0.174864819543656,0.316519631233125
"anzg_picloram_fresh",26,"lnorm_lnorm",500,0.00665884566643051,0.0100718581597719,0.0230439800312824,0.0799426473190435,0.247272792291658
"anzg_picloram_fresh",26,"weibull",500,0.14118450736181,0.276724983785396,0.375104920754436,0.424662298490092,0.449066173206862
"anzg_simazine_fresh",5,"gamma",500,5.20328857371149e-16,4.58447472316233e-15,1.82762258452695e-14,5.0291399559365e-14,7.7341485367705e-14
"anzg_simazine_fresh",5,"lgumbel",500,5.87038803568848e-16,5.11900825378575e-15,1.89159813937685e-14,4.99517320216078e-14,7.99082135148585e-14
"anzg_simazine_fresh",5,"llogis",500,5.00668018650319e-16,4.51736894999421e-15,1.89441266815037e-14,4.84156337229811e-14,7.02059502031401e-14
"anzg_simazine_fresh",5,"lnorm",500,6.39000192969389e-16,5.82867734667977e-15,2.13836587904197e-14,5.52714397889028e-14,8.09896810580543e-14
"anzg_simazine_fresh",5,"lnorm_lnorm",500,0.999999999999649,0.999999999999739,0.999999999999891,0.999999999999973,0.999999999999997
"anzg_simazine_fresh",5,"weibull",500,5.61681314256805e-16,4.72623622624156e-15,1.97062139790867e-14,5.25661668018826e-14,7.93997443106569e-14
"anzg_simazine_fresh",6,"gamma",500,0.0786335569885954,0.12134342270705,0.195483287733859,0.252409900458896,0.296577234020502
"anzg_simazine_fresh",6,"lgumbel",500,0.0713722938245892,0.113651694008401,0.194990460379525,0.31374852376868,0.421325030631258
"anzg_simazine_fresh",6,"llogis",500,0.136868981598945,0.155856134098794,0.173308089117646,0.195603078877907,0.217915034378062
"anzg_simazine_fresh",6,"lnorm",500,0.152279413872543,0.190176755425458,0.220617750092245,0.233785099699092,0.243157175042193
"anzg_simazine_fresh",6,"lnorm_lnorm",500,0,0,0,0,0
"anzg_simazine_fresh",6,"weibull",500,0.0873202305319504,0.131810987332368,0.191443274778066,0.261356475845608,0.32391281580549
"anzg_simazine_fresh",7,"gamma",500,0.0589371681915666,0.103865976690353,0.185460212683932,0.25133136093034,0.296666835399308
"anzg_simazine_fresh",7,"lgumbel",500,0.0541776883836166,0.11525496780185,0.197569010083596,0.322407505620423,0.439923425401598
"anzg_simazine_fresh",7,"llogis",500,0.136967015412075,0.152579869638698,0.173475470237756,0.198928559728717,0.235821989038642
"anzg_simazine_fresh",7,"lnorm",500,0.146940106225646,0.195160763596762,0.22501991260205,0.242589848310246,0.254503462288179
"anzg_simazine_fresh",7,"lnorm_lnorm",500,6.26271829337706e-15,9.0908795568643e-15,2.0033064619169e-14,7.09477929674327e-14,4.15350987866199e-13
"anzg_simazine_fresh",7,"weibull",500,0.0748356141065575,0.123477184368492,0.183575039409568,0.256629329171112,0.322004593098746
"anzg_simazine_fresh",8,"gamma",500,0.0449071144936473,0.102295717805874,0.174252534336775,0.249422182645756,0.313851835845614
"anzg_simazine_fresh",8,"lgumbel",500,0.047759305975833,0.104750707989592,0.204475854368334,0.330736014596449,0.473440285551899
"anzg_simazine_fresh",8,"llogis",500,0.129130019961042,0.152021981006379,0.177048473172365,0.203532940448345,0.242020672487956
"anzg_simazine_fresh",8,"lnorm",500,0.146376506185068,0.192405454848012,0.232821948000192,0.250744146813686,0.265300649263065
"anzg_simazine_fresh",8,"lnorm_lnorm",500,1.56851276654496e-08,2.50247797085898e-08,5.67824195359737e-08,2.07614729996485e-07,1.03825304336017e-06
"anzg_simazine_fresh",8,"weibull",500,0.0612554594343298,0.110084921088275,0.183481268125393,0.250856206373992,0.33265194526683
"anzg_simazine_fresh",10,"gamma",500,0.0274971468704821,0.0646381885230488,0.155015714256059,0.245327356541302,0.325324293474405
"anzg_simazine_fresh",10,"lgumbel",500,0.0299944642509662,0.094360698106824,0.189220893564432,0.347800969046655,0.513828276552358
"anzg_simazine_fresh",10,"llogis",500,0.12585395633228,0.149175029523288,0.182324489139312,0.22111025738563,0.269632295039199
"anzg_simazine_fresh",10,"lnorm",500,0.131320201745209,0.197809147358828,0.245611714947396,0.270340369278755,0.28580903671963
"anzg_simazine_fresh",10,"lnorm_lnorm",500,2.20535042167485e-05,3.33177373565815e-05,7.1794396540204e-05,0.000239150340251599,0.000936216083198888
"anzg_simazine_fresh",10,"weibull",500,0.0463717438589576,0.091115255709272,0.170558861367177,0.250691084424569,0.337613466080865
"anzg_simazine_fresh",16,"gamma",500,0.00400731224644471,0.026808544660522,0.0937665302962832,0.197795384488404,0.319380753805793
"anzg_simazine_fresh",16,"lgumbel",500,0.0121662815959206,0.0581454515751358,0.166883617118402,0.358933795752511,0.564890087483629
"anzg_simazine_fresh",16,"llogis",500,0.0985807234184728,0.140560848204455,0.190223150156633,0.253794623750484,0.335962691652972
"anzg_simazine_fresh",16,"lnorm",500,0.109677986884542,0.195006965223967,0.277542283523261,0.321206125587608,0.346711119523268
"anzg_simazine_fresh",16,"lnorm_lnorm",500,0.00174564961285265,0.00240290296441853,0.00495649237245169,0.0139182883475327,0.0664891391539458
"anzg_simazine_fresh",16,"weibull",500,0.0129019805313101,0.0492230825273195,0.122451121450839,0.230613890282395,0.330826510613436
"anzg_simazine_fresh",26,"gamma",500,0.000303712889607119,0.0031549763391404,0.0308565678541005,0.129019808766689,0.269602195088473
"anzg_simazine_fresh",26,"lgumbel",500,0.00357020731670937,0.0212160086709356,0.104744866771478,0.304099766306763,0.568930240418948
"anzg_simazine_fresh",26,"llogis",500,0.081324067064965,0.1245317944111,0.209153652786244,0.304236732102473,0.41903496501996
"anzg_simazine_fresh",26,"lnorm",500,0.0920959197026077,0.198477119104534,0.310420013350412,0.406672621860139,0.443026522709602
"anzg_simazine_fresh",26,"lnorm_lnorm",500,0.00764958023297621,0.0108939389637272,0.0206085897915745,0.0566739016791067,0.179590515697055
"anzg_simazine_fresh",26,"weibull",500,0.00284132270218554,0.0127929025729908,0.068902589235097,0.185155049449774,0.314291637108892
"anzg_simazine_marine",5,"gamma",500,5.72390927537055e-16,2.9416426333419e-15,1.18312729892479e-14,3.80468869803448e-14,7.6948593362115e-14
"anzg_simazine_marine",5,"lgumbel",500,8.38106506177542e-16,5.41004546049457e-15,2.20210738696586e-14,5.41280305698702e-14,8.17655515243484e-14
"anzg_simazine_marine",5,"llogis",500,6.89931492931675e-16,4.81327009667989e-15,1.60859679182713e-14,4.2057005782402e-14,7.2530761502089e-14
"anzg_simazine_marine",5,"lnorm",500,8.03913178593919e-16,5.74809363824826e-15,1.87247494766888e-14,4.99356982189055e-14,8.23796049481095e-14
"anzg_simazine_marine",5,"lnorm_lnorm",500,0.999999999999641,0.999999999999772,0.999999999999905,0.99999999999997,0.999999999999996
"anzg_simazine_marine",5,"weibull",500,7.10468451676349e-16,3.78114597719395e-15,1.41356077900477e-14,4.24861642866049e-14,7.92713106278876e-14
"anzg_simazine_marine",6,"gamma",500,0.0253318440983802,0.0665961993843552,0.131574777688399,0.222654078749748,0.274338759331575
"anzg_simazine_marine",6,"lgumbel",500,0.10601934864662,0.165533846229126,0.269005510278998,0.403952048251984,0.532073197837934
"anzg_simazine_marine",6,"llogis",500,0.143169338047303,0.1605154448892,0.179028798991812,0.201657941684081,0.220684387980171
"anzg_simazine_marine",6,"lnorm",500,0.149206287981195,0.195931543455377,0.222451726866726,0.238611289476722,0.250069912622757
"anzg_simazine_marine",6,"lnorm_lnorm",500,0,0,0,0,0
"anzg_simazine_marine",6,"weibull",500,0.0559634417350663,0.101155450276306,0.157898497909441,0.224239723694222,0.272306537884287
"anzg_simazine_marine",7,"gamma",500,0.0126566005486576,0.042470198426357,0.116661957808702,0.20386821647062,0.270740692252276
"anzg_simazine_marine",7,"lgumbel",500,0.0988095350287632,0.165409466699256,0.277790520121953,0.448447450759869,0.588606944646005
"anzg_simazine_marine",7,"llogis",500,0.143405842674459,0.158776762096082,0.179151505746827,0.205654286040192,0.229963012794074
"anzg_simazine_marine",7,"lnorm",500,0.148402020174541,0.193423353394485,0.228747572619562,0.246502984114426,0.25937209028238
"anzg_simazine_marine",7,"lnorm_lnorm",500,6.47962364781596e-15,1.03857608492548e-14,2.60408654797235e-14,9.43695189707551e-14,4.82858288024959e-13
"anzg_simazine_marine",7,"weibull",500,0.0392968854447573,0.0851168158698549,0.147964095671194,0.215671017402035,0.267606701176121
"anzg_simazine_marine",8,"gamma",500,0.00617391534796097,0.0264698196659962,0.0866230739627422,0.185652053148242,0.269157400622085
"anzg_simazine_marine",8,"lgumbel",500,0.0890764012081848,0.165344404930923,0.31932060306838,0.481958363888376,0.62928717992264
"anzg_simazine_marine",8,"llogis",500,0.135766638291379,0.155380922032519,0.181528650415017,0.208422027929357,0.234467035269452
"anzg_simazine_marine",8,"lnorm",500,0.134889708945114,0.190728516639975,0.230697636866236,0.255011459390703,0.268537146638415
"anzg_simazine_marine",8,"lnorm_lnorm",500,1.75687360051515e-08,2.7391095951947e-08,6.4562042019532e-08,2.06374807110905e-07,9.39946561852587e-07
"anzg_simazine_marine",8,"weibull",500,0.0294936709666556,0.0689394991033059,0.126514820879056,0.210182222495049,0.269959204606703
"anzg_simazine_marine",10,"gamma",500,0.00173316175161794,0.0100555979756457,0.0514506950495301,0.152096436259668,0.251320419306373
"anzg_simazine_marine",10,"lgumbel",500,0.0999161435044726,0.1832442402294,0.375312566388659,0.54621127934137,0.697444831851804
"anzg_simazine_marine",10,"llogis",500,0.12422909279483,0.148722111826486,0.179331834736725,0.208712620357626,0.252973396561542
"anzg_simazine_marine",10,"lnorm",500,0.114084453850716,0.183488292799471,0.234380358781514,0.267723716043857,0.29108607631435
"anzg_simazine_marine",10,"lnorm_lnorm",500,2.85961562929014e-05,4.39863840043883e-05,9.26486510374492e-05,0.000315457732783563,0.00139640461311615
"anzg_simazine_marine",10,"weibull",500,0.0146602605675346,0.0385653123796669,0.0950310763499016,0.183680988044621,0.264226611154009
"anzg_simazine_marine",16,"gamma",500,9.08066319200737e-06,0.000257585848833592,0.00451780251761517,0.0364426617696172,0.136813810602968
"anzg_simazine_marine",16,"lgumbel",500,0.113349723745668,0.239028104116082,0.463440819349355,0.681316036628896,0.812612964182258
"anzg_simazine_marine",16,"llogis",500,0.0774239974032156,0.117712674175289,0.163069044694736,0.215575991548964,0.298814282942824
"anzg_simazine_marine",16,"lnorm",500,0.0399422237696519,0.117059848544143,0.22294002823036,0.311381113841578,0.346404984564126
"anzg_simazine_marine",16,"lnorm_lnorm",500,0.00202006538309293,0.00328255343425649,0.0073649746533469,0.0225966173217719,0.0866946088273823
"anzg_simazine_marine",16,"weibull",500,0.00072543368623923,0.00485476496676846,0.0268570917238457,0.102429008537396,0.193333788508015
"anzg_simazine_marine",26,"gamma",500,4.17840566435115e-10,1.24246874439181e-07,4.60633147623987e-05,0.00197151750426706,0.0222812375366358
"anzg_simazine_marine",26,"lgumbel",500,0.104819372330148,0.27248562505108,0.564144579467483,0.780704720991885,0.889213676834494
"anzg_simazine_marine",26,"llogis",500,0.0267204513208234,0.0642241532521463,0.125693635864613,0.213882178802153,0.314983994348777
"anzg_simazine_marine",26,"lnorm",500,0.00808479174678915,0.0369637310794564,0.158183020819631,0.320517829702834,0.41359019530042
"anzg_simazine_marine",26,"lnorm_lnorm",500,0.0093652656656495,0.0137981156573385,0.0303669495442779,0.0762035771455142,0.25411984529777
"anzg_simazine_marine",26,"weibull",500,6.40355851707952e-06,0.000133480352103914,0.00288116573579441,0.0208182012906891,0.0920515819057356
"anzg_sulfometuron_methyl_fresh",5,"gamma",500,9.54396171519029e-16,5.31005071302809e-15,2.60758645383016e-14,6.75594256572529e-14,1.05805181198057e-13
"anzg_sulfometuron_methyl_fresh",5,"lgumbel",500,2.52201040567673e-16,1.99530970913551e-15,8.57070446231376e-15,2.88604382494466e-14,7.08985283188841e-14
"anzg_sulfometuron_methyl_fresh",5,"llogis",500,4.12435773744564e-16,2.45489027782369e-15,1.30852146890939e-14,3.72779709621462e-14,7.22827138349181e-14
"anzg_sulfometuron_methyl_fresh",5,"lnorm",500,4.22838462098315e-16,3.06989923156841e-15,1.4458603740928e-14,4.13079881774327e-14,8.17701212573511e-14
"anzg_sulfometuron_methyl_fresh",5,"lnorm_lnorm",500,0.999999999999647,0.999999999999763,0.9999999999999,0.999999999999982,0.999999999999997
"anzg_sulfometuron_methyl_fresh",5,"weibull",500,6.93519669401123e-16,3.42818104326788e-15,2.02119353030418e-14,5.94492235001382e-14,8.38875884931411e-14
"anzg_sulfometuron_methyl_fresh",6,"gamma",500,0.128381315430307,0.233186570488329,0.350102955855359,0.490658894348058,0.620271684530798
"anzg_sulfometuron_methyl_fresh",6,"lgumbel",500,0.0142970069429952,0.0385785267760694,0.0821933344933418,0.154140161783219,0.244779343959012
"anzg_sulfometuron_methyl_fresh",6,"llogis",500,0.0676587656438787,0.0959985345525501,0.131005784879721,0.166018351359219,0.197487785526439
"anzg_sulfometuron_methyl_fresh",6,"lnorm",500,0.0542282796336994,0.103138202747243,0.163802269508741,0.212982923351252,0.24139250083626
"anzg_sulfometuron_methyl_fresh",6,"lnorm_lnorm",500,0,0,0,0,0
"anzg_sulfometuron_methyl_fresh",6,"weibull",500,0.159641979644368,0.206190382178975,0.241532006262478,0.269809702200076,0.296883587478378
"anzg_sulfometuron_methyl_fresh",7,"gamma",500,0.133817160312484,0.249670127338067,0.378474436497787,0.539880196392507,0.669833620459349
"anzg_sulfometuron_methyl_fresh",7,"lgumbel",500,0.00775474951778191,0.02113103165498,0.0578753882833816,0.126324063009403,0.216826415934354
"anzg_sulfometuron_methyl_fresh",7,"llogis",500,0.0525248981700646,0.0819479894401799,0.123565049255309,0.161510652849672,0.191396110068751
"anzg_sulfometuron_methyl_fresh",7,"lnorm",500,0.0406057573105535,0.0812051212514669,0.146637268955941,0.210042847862972,0.247509086953001
"anzg_sulfometuron_methyl_fresh",7,"lnorm_lnorm",500,6.92130707622603e-15,1.1617051697987e-14,2.70019639856074e-14,9.08745782605816e-14,3.96314262440279e-13
"anzg_sulfometuron_methyl_fresh",7,"weibull",500,0.166035887592118,0.211842060573891,0.249972640917018,0.282413603742307,0.31287707238811
"anzg_sulfometuron_methyl_fresh",8,"gamma",500,0.143322842414964,0.267538146187812,0.420105343542231,0.568052550233944,0.709953361835772
"anzg_sulfometuron_methyl_fresh",8,"lgumbel",500,0.00420311011103092,0.013816338715116,0.041445308622261,0.108919765502623,0.196464845917141
"anzg_sulfometuron_methyl_fresh",8,"llogis",500,0.0415352596333122,0.073911277271565,0.111311312918668,0.155925695179215,0.193876966802166
"anzg_sulfometuron_methyl_fresh",8,"lnorm",500,0.0281198642709715,0.0655991613290301,0.125746626270306,0.205578832772816,0.253284481694264
"anzg_sulfometuron_methyl_fresh",8,"lnorm_lnorm",500,1.88147322861698e-08,3.04667866674105e-08,7.69281758847634e-08,2.86364547681533e-07,1.2742678360489e-06
"anzg_sulfometuron_methyl_fresh",8,"weibull",500,0.16459734355485,0.211175392093863,0.258657157984851,0.291092557981196,0.320992579667237
"anzg_sulfometuron_methyl_fresh",10,"gamma",500,0.143299545940717,0.285888152540358,0.468156896332717,0.648545562678281,0.776203854166782
"anzg_sulfometuron_methyl_fresh",10,"lgumbel",500,0.00100909823537401,0.00518371066080753,0.0225750364684182,0.0696196862568488,0.161146837768989
"anzg_sulfometuron_methyl_fresh",10,"llogis",500,0.0230377751588466,0.0475548387981937,0.0901298011628038,0.140470140840407,0.192599263234966
"anzg_sulfometuron_methyl_fresh",10,"lnorm",500,0.011909567846455,0.0427102996881332,0.105589964477163,0.195447831150848,0.261606719898536
"anzg_sulfometuron_methyl_fresh",10,"lnorm_lnorm",500,2.62126826375022e-05,4.5995957334039e-05,0.000104023625573624,0.000370383972812308,0.00159940810499036
"anzg_sulfometuron_methyl_fresh",10,"weibull",500,0.152967975096959,0.207606324289698,0.26308782101814,0.30581432769125,0.333125469121499
"anzg_sulfometuron_methyl_fresh",16,"gamma",500,0.168723106534366,0.329499746037209,0.575838924387025,0.742845290733318,0.855445884885782
"anzg_sulfometuron_methyl_fresh",16,"lgumbel",500,8.41840189516773e-06,0.000144694221381312,0.00172539451707361,0.0168795063079199,0.0563631766129136
"anzg_sulfometuron_methyl_fresh",16,"llogis",500,0.00424001346218965,0.0139154109530426,0.0403025780375399,0.0982496411310242,0.155053339080159
"anzg_sulfometuron_methyl_fresh",16,"lnorm",500,0.000876164371642214,0.00703999981390633,0.0384279928120196,0.139897451350332,0.24752502858079
"anzg_sulfometuron_methyl_fresh",16,"lnorm_lnorm",500,0.00168638376278994,0.00293941141006189,0.00682742114878081,0.0217253247047476,0.0895213492759999
"anzg_sulfometuron_methyl_fresh",16,"weibull",500,0.0883861006588394,0.165563104360616,0.268216587532024,0.333447295257728,0.390914325510009
"anzg_sulfometuron_methyl_fresh",26,"gamma",500,0.203736642853752,0.474676414256989,0.717691882305737,0.853339596292522,0.927106364029913
"anzg_sulfometuron_methyl_fresh",26,"lgumbel",500,3.46551120682814e-09,1.66610543938406e-07,9.20930360847886e-06,0.000244221805070091,0.00402397117524501
"anzg_sulfometuron_methyl_fresh",26,"llogis",500,0.00031117305291205,0.0013079296921156,0.00579483786224213,0.0259198847576331,0.0722756928311532
"anzg_sulfometuron_methyl_fresh",26,"lnorm",500,2.2720917160843e-05,0.000273782545956187,0.00339133419241845,0.0234462626515565,0.114895330458375
"anzg_sulfometuron_methyl_fresh",26,"lnorm_lnorm",500,0.00279884099665331,0.00726916918204596,0.0189434854500075,0.0683573106364584,0.236846475677185
"anzg_sulfometuron_methyl_fresh",26,"weibull",500,0.035657547828606,0.0852331299987325,0.170048621287763,0.340261563612864,0.454805950581769
"anzg_zinc_marine",5,"gamma",500,3.17588589539233e-16,1.83907027148042e-15,1.11880496961709e-14,3.91276074400277e-14,7.98505261347087e-14
"anzg_zinc_marine",5,"lgumbel",500,6.58785352757992e-16,4.66186953477368e-15,2.22004393347938e-14,6.10429915439623e-14,8.2572545384843e-14
"anzg_zinc_marine",5,"llogis",500,5.35284976766893e-16,3.25303292119645e-15,1.52024956158365e-14,4.90224209690387e-14,7.41219714077958e-14
"anzg_zinc_marine",5,"lnorm",500,6.39787795826392e-16,3.69751546451622e-15,1.75113141250475e-14,5.32934650203985e-14,8.38143612751865e-14
"anzg_zinc_marine",5,"lnorm_lnorm",500,0.999999999999631,0.999999999999759,0.999999999999913,0.999999999999982,0.999999999999997
"anzg_zinc_marine",5,"weibull",500,4.46544668669836e-16,2.21126947778388e-15,1.23257049619614e-14,4.33072952079584e-14,8.02455113745008e-14
"anzg_zinc_marine",6,"gamma",500,0.02262230868002,0.0612229922940271,0.13242772411006,0.21597752531922,0.260443065336935
"anzg_zinc_marine",6,"lgumbel",500,0.105824143332528,0.167937884321834,0.290604135879794,0.433838462050895,0.571572713446933
"anzg_zinc_marine",6,"llogis",500,0.144316588880433,0.159395179590886,0.179210374176724,0.200394089382571,0.225366013136911
"anzg_zinc_marine",6,"lnorm",500,0.150866785522633,0.191282984811216,0.218839262072833,0.233382312352259,0.244865149843852
"anzg_zinc_marine",6,"lnorm_lnorm",500,0,0,0,0,0
"anzg_zinc_marine",6,"weibull",500,0.0477090652327293,0.0860761609825467,0.144776422102882,0.212986309121789,0.279703214858083
"anzg_zinc_marine",7,"gamma",500,0.0104826282117127,0.0387965793636854,0.0999080285340163,0.201806935760409,0.264987884166282
"anzg_zinc_marine",7,"lgumbel",500,0.0953523687529065,0.189892125772682,0.332123434187427,0.496016616789148,0.622988973518393
"anzg_zinc_marine",7,"llogis",500,0.140346320986332,0.158802898594772,0.179660219068864,0.205094433159695,0.235830486904753
"anzg_zinc_marine",7,"lnorm",500,0.134900958238244,0.181787415861658,0.22173084512603,0.24104536028097,0.254025183655932
"anzg_zinc_marine",7,"lnorm_lnorm",500,7.44227330804724e-15,1.2046999540809e-14,3.00277514056954e-14,1.14802727441477e-13,5.6857526091636e-13
"anzg_zinc_marine",7,"weibull",500,0.0311334188318242,0.0641125653507103,0.119580787658811,0.198775070780612,0.271300843365441
"anzg_zinc_marine",8,"gamma",500,0.00523257301234267,0.0230633784355641,0.0829765044046012,0.180416249387817,0.254277140831979
"anzg_zinc_marine",8,"lgumbel",500,0.109216018496989,0.220545155624406,0.358158633915119,0.522815186893276,0.65895852428774
"anzg_zinc_marine",8,"llogis",500,0.136244159255541,0.15739755773956,0.180045908898614,0.208698462490263,0.239537973261517
"anzg_zinc_marine",8,"lnorm",500,0.124300138754249,0.178559589737826,0.225803842904378,0.246444766613895,0.262191188506477
"anzg_zinc_marine",8,"lnorm_lnorm",500,1.99969392958442e-08,3.35908820218555e-08,7.81305414310133e-08,2.91195025478482e-07,1.43717833685731e-06
"anzg_zinc_marine",8,"weibull",500,0.0207933741925942,0.0487358294733246,0.107950337398667,0.179529029167829,0.255814736945396
"anzg_zinc_marine",10,"gamma",500,0.00120643145329037,0.00667741395211607,0.0435571161554558,0.14353779583598,0.240712722970504
"anzg_zinc_marine",10,"lgumbel",500,0.119224460775114,0.238320442354522,0.410219274838807,0.602814566102659,0.724610102711361
"anzg_zinc_marine",10,"llogis",500,0.127061382624739,0.152124425488874,0.177107376684767,0.214246863250901,0.259240327342027
"anzg_zinc_marine",10,"lnorm",500,0.0949304707579876,0.154770860316683,0.227199949936228,0.261305720092367,0.278781392790967
"anzg_zinc_marine",10,"lnorm_lnorm",500,2.73464414791861e-05,4.98987061995965e-05,0.000107228571127456,0.000365869104111046,0.00138306925548517
"anzg_zinc_marine",10,"weibull",500,0.00893654589608993,0.0237446879071836,0.0702663465950747,0.153105702005772,0.239276484251929
"anzg_zinc_marine",16,"gamma",500,1.23425718879039e-05,0.000131109058188998,0.00243490884983864,0.0285102978972392,0.130428715322324
"anzg_zinc_marine",16,"lgumbel",500,0.127844593574299,0.334837512943794,0.568285919270494,0.751675722103769,0.842283774850869
"anzg_zinc_marine",16,"llogis",500,0.0695789989045043,0.103267596756944,0.146077652553323,0.204013564237907,0.275823811421818
"anzg_zinc_marine",16,"lnorm",500,0.0352868740082848,0.0731945359313782,0.161386460335821,0.273172582616943,0.323200483248711
"anzg_zinc_marine",16,"lnorm_lnorm",500,0.00229933526936058,0.00379317736812655,0.00939882314358876,0.0267750852366409,0.127675398070064
"anzg_zinc_marine",16,"weibull",500,0.0005842178568959,0.0021095172103383,0.011604412085713,0.0550874712179888,0.139891940384272
"anzg_zinc_marine",26,"gamma",500,2.43800479063852e-09,1.72942971712508e-07,8.34089917096335e-06,0.000612983379382416,0.0137160433362605
"anzg_zinc_marine",26,"lgumbel",500,0.175070683221517,0.423548465306618,0.68331979309059,0.834936785628069,0.898698886662747
"anzg_zinc_marine",26,"llogis",500,0.0202392543096775,0.0409836964629669,0.091946380319565,0.163185050367554,0.259045302554803
"anzg_zinc_marine",26,"lnorm",500,0.0048597685813173,0.0195459137235379,0.0720722147438149,0.194295590338229,0.354740753780766
"anzg_zinc_marine",26,"lnorm_lnorm",500,0.0106238924361093,0.0186383847989868,0.037524449000067,0.118323852278366,0.327912681783886
"anzg_zinc_marine",26,"weibull",500,5.12734790911529e-06,4.23764603681597e-05,0.000492879310236876,0.00464890027682628,0.0306197569633162
"ccme_boron",5,"gamma",500,7.39821579708918e-16,4.50910014800536e-15,2.1183097872763e-14,5.95592659329896e-14,8.25482699313271e-14
"ccme_boron",5,"lgumbel",500,4.78428960883636e-16,3.47233549425119e-15,1.47285010619165e-14,4.754709060613e-14,7.7137246338194e-14
"ccme_boron",5,"llogis",500,6.17549444426726e-16,3.34975871921191e-15,1.7055517989942e-14,4.72855254405872e-14,7.58286080941076e-14
"ccme_boron",5,"lnorm",500,8.03026290454149e-16,4.32049248698416e-15,1.90537255701497e-14,5.41850173902647e-14,8.48765836646617e-14
"ccme_boron",5,"lnorm_lnorm",500,0.999999999999623,0.999999999999731,0.999999999999892,0.999999999999977,0.999999999999996
"ccme_boron",5,"weibull",500,7.09557127062356e-16,4.33280372250766e-15,2.18328952969323e-14,5.91496539467786e-14,8.20588535757697e-14
"ccme_boron",6,"gamma",500,0.118799275191038,0.178504439542319,0.232077607550609,0.274334045341771,0.334096617934625
"ccme_boron",6,"lgumbel",500,0.042032797500896,0.0749912463411688,0.146125157067462,0.235825536012453,0.349037883668786
"ccme_boron",6,"llogis",500,0.125756581962895,0.144377370666872,0.162780681943045,0.184763252338495,0.209554593318112
"ccme_boron",6,"lnorm",500,0.128224985345614,0.169571310486383,0.207338313136817,0.227108661481244,0.237845706687238
"ccme_boron",6,"lnorm_lnorm",500,0,0,0,0,0
"ccme_boron",6,"weibull",500,0.111878147192058,0.168154040993829,0.234377414056468,0.306568961321637,0.365091155405649
"ccme_boron",7,"gamma",500,0.124637190006554,0.175480961245974,0.243050919909185,0.291567578473617,0.34529252061194
"ccme_boron",7,"lgumbel",500,0.02875364937271,0.060790914318758,0.124667604951994,0.229303393441785,0.331222444550429
"ccme_boron",7,"llogis",500,0.115133051607112,0.138890156792133,0.159206515373607,0.181542203435307,0.21458862156565
"ccme_boron",7,"lnorm",500,0.108167493608784,0.165682978683616,0.210015198987617,0.232382120326474,0.246381460114561
"ccme_boron",7,"lnorm_lnorm",500,5.96558502077069e-15,1.00351242163342e-14,2.41238096473196e-14,9.41881988634449e-14,5.79138923373771e-13
"ccme_boron",7,"weibull",500,0.116175758628939,0.166308270163239,0.244216804808819,0.316254175854411,0.376189935158849
"ccme_boron",8,"gamma",500,0.123454732371173,0.186394061580444,0.256421902423848,0.312007001917496,0.365401020319067
"ccme_boron",8,"lgumbel",500,0.0170080053177105,0.0450933495420652,0.103100291143376,0.200043051284762,0.333285069747201
"ccme_boron",8,"llogis",500,0.111330592777176,0.129704259076861,0.15644930650553,0.184516316867934,0.212106154029087
"ccme_boron",8,"lnorm",500,0.0951451143203239,0.148167123980216,0.207137217796615,0.236406177572053,0.254053960298209
"ccme_boron",8,"lnorm_lnorm",500,1.56282299522499e-08,2.35168481291685e-08,5.71361917468827e-08,2.19732556217323e-07,1.11946108075362e-06
"ccme_boron",8,"weibull",500,0.110536757711452,0.179593769806284,0.259474749614964,0.332071050219801,0.398608466165787
"ccme_boron",10,"gamma",500,0.114405496487272,0.193199593240993,0.276980030923146,0.33565205275537,0.387379815131672
"ccme_boron",10,"lgumbel",500,0.00900107665126674,0.0257835762615569,0.0706698623732782,0.158799386544757,0.287634646401109
"ccme_boron",10,"llogis",500,0.0937738158908769,0.118632581431122,0.148863959437569,0.185773420242127,0.224235151786749
"ccme_boron",10,"lnorm",500,0.0713522859069639,0.133196662531615,0.197962156548153,0.245302114040436,0.268854038626906
"ccme_boron",10,"lnorm_lnorm",500,2.20270976212198e-05,3.36383974523974e-05,7.88715665823927e-05,0.00031447389836852,0.0016632099056565
"ccme_boron",10,"weibull",500,0.107720342534839,0.184726703953431,0.281157045076706,0.357197981317023,0.420291705892416
"ccme_boron",16,"gamma",500,0.0974386667970936,0.192987192779411,0.316659877784196,0.376400191827459,0.418051233095368
"ccme_boron",16,"lgumbel",500,0.000705709371062071,0.00310337358492794,0.0168873878403894,0.0768044399331669,0.199203072562884
"ccme_boron",16,"llogis",500,0.050554891085354,0.0788585952263303,0.120052964140218,0.182610537768801,0.2583383842941
"ccme_boron",16,"lnorm",500,0.0318973156667449,0.076003099984435,0.151633770764895,0.257718242073327,0.31481852074328
"ccme_boron",16,"lnorm_lnorm",500,0.00157434956920397,0.00235401645692174,0.00521363695219953,0.016770159979721,0.0788539468178707
"ccme_boron",16,"weibull",500,0.089538550788883,0.195339678891056,0.323749805845623,0.397690506695444,0.449262282733616
"ccme_boron",26,"gamma",500,0.0769722343931441,0.207206610933612,0.353857477448706,0.419099260778515,0.450825445183372
"ccme_boron",26,"lgumbel",500,1.45289192553968e-05,0.0001159249605759,0.00172252496969678,0.0138131030211604,0.0604707020848341
"ccme_boron",26,"llogis",500,0.0194497987191271,0.0401692520459788,0.084993287360374,0.155906911494298,0.285201607648217
"ccme_boron",26,"lnorm",500,0.00812381320277785,0.0296307137577129,0.103143729724388,0.249434286018583,0.352214481158128
"ccme_boron",26,"lnorm_lnorm",500,0.0064563598843277,0.00932798061120586,0.019661038842114,0.0515248761948459,0.209020353784071
"ccme_boron",26,"weibull",500,0.0871188836838275,0.205290088959548,0.357701721147802,0.432046389937981,0.476158382470074
"ccme_cadmium",5,"gamma",500,2.03798256530713e-16,2.20694049839599e-15,9.15972699788234e-15,3.39182640656403e-14,7.02183330112934e-14
"ccme_cadmium",5,"lgumbel",500,7.82315553358966e-16,4.54397248763388e-15,1.74584473141357e-14,5.54888024413276e-14,7.82464764429241e-14
"ccme_cadmium",5,"llogis",500,4.12470352371707e-16,3.29755797490684e-15,1.29704448993405e-14,4.34908217633387e-14,7.12330730430004e-14
"ccme_cadmium",5,"lnorm",500,4.87373954417248e-16,3.9430206886589e-15,1.54585909922674e-14,4.87383534284427e-14,8.09748096886824e-14
"ccme_cadmium",5,"lnorm_lnorm",500,0.999999999999658,0.999999999999777,0.999999999999928,0.999999999999981,0.999999999999998
"ccme_cadmium",5,"weibull",500,3.13121345874199e-16,2.89636959291881e-15,1.14165680454233e-14,3.87573944533013e-14,7.81166064912057e-14
"ccme_cadmium",6,"gamma",500,0.018386565029273,0.0475068416453736,0.1074922750518,0.216874488394771,0.287819836746699
"ccme_cadmium",6,"lgumbel",500,0.0973522491518325,0.16893672647529,0.28507058912155,0.433685674964879,0.551097804126993
"ccme_cadmium",6,"llogis",500,0.140056289996563,0.162510211241183,0.184937239506866,0.207593409209756,0.23194063830909
"ccme_cadmium",6,"lnorm",500,0.146226034558643,0.189226306990825,0.221191597052531,0.239539904136611,0.253034382529532
"ccme_cadmium",6,"lnorm_lnorm",500,0,0,0,0,0
"ccme_cadmium",6,"weibull",500,0.0518810574141796,0.0892596062697938,0.153084167949556,0.220760831975035,0.26960610977583
"ccme_cadmium",7,"gamma",500,0.00823082366292827,0.0282660941221831,0.0889765451267506,0.186700427134255,0.292367722080459
"ccme_cadmium",7,"lgumbel",500,0.0953647081212226,0.180868182483144,0.293446704743379,0.469336601837004,0.586262915559372
"ccme_cadmium",7,"llogis",500,0.13876782819339,0.159754062602112,0.186829387848455,0.214198387024993,0.247160906391204
"ccme_cadmium",7,"lnorm",500,0.137933517004069,0.185025533623722,0.229082784112433,0.252275856254488,0.266309387108119
"ccme_cadmium",7,"lnorm_lnorm",500,6.80344429850582e-15,9.99579420340473e-15,2.36984921828109e-14,8.8732911252231e-14,4.71475119054222e-13
"ccme_cadmium",7,"weibull",500,0.0373873699938273,0.0721883601009081,0.143519243237065,0.212027581133878,0.266210051989627
"ccme_cadmium",8,"gamma",500,0.00362287793339654,0.0142627424063514,0.0637045227804267,0.168684624233026,0.280563962655425
"ccme_cadmium",8,"lgumbel",500,0.0916717383635118,0.179060625542829,0.309735840480409,0.507942776724656,0.633994121574184
"ccme_cadmium",8,"llogis",500,0.135470000246477,0.156612868801033,0.189006859138401,0.222172320697457,0.258636769123921
"ccme_cadmium",8,"lnorm",500,0.125069335276813,0.17913636152322,0.229494343602728,0.259302561795421,0.280014382523157
"ccme_cadmium",8,"lnorm_lnorm",500,1.71241679304568e-08,2.59832935461342e-08,6.27520100524685e-08,2.45119346934588e-07,1.21209879403995e-06
"ccme_cadmium",8,"weibull",500,0.0218832443520537,0.0523164802983902,0.128208058207803,0.207985926752493,0.270552781270802
"ccme_cadmium",10,"gamma",500,0.000763094591586892,0.00424674945364128,0.0360528404143147,0.122524605940744,0.240072186154919
"ccme_cadmium",10,"lgumbel",500,0.0804264154573166,0.191441205548484,0.359589848997354,0.555268816579767,0.694599706638104
"ccme_cadmium",10,"llogis",500,0.133564260071769,0.154063780243281,0.186687806743808,0.229690648339039,0.277117279437923
"ccme_cadmium",10,"lnorm",500,0.110909658213999,0.172352512899038,0.236236504186791,0.278835999513721,0.302199390221144
"ccme_cadmium",10,"lnorm_lnorm",500,2.666574590855e-05,4.40089901856669e-05,8.70741365666736e-05,0.000296579634719907,0.00188953242488702
"ccme_cadmium",10,"weibull",500,0.0112145736144972,0.0320029778800755,0.0983494183929573,0.186766305752825,0.271808022874576
"ccme_cadmium",16,"gamma",500,3.12267072934703e-06,8.04847055380522e-05,0.00233768065724668,0.0216120255442624,0.103681797635006
"ccme_cadmium",16,"lgumbel",500,0.102815719034376,0.237315092117745,0.462188818111428,0.665688498494924,0.806784488508877
"ccme_cadmium",16,"llogis",500,0.0868400665948747,0.128651125834759,0.176010081638882,0.233778968006238,0.307935289826824
"ccme_cadmium",16,"lnorm",500,0.048590063737383,0.117305996870217,0.232315802478821,0.319970107185684,0.356583111558221
"ccme_cadmium",16,"lnorm_lnorm",500,0.00209649394437238,0.00342557521282879,0.00688818384244978,0.0207889214619022,0.0827603087892323
"ccme_cadmium",16,"weibull",500,0.000987021310587465,0.00510610472896696,0.0302805069852892,0.102557349132567,0.214302690914044
"ccme_cadmium",26,"gamma",500,3.08251383161251e-11,8.45337796282242e-09,9.91126621208674e-06,0.000616801654335915,0.0107548565295697
"ccme_cadmium",26,"lgumbel",500,0.0888834048878231,0.263939467873101,0.544592702935839,0.780154481243615,0.888979068657957
"ccme_cadmium",26,"llogis",500,0.034950942977217,0.0666749909453083,0.13886822314259,0.225262078354868,0.321097160029542
"ccme_cadmium",26,"lnorm",500,0.00755636044747364,0.0386444480441363,0.146314011528423,0.332338248289246,0.435198111116072
"ccme_cadmium",26,"lnorm_lnorm",500,0.00955841759268409,0.0142495903169356,0.0301833114790266,0.0793983664942796,0.263482230824393
"ccme_cadmium",26,"weibull",500,4.13232435204669e-06,9.12407676260892e-05,0.00270329361134587,0.020434884020488,0.0883917136270646
"ccme_chloride",5,"gamma",500,7.73934234820782e-16,4.43058907254168e-15,2.43407989234245e-14,5.97393391064722e-14,8.04265821632761e-14
"ccme_chloride",5,"lgumbel",500,5.86153069733799e-16,3.56366442660299e-15,1.2241320379033e-14,3.5330858691448e-14,7.37114422660536e-14
"ccme_chloride",5,"llogis",500,5.44163033107211e-16,3.55928692819517e-15,1.71339205390767e-14,4.04261566370484e-14,6.95508520128567e-14
"ccme_chloride",5,"lnorm",500,7.2140650633117e-16,4.36375158008121e-15,1.97893022784392e-14,4.62667785407553e-14,8.09273157090272e-14
"ccme_chloride",5,"lnorm_lnorm",500,0.999999999999647,0.99999999999976,0.999999999999897,0.999999999999979,0.999999999999996
"ccme_chloride",5,"weibull",500,7.06655359380325e-16,4.08522369837601e-15,2.53421567480296e-14,5.93212293867231e-14,7.97722727918937e-14
"ccme_chloride",6,"gamma",500,0.127768592707766,0.187727116628046,0.245291287452497,0.301900480420569,0.357462800374261
"ccme_chloride",6,"lgumbel",500,0.0371187353213947,0.064582871579146,0.126861708831434,0.214977939469191,0.33410345234524
"ccme_chloride",6,"llogis",500,0.124577552006231,0.139151171196594,0.157937716397167,0.177617109703887,0.202243023027174
"ccme_chloride",6,"lnorm",500,0.11817706893672,0.15847976253541,0.203052730628602,0.224606439958314,0.235495900559498
"ccme_chloride",6,"lnorm_lnorm",500,0,0,0,0,0
"ccme_chloride",6,"weibull",500,0.123668166222611,0.18380016911371,0.250464877202604,0.309770867285604,0.351590024315554
"ccme_chloride",7,"gamma",500,0.126779466560621,0.188536467203929,0.255153409288866,0.315362222813472,0.374788914750809
"ccme_chloride",7,"lgumbel",500,0.023827213700906,0.0540753008358745,0.110304574613677,0.212908472986986,0.310737572068186
"ccme_chloride",7,"llogis",500,0.113871301494402,0.135714379474892,0.152618469700003,0.177852309290756,0.207324263610983
"ccme_chloride",7,"lnorm",500,0.103955630562421,0.15117973223258,0.203013670573843,0.229664340047007,0.244440157665079
"ccme_chloride",7,"lnorm_lnorm",500,6.19621608791529e-15,8.61060523770853e-15,2.35913218381596e-14,9.13030625379561e-14,2.97230412928479e-13
"ccme_chloride",7,"weibull",500,0.121856053584263,0.184511121110725,0.256919076789597,0.324712844898805,0.365556458655748
"ccme_chloride",8,"gamma",500,0.121505899878607,0.177423979136966,0.266730261766876,0.326810617533785,0.396376038531357
"ccme_chloride",8,"lgumbel",500,0.0149956188669865,0.0394194455074961,0.0944815543705992,0.205682550238427,0.322170730716907
"ccme_chloride",8,"llogis",500,0.102902610992011,0.12650910287839,0.14997782751578,0.181051640508786,0.215587420194717
"ccme_chloride",8,"lnorm",500,0.0915567129251301,0.143905111600086,0.197961918366283,0.236777753795766,0.251151187125606
"ccme_chloride",8,"lnorm_lnorm",500,1.62210552513828e-08,2.49654112270311e-08,6.1018308684927e-08,2.43061543272208e-07,1.11490384168436e-06
"ccme_chloride",8,"weibull",500,0.112613411276535,0.177969233746854,0.26917107333751,0.33657296597259,0.374479352031371
"ccme_chloride",10,"gamma",500,0.130564844960529,0.197179907341806,0.287468919686008,0.353269067768224,0.422355894265996
"ccme_chloride",10,"lgumbel",500,0.00546007179770166,0.0203441033896498,0.0604253886974039,0.158878573045217,0.28791863196659
"ccme_chloride",10,"llogis",500,0.0812693683965623,0.113673758401836,0.142920419703853,0.175871009100382,0.222296171514571
"ccme_chloride",10,"lnorm",500,0.05864779085715,0.120998365736022,0.185465980135323,0.242192940199608,0.268588163149887
"ccme_chloride",10,"lnorm_lnorm",500,2.2302476766229e-05,3.37476700151553e-05,7.04742170850866e-05,0.000274655861243679,0.00124499696937138
"ccme_chloride",10,"weibull",500,0.126356989716714,0.196449924015247,0.293611485389563,0.352202482239065,0.410002680481381
"ccme_chloride",16,"gamma",500,0.136125667676262,0.221238255961536,0.337869428619653,0.409311083211185,0.46913614700427
"ccme_chloride",16,"lgumbel",500,0.000254759691242618,0.00333637529372026,0.0151621439243362,0.0680148755830723,0.170261626328444
"ccme_chloride",16,"llogis",500,0.0424954435839024,0.0709568209923991,0.110968695026946,0.16304565333,0.225575668220204
"ccme_chloride",16,"lnorm",500,0.02037135335057,0.0673184600921829,0.14068682274669,0.254524949886453,0.301760913007318
"ccme_chloride",16,"lnorm_lnorm",500,0.00166251778447471,0.00265622431095629,0.0055971687447277,0.0163190399429067,0.054890162703041
"ccme_chloride",16,"weibull",500,0.134154577874951,0.22114458959097,0.338391104106867,0.393487828758687,0.431003780023168
"ccme_chloride",26,"gamma",500,0.142422639004156,0.262341630805942,0.377221039321123,0.448008681163397,0.520324482110845
"ccme_chloride",26,"lgumbel",500,1.63441742193464e-06,6.80342938492756e-05,0.00114465996359812,0.0114962848435644,0.0489865842861066
"ccme_chloride",26,"llogis",500,0.0133831413473177,0.0298012856432824,0.0685690466676019,0.128674323958331,0.208555906963848
"ccme_chloride",26,"lnorm",500,0.00262318619901581,0.0188690978918332,0.0827262606476067,0.214352515180165,0.329835313080922
"ccme_chloride",26,"lnorm_lnorm",500,0.00612238073816169,0.0102553623647012,0.0241758330135494,0.063992069407472,0.170965136346896
"ccme_chloride",26,"weibull",500,0.148480172001904,0.259579266711175,0.373001329636576,0.423572633000237,0.451490557552746
"ccme_endosulfan",5,"gamma",500,6.19214846117553e-16,3.64744195672164e-15,1.47072753022527e-14,4.69694455707991e-14,8.12101990281807e-14
"ccme_endosulfan",5,"lgumbel",500,8.99293178028602e-16,4.26245312476814e-15,2.24056963232186e-14,5.36103312016341e-14,7.89866994904247e-14
"ccme_endosulfan",5,"llogis",500,6.79574410296736e-16,4.61126663977945e-15,1.91373965804984e-14,5.06983088298323e-14,6.94168491833877e-14
"ccme_endosulfan",5,"lnorm",500,9.23695458273568e-16,5.23182921801862e-15,2.21414074066079e-14,5.82529395342039e-14,8.05107473936328e-14
"ccme_endosulfan",5,"lnorm_lnorm",500,0.999999999999655,0.999999999999739,0.999999999999893,0.999999999999972,0.999999999999995
"ccme_endosulfan",5,"weibull",500,6.76321021551506e-16,4.57019467177029e-15,1.83572258067599e-14,5.16723430005538e-14,7.8433563136409e-14
"ccme_endosulfan",6,"gamma",500,0.0289469216444281,0.066390800166486,0.146667823309086,0.263504297929926,0.371339716471407
"ccme_endosulfan",6,"lgumbel",500,0.0590516359848647,0.121825304396273,0.219665101337014,0.344501145542865,0.460498426213542
"ccme_endosulfan",6,"llogis",500,0.125887835661213,0.152667208527359,0.179479639783507,0.212339119039468,0.235988438257776
"ccme_endosulfan",6,"lnorm",500,0.14069005383864,0.183761775984904,0.225122035927479,0.245774533701067,0.257822209499472
"ccme_endosulfan",6,"lnorm_lnorm",500,0,0,0,0,0
"ccme_endosulfan",6,"weibull",500,0.0784797667135983,0.125714116989621,0.188636359770237,0.247363825616365,0.283757551942262
"ccme_endosulfan",7,"gamma",500,0.022477398079312,0.0500125460908044,0.120196722582392,0.241657356587271,0.360193746294417
"ccme_endosulfan",7,"lgumbel",500,0.0564008000520019,0.114796155104138,0.233012174400723,0.355228607061804,0.471496960841764
"ccme_endosulfan",7,"llogis",500,0.127410945378889,0.154290089356886,0.186680373732829,0.215266067054371,0.246917284136631
"ccme_endosulfan",7,"lnorm",500,0.143843598349474,0.192193570715573,0.233442873717329,0.257114835033327,0.271430991326247
"ccme_endosulfan",7,"lnorm_lnorm",500,6.50088069444159e-15,8.60867675728253e-15,1.84598549290769e-14,6.57971541459915e-14,2.98731606554713e-13
"ccme_endosulfan",7,"weibull",500,0.0690210100052309,0.112677792674797,0.181332132897905,0.249943809480599,0.286715052020355
"ccme_endosulfan",8,"gamma",500,0.0114472169673182,0.0383349314041653,0.0967856721231339,0.2249332795762,0.363349989874265
"ccme_endosulfan",8,"lgumbel",500,0.0435085417076053,0.111295802019074,0.231936995079653,0.370537664737267,0.505630776631946
"ccme_endosulfan",8,"llogis",500,0.122104136495489,0.153169182649125,0.189389638585268,0.223046124670272,0.26134817915429
"ccme_endosulfan",8,"lnorm",500,0.13100578755076,0.189673228711948,0.243042734018517,0.27131175834431,0.285358832630608
"ccme_endosulfan",8,"lnorm_lnorm",500,1.66003269683899e-08,2.27722661762343e-08,5.10122710086264e-08,1.73473943960866e-07,6.61917897432753e-07
"ccme_endosulfan",8,"weibull",500,0.0567564758992604,0.105692107545008,0.181388332510712,0.249461183874978,0.299171070292491
"ccme_endosulfan",10,"gamma",500,0.00467693606632288,0.02006981871177,0.0639654360429813,0.188821413254736,0.3363504279557
"ccme_endosulfan",10,"lgumbel",500,0.0364761970982924,0.0946925453646136,0.207636010114904,0.382203326114451,0.514821867558761
"ccme_endosulfan",10,"llogis",500,0.120429147688159,0.15718021853485,0.194610993883031,0.240002735736943,0.289149001311763
"ccme_endosulfan",10,"lnorm",500,0.123767585902126,0.201779162063871,0.258786035908795,0.290913564196398,0.315339997062846
"ccme_endosulfan",10,"lnorm_lnorm",500,2.35155604812636e-05,3.1024411437421e-05,6.02322245537833e-05,0.000204183156414075,0.000811360735947784
"ccme_endosulfan",10,"weibull",500,0.0421507530050009,0.0900011845754126,0.177052642909778,0.262860188770974,0.308228308783552
"ccme_endosulfan",16,"gamma",500,0.00015194547548651,0.00233304595127606,0.0151900723579495,0.0811756879124924,0.272635683793723
"ccme_endosulfan",16,"lgumbel",500,0.0112541428267894,0.0505198089847809,0.194094326326463,0.370118872701025,0.551890349964635
"ccme_endosulfan",16,"llogis",500,0.0943876773082003,0.151165989954273,0.212466033769283,0.279864369887629,0.359725097926338
"ccme_endosulfan",16,"lnorm",500,0.110718258854487,0.206439182349595,0.292652703863039,0.348603141463581,0.375112465299608
"ccme_endosulfan",16,"lnorm_lnorm",500,0.00179430792685913,0.00232999135859932,0.00464160197040963,0.0155563424637907,0.0509965240199699
"ccme_endosulfan",16,"weibull",500,0.0146433761411693,0.0536412359466701,0.129251202582472,0.276720884708479,0.361373701125514
"ccme_endosulfan",26,"gamma",500,5.34808130294848e-07,1.47654952369411e-05,0.000580561318378198,0.0079866655892945,0.0510628243108795
"ccme_endosulfan",26,"lgumbel",500,0.0036276357665537,0.0217418564484547,0.113676749165873,0.310290848166136,0.552144894823599
"ccme_endosulfan",26,"llogis",500,0.0930828729854508,0.155395383931691,0.231846889995687,0.347382122987352,0.485175635351917
"ccme_endosulfan",26,"lnorm",500,0.108985704244643,0.221430582303909,0.344045118548996,0.433859642747149,0.466968297640686
"ccme_endosulfan",26,"lnorm_lnorm",500,0.00836811166919145,0.0113772274248124,0.0228105121784282,0.0590588787204739,0.20473416124849
"ccme_endosulfan",26,"weibull",500,0.00299006842030812,0.0133337446257667,0.067771681193254,0.179425155959345,0.364309008993088
"ccme_glyphosate",5,"gamma",500,4.66774791864711e-16,3.04358903649745e-15,1.37387156610514e-14,4.26319852039457e-14,8.30724539236989e-14
"ccme_glyphosate",5,"lgumbel",500,1.05128171277579e-15,5.42777059226812e-15,2.69046929023209e-14,6.31725266913878e-14,8.38592494765105e-14
"ccme_glyphosate",5,"llogis",500,8.62532253383472e-16,4.08491774228646e-15,1.91948825430023e-14,5.10151371674653e-14,8.25832937513825e-14
"ccme_glyphosate",5,"lnorm",500,9.97226604244498e-16,5.03131577348286e-15,2.18257527215823e-14,5.63149641538824e-14,8.96582311642328e-14
"ccme_glyphosate",5,"lnorm_lnorm",500,0.999999999999613,0.999999999999744,0.999999999999897,0.999999999999976,0.999999999999995
"ccme_glyphosate",5,"weibull",500,6.62181930046012e-16,3.99316843779959e-15,1.68222539260248e-14,4.59855095197221e-14,8.33379870679198e-14
"ccme_glyphosate",6,"gamma",500,0.0239001933826052,0.0597960942312944,0.134837050499598,0.208724129977733,0.258855164567279
"ccme_glyphosate",6,"lgumbel",500,0.112772017363175,0.185805791133589,0.287697357530921,0.433156982497372,0.564798936543101
"ccme_glyphosate",6,"llogis",500,0.147539364155141,0.161199027370341,0.178682488586239,0.202186838414888,0.225967265892044
"ccme_glyphosate",6,"lnorm",500,0.15495944361505,0.191568292096257,0.220987617969411,0.234650122241253,0.245494948206729
"ccme_glyphosate",6,"lnorm_lnorm",500,0,0,0,0,0
"ccme_glyphosate",6,"weibull",500,0.0475029677059597,0.0866658575039707,0.143338828866952,0.208470622762069,0.265349513445847
"ccme_glyphosate",7,"gamma",500,0.0123431128883385,0.0420535562698696,0.104592704854713,0.195148470528327,0.251674583213877
"ccme_glyphosate",7,"lgumbel",500,0.128511179676679,0.186851021298469,0.31727551031176,0.490327089113582,0.600475458833306
"ccme_glyphosate",7,"llogis",500,0.142258839904216,0.160481507724022,0.181395207794472,0.206233565307128,0.235434050594889
"ccme_glyphosate",7,"lnorm",500,0.14255999701193,0.191023297392475,0.225472696982465,0.243169982402167,0.254763646478885
"ccme_glyphosate",7,"lnorm_lnorm",500,6.81619757822053e-15,1.1216269150357e-14,2.68342132526455e-14,9.34516297594121e-14,4.87364280803459e-13
"ccme_glyphosate",7,"weibull",500,0.0345172328168172,0.0681407662572649,0.126745779553432,0.191570595831183,0.25456907631724
"ccme_glyphosate",8,"gamma",500,0.00696031793340867,0.0273085451382019,0.0869609318930104,0.184079130203169,0.245007952793086
"ccme_glyphosate",8,"lgumbel",500,0.121717763030113,0.205788030229346,0.337101886004488,0.51239281294364,0.659068115748026
"ccme_glyphosate",8,"llogis",500,0.137277224797461,0.15608262092796,0.179011208582473,0.207198648318519,0.244804899334195
"ccme_glyphosate",8,"lnorm",500,0.128450410894181,0.183049976897937,0.230225032184968,0.249912667993474,0.264143621679138
"ccme_glyphosate",8,"lnorm_lnorm",500,1.86859950775966e-08,3.16398426523799e-08,7.93961377935191e-08,2.84668399297836e-07,1.07386031777887e-06
"ccme_glyphosate",8,"weibull",500,0.0240392449124988,0.0523938027323018,0.107992345551944,0.181997909641168,0.244901721435424
"ccme_glyphosate",10,"gamma",500,0.00153289488925846,0.00964849614384017,0.0506487453996797,0.133083848498405,0.21863228298929
"ccme_glyphosate",10,"lgumbel",500,0.133974682043555,0.241413937526623,0.40089929221025,0.591305245434425,0.727631131789163
"ccme_glyphosate",10,"llogis",500,0.12358971257151,0.149663695137307,0.177895452363168,0.219516072165501,0.258081629932879
"ccme_glyphosate",10,"lnorm",500,0.0939787015941226,0.165213664657594,0.235387432390834,0.265146121292055,0.282758789427114
"ccme_glyphosate",10,"lnorm_lnorm",500,2.72704223455324e-05,4.37712582348168e-05,0.000100605162115239,0.000381436382609644,0.00154313428611822
"ccme_glyphosate",10,"weibull",500,0.00860457976556787,0.0259419413863311,0.0787305339348437,0.151573333796348,0.218907014844726
"ccme_glyphosate",16,"gamma",500,9.91921530691827e-06,0.000389501575530705,0.00471354807859134,0.0375569127631477,0.12576807393391
"ccme_glyphosate",16,"lgumbel",500,0.13035495915691,0.32322104561402,0.543649189023362,0.716908392325434,0.833996635298067
"ccme_glyphosate",16,"llogis",500,0.0610132357197674,0.104884099467371,0.153634165311657,0.217340344198499,0.287619074393258
"ccme_glyphosate",16,"lnorm",500,0.0326797980828821,0.0946278638972194,0.188716506672998,0.279533646053312,0.326698222021561
"ccme_glyphosate",16,"lnorm_lnorm",500,0.00221002458931551,0.00341519060922102,0.00850227783715973,0.0315055085710381,0.129392275352395
"ccme_glyphosate",16,"weibull",500,0.000474713804461791,0.00339974375363497,0.0168091596772311,0.0613129116524925,0.163856611201062
"ccme_glyphosate",26,"gamma",500,3.0044981935313e-09,5.01349655649174e-07,7.07125040775813e-05,0.00252243823297139,0.03106661682544
"ccme_glyphosate",26,"lgumbel",500,0.140546878058064,0.353207086025012,0.603408684030359,0.808681682256948,0.88300788538066
"ccme_glyphosate",26,"llogis",500,0.0191990126524917,0.0498063969491496,0.108335434929192,0.17653544098472,0.254689840257918
"ccme_glyphosate",26,"lnorm",500,0.0053711884590749,0.028667388177435,0.0979681697847302,0.2595434208876,0.38121152462561
"ccme_glyphosate",26,"lnorm_lnorm",500,0.0110628430912676,0.0162325999685839,0.0316224027204796,0.112965699018822,0.41130108631942
"ccme_glyphosate",26,"weibull",500,3.53469573785219e-06,8.39999792032005e-05,0.00112649305971505,0.0105049664877215,0.0634913373349043
"ccme_silver",5,"gamma",500,3.2065309540719e-16,1.98076596538103e-15,9.76548376355841e-15,4.03042210425731e-14,7.8448289717445e-14
"ccme_silver",5,"lgumbel",500,6.30401916577214e-16,4.74243023871158e-15,2.11154588941381e-14,5.75121361440918e-14,7.98871842492198e-14
"ccme_silver",5,"llogis",500,4.47464803833397e-16,2.73506537957929e-15,1.50805812620917e-14,4.75253398473807e-14,7.24951409007523e-14
"ccme_silver",5,"lnorm",500,5.8967980506847e-16,3.34823437436569e-15,1.73338076758715e-14,5.58214021242097e-14,8.20837563026153e-14
"ccme_silver",5,"lnorm_lnorm",500,0.999999999999641,0.999999999999745,0.999999999999917,0.999999999999983,0.999999999999997
"ccme_silver",5,"weibull",500,4.36471565457867e-16,2.41863627898698e-15,1.08797614366118e-14,4.30046715859709e-14,7.76184185910269e-14
"ccme_silver",6,"gamma",500,0.0257420838597999,0.0689232123043607,0.137754428134431,0.217567673117008,0.255849982894708
"ccme_silver",6,"lgumbel",500,0.1071790719191,0.182606771061545,0.294105278012538,0.430119070193559,0.541866289759283
"ccme_silver",6,"llogis",500,0.144600644768281,0.159515480037133,0.17802437797396,0.199862857445476,0.218222799740628
"ccme_silver",6,"lnorm",500,0.156838194531336,0.194142607510936,0.218612646538789,0.233706473700003,0.244895151283953
"ccme_silver",6,"lnorm_lnorm",500,0,0,0,0,0
"ccme_silver",6,"weibull",500,0.0512468968891618,0.0900637348793578,0.142473547619899,0.21076285522131,0.269060149907392
"ccme_silver",7,"gamma",500,0.0136638920266148,0.0432840964298592,0.115708978261434,0.198418967609942,0.258154905846533
"ccme_silver",7,"lgumbel",500,0.109352045300387,0.190625046301302,0.32504868981344,0.474469364664104,0.60165136027363
"ccme_silver",7,"llogis",500,0.143860586692494,0.158528906407067,0.179477901237531,0.204824980025748,0.227383316678489
"ccme_silver",7,"lnorm",500,0.141402045357948,0.185533053193244,0.223393189139598,0.239966849831925,0.253450284694704
"ccme_silver",7,"lnorm_lnorm",500,6.89265874677231e-15,1.08499946972536e-14,2.45992170671694e-14,1.03623205546654e-13,4.39689429688978e-13
"ccme_silver",7,"weibull",500,0.0335995315612251,0.0681033334026577,0.129619199422186,0.19270707470956,0.261069460132149
"ccme_silver",8,"gamma",500,0.00644029292899481,0.0275156887433655,0.0908972668616468,0.174965009051435,0.259236578633134
"ccme_silver",8,"lgumbel",500,0.107500118547936,0.2039123335358,0.336152612448246,0.525250540596833,0.664184934381154
"ccme_silver",8,"llogis",500,0.138350080228654,0.155744033373124,0.178108887704375,0.208806970795573,0.241410714532708
"ccme_silver",8,"lnorm",500,0.123897176186847,0.178300013189205,0.227681449490607,0.249548841762758,0.263244615142799
"ccme_silver",8,"lnorm_lnorm",500,1.87135917713158e-08,2.88027337850753e-08,6.86822850385381e-08,2.37710546245649e-07,1.22788720904606e-06
"ccme_silver",8,"weibull",500,0.021560268625202,0.0498677498143981,0.111083729378329,0.173233892919763,0.264513208140815
"ccme_silver",10,"gamma",500,0.000888893649119258,0.00758524601162145,0.0537123434705595,0.134089388600034,0.246228018198623
"ccme_silver",10,"lgumbel",500,0.105399623057351,0.248310161641007,0.413450625662173,0.605727686847839,0.747885775861709
"ccme_silver",10,"llogis",500,0.122824429044174,0.148858711865035,0.173073768447493,0.207577678322731,0.256120089408211
"ccme_silver",10,"lnorm",500,0.0855531308206898,0.157005526153231,0.223727848425373,0.256331084544848,0.278988873949639
"ccme_silver",10,"lnorm_lnorm",500,2.66940120191383e-05,4.64549442955131e-05,0.000104063066268188,0.000383289799898299,0.00176685375413887
"ccme_silver",10,"weibull",500,0.00625155230005122,0.0249376499978467,0.0718059386594287,0.142032487360166,0.244270220712578
"ccme_silver",16,"gamma",500,3.93677755990293e-06,0.00023434206352226,0.00491066715941094,0.049936095185804,0.170739649397678
"ccme_silver",16,"lgumbel",500,0.122513554100292,0.276604197979167,0.538566256194873,0.738041852867591,0.847548133944741
"ccme_silver",16,"llogis",500,0.0665552264968179,0.107370084758636,0.153535701283949,0.212067968488623,0.291693497564833
"ccme_silver",16,"lnorm",500,0.0246175370324667,0.0834477098217226,0.187417498291524,0.281435574486897,0.327327332304934
"ccme_silver",16,"lnorm_lnorm",500,0.00220462519528115,0.00349093888589608,0.00833996416397132,0.0300262661235966,0.118464316486794
"ccme_silver",16,"weibull",500,0.000201009441576572,0.00285075702015025,0.0160995794542811,0.0658870745219481,0.158280667939211
"ccme_silver",26,"gamma",500,1.44852359648544e-11,1.20416440045445e-07,2.29206708183512e-05,0.00136817713329531,0.0247999056069225
"ccme_silver",26,"lgumbel",500,0.173464110136805,0.422943514131235,0.680952392231637,0.839402578862919,0.905716079885869
"ccme_silver",26,"llogis",500,0.0203447177884769,0.046392074356115,0.0974267122845736,0.176064555196833,0.268526598708248
"ccme_silver",26,"lnorm",500,0.00171594922204597,0.0212546158281547,0.082866648761241,0.209701159046894,0.366116752684324
"ccme_silver",26,"lnorm_lnorm",500,0.0104283819870807,0.0150086189078228,0.0322049660926992,0.100917187073308,0.282674721282071
"ccme_silver",26,"weibull",500,2.43436410120816e-07,3.83482390048892e-05,0.000543948968716225,0.00689414153795712,0.0404927916118095
"ccme_uranium",5,"gamma",500,8.74662543904609e-16,4.21153388060103e-15,2.09776608621352e-14,4.95630864498302e-14,7.91049576589615e-14
"ccme_uranium",5,"lgumbel",500,9.60429017732349e-16,5.69585593027323e-15,2.20031894213611e-14,5.18212646443367e-14,7.97136983555235e-14
"ccme_uranium",5,"llogis",500,8.8301521173669e-16,4.38025573937252e-15,2.02831607995248e-14,5.0241105629235e-14,7.1786231045003e-14
"ccme_uranium",5,"lnorm",500,1.07236993643379e-15,5.32006008303489e-15,2.49343002094322e-14,5.88025652095076e-14,8.10614504742251e-14
"ccme_uranium",5,"lnorm_lnorm",500,0.999999999999644,0.999999999999732,0.999999999999877,0.999999999999973,0.999999999999995
"ccme_uranium",5,"weibull",500,9.42605235484352e-16,4.78406754895657e-15,2.3117245794967e-14,5.35073248785562e-14,8.06413525693848e-14
"ccme_uranium",6,"gamma",500,0.0586763135746831,0.104164064471327,0.174938667212231,0.255270346379007,0.313252743973363
"ccme_uranium",6,"lgumbel",500,0.0717814749773388,0.114597167668652,0.210738027174526,0.306806696408836,0.415982870392929
"ccme_uranium",6,"llogis",500,0.138073776573514,0.154932852538874,0.175661600503868,0.198398151203807,0.222855549821691
"ccme_uranium",6,"lnorm",500,0.156019566519245,0.193192708239148,0.225350432824522,0.240289261669167,0.251340481736023
"ccme_uranium",6,"lnorm_lnorm",500,0,0,0,0,0
"ccme_uranium",6,"weibull",500,0.092083293170187,0.139281113984653,0.193611664743155,0.254277448536095,0.297382296820104
"ccme_uranium",7,"gamma",500,0.0368201308570488,0.0820196412165705,0.16244201383926,0.250668685792086,0.323102293632366
"ccme_uranium",7,"lgumbel",500,0.055306014281319,0.114502262864805,0.203668237120534,0.330750590827761,0.446715094055747
"ccme_uranium",7,"llogis",500,0.135901432800072,0.15490827252745,0.176736903112427,0.205297574054628,0.238377690359313
"ccme_uranium",7,"lnorm",500,0.146583227012977,0.195818622300311,0.230058474569041,0.249024450049806,0.262507415400753
"ccme_uranium",7,"lnorm_lnorm",500,6.19831373702887e-15,8.69772899847024e-15,1.95615007195262e-14,8.0789669833948e-14,3.54796886323055e-13
"ccme_uranium",7,"weibull",500,0.0742173179391739,0.124416633224053,0.19051081616123,0.25157836222747,0.307907148594669
"ccme_uranium",8,"gamma",500,0.0284968391654004,0.0675057081686287,0.153548184088129,0.247995342784707,0.336561434415546
"ccme_uranium",8,"lgumbel",500,0.043651159950933,0.100268461866771,0.197395705114978,0.323913186977935,0.468475210218252
"ccme_uranium",8,"llogis",500,0.131196548813817,0.150213595370573,0.180281664460001,0.210223032075631,0.249513024602711
"ccme_uranium",8,"lnorm",500,0.133423717847452,0.193994229442271,0.235911487486915,0.260748326943886,0.27453087165173
"ccme_uranium",8,"lnorm_lnorm",500,1.61259016972395e-08,2.13344240756314e-08,4.82694005549399e-08,1.49689465554223e-07,9.85504251499119e-07
"ccme_uranium",8,"weibull",500,0.0673894489694788,0.123839673035007,0.186724366911244,0.258625781447125,0.320349090576792
"ccme_uranium",10,"gamma",500,0.0144628452692004,0.0486856734370124,0.130391697436469,0.247479939597369,0.357515653591503
"ccme_uranium",10,"lgumbel",500,0.0303814553498603,0.0816861678846228,0.190426369663409,0.326503580349751,0.46805536446952
"ccme_uranium",10,"llogis",500,0.116982124361271,0.148951536866942,0.180661227151836,0.22856889483316,0.27612881964967
"ccme_uranium",10,"lnorm",500,0.130321268435212,0.197546934198412,0.253861614796859,0.279487883954927,0.296524479933575
"ccme_uranium",10,"lnorm_lnorm",500,2.37646558092157e-05,3.20859427616711e-05,7.25229195425095e-05,0.000208637673661913,0.000865836847387671
"ccme_uranium",10,"weibull",500,0.0513689057316185,0.105662255482827,0.185201566944106,0.267765021312808,0.330457948250477
"ccme_uranium",16,"gamma",500,0.000810698675382244,0.0102969284614627,0.0663823573340404,0.174195410240371,0.328376191830874
"ccme_uranium",16,"lgumbel",500,0.0170702906526404,0.0540909155364236,0.156460544634233,0.320975088576944,0.499407774085124
"ccme_uranium",16,"llogis",500,0.105065904167375,0.147510110649008,0.19876025956884,0.267181740163453,0.333415463395584
"ccme_uranium",16,"lnorm",500,0.12483547828052,0.205635698327193,0.288133855495889,0.338675865313218,0.364202991734386
"ccme_uranium",16,"lnorm_lnorm",500,0.00168785374532291,0.00225547845565895,0.00490830680241241,0.0151458693081112,0.0593355806950177
"ccme_uranium",16,"weibull",500,0.016466416006869,0.0580731612155122,0.155581375385411,0.266061941157766,0.340982705599754
"ccme_uranium",26,"gamma",500,6.69844914250292e-06,0.000522617416937725,0.0129416283301276,0.0827299598465225,0.25396623576162
"ccme_uranium",26,"lgumbel",500,0.00392803218634134,0.0241663388452557,0.105034152268695,0.272648821910312,0.518597512649351
"ccme_uranium",26,"llogis",500,0.0787668325056265,0.135298137942898,0.212424766127498,0.323147637141557,0.429321950813743
"ccme_uranium",26,"lnorm",500,0.0924033341865438,0.200705207703846,0.325820044212782,0.418187002027719,0.456497572067692
"ccme_uranium",26,"lnorm_lnorm",500,0.00834070232017371,0.0113532997857596,0.0203206995632945,0.0550059770130588,0.159561190627573
"ccme_uranium",26,"weibull",500,0.00214268433971354,0.014709989422341,0.0755886386875533,0.229552769095788,0.375905824864198
