"dataset","nrow","distribution","mean_weight","sd_weight","n_sims"
"anzg_alpha_cypermethrin_fresh",5,"gamma",0.00514660864732897,0.0411453785446152,500
"anzg_alpha_cypermethrin_fresh",5,"lgumbel",0.00931509978647577,0.067585902641118,500
"anzg_alpha_cypermethrin_fresh",5,"llogis",0.00422398816962494,0.025562579994356,500
"anzg_alpha_cypermethrin_fresh",5,"lnorm",0.00432030194581818,0.02728584748764,500
"anzg_alpha_cypermethrin_fresh",5,"lnorm_lnorm",0.971999999999779,0.165137945615634,500
"anzg_alpha_cypermethrin_fresh",5,"weibull",0.00499400145097286,0.0364684921363773,500
"anzg_alpha_cypermethrin_fresh",6,"gamma",0.183722246472046,0.120602454415919,500
"anzg_alpha_cypermethrin_fresh",6,"lgumbel",0.237231713171072,0.156977012095247,500
"anzg_alpha_cypermethrin_fresh",6,"llogis",0.177670300153439,0.0382435720941403,500
"anzg_alpha_cypermethrin_fresh",6,"lnorm",0.207114238917361,0.0450198203120732,500
"anzg_alpha_cypermethrin_fresh",6,"lnorm_lnorm",0,0,500
"anzg_alpha_cypermethrin_fresh",6,"weibull",0.194261501286082,0.0829010939391727,500
"anzg_alpha_cypermethrin_fresh",7,"gamma",0.176188529889921,0.133133895971192,500
"anzg_alpha_cypermethrin_fresh",7,"lgumbel",0.242613106852057,0.173451696103636,500
"anzg_alpha_cypermethrin_fresh",7,"llogis",0.180016654377367,0.0470179372006493,500
"anzg_alpha_cypermethrin_fresh",7,"lnorm",0.210238748967194,0.053461445632158,500
"anzg_alpha_cypermethrin_fresh",7,"lnorm_lnorm",1.26684895789206e-12,9.46048691920188e-12,500
"anzg_alpha_cypermethrin_fresh",7,"weibull",0.190942959912194,0.0912177598047552,500
"anzg_alpha_cypermethrin_fresh",8,"gamma",0.17056756206988,0.142262057609641,500
"anzg_alpha_cypermethrin_fresh",8,"lgumbel",0.24237971218557,0.184875298956757,500
"anzg_alpha_cypermethrin_fresh",8,"llogis",0.182625071543288,0.0558536698275462,500
"anzg_alpha_cypermethrin_fresh",8,"lnorm",0.214155341010545,0.0615383260150515,500
"anzg_alpha_cypermethrin_fresh",8,"lnorm_lnorm",3.6432158591216e-06,3.7877897134576e-05,500
"anzg_alpha_cypermethrin_fresh",8,"weibull",0.190268669974859,0.097598562814664,500
"anzg_alpha_cypermethrin_fresh",10,"gamma",0.145109324343768,0.144709112215223,500
"anzg_alpha_cypermethrin_fresh",10,"lgumbel",0.24824723028438,0.199502192829143,500
"anzg_alpha_cypermethrin_fresh",10,"llogis",0.195400521797206,0.0703134660023855,500
"anzg_alpha_cypermethrin_fresh",10,"lnorm",0.227870218249302,0.0709427726450009,500
"anzg_alpha_cypermethrin_fresh",10,"lnorm_lnorm",0.00179349110581099,0.0130933513672317,500
"anzg_alpha_cypermethrin_fresh",10,"weibull",0.181579214219534,0.108100679142674,500
"anzg_alpha_cypermethrin_fresh",16,"gamma",0.0942887990824864,0.137065648042465,500
"anzg_alpha_cypermethrin_fresh",16,"lgumbel",0.241376090443012,0.223437056631723,500
"anzg_alpha_cypermethrin_fresh",16,"llogis",0.21394907856163,0.103729827694913,500
"anzg_alpha_cypermethrin_fresh",16,"lnorm",0.26108658662818,0.104434129167856,500
"anzg_alpha_cypermethrin_fresh",16,"lnorm_lnorm",0.0294814087416767,0.0980199309965969,500
"anzg_alpha_cypermethrin_fresh",16,"weibull",0.159818036543014,0.125883987752349,500
"anzg_alpha_cypermethrin_fresh",26,"gamma",0.036155244692567,0.0846848729000449,500
"anzg_alpha_cypermethrin_fresh",26,"lgumbel",0.205359342353929,0.221860833123921,500
"anzg_alpha_cypermethrin_fresh",26,"llogis",0.247315452422483,0.142017055613242,500
"anzg_alpha_cypermethrin_fresh",26,"lnorm",0.308793914517523,0.133756249776462,500
"anzg_alpha_cypermethrin_fresh",26,"lnorm_lnorm",0.0813471446930961,0.152364423044107,500
"anzg_alpha_cypermethrin_fresh",26,"weibull",0.121028901320402,0.14209019311675,500
"anzg_aluminium_marine",5,"gamma",0.00905946740436555,0.0511182394129827,500
"anzg_aluminium_marine",5,"lgumbel",0.0111014341698713,0.0717504747691063,500
"anzg_aluminium_marine",5,"llogis",0.00654155603695953,0.0310000229984893,500
"anzg_aluminium_marine",5,"lnorm",0.00653887165018936,0.0322991236065267,500
"anzg_aluminium_marine",5,"lnorm_lnorm",0.955999999999777,0.20530050314884,500
"anzg_aluminium_marine",5,"weibull",0.0107586707388371,0.0598045003966848,500
"anzg_aluminium_marine",6,"gamma",0.18745928410222,0.10114090396081,500
"anzg_aluminium_marine",6,"lgumbel",0.230239049866885,0.148033580778328,500
"anzg_aluminium_marine",6,"llogis",0.176599730437432,0.0344529947684502,500
"anzg_aluminium_marine",6,"lnorm",0.207408753371273,0.0414493206112981,500
"anzg_aluminium_marine",6,"lnorm_lnorm",0,0,500
"anzg_aluminium_marine",6,"weibull",0.19829318222219,0.0867515828912421,500
"anzg_aluminium_marine",7,"gamma",0.182061246505755,0.111323701529866,500
"anzg_aluminium_marine",7,"lgumbel",0.232270087548677,0.160057960732865,500
"anzg_aluminium_marine",7,"llogis",0.179245126475362,0.0426914834165213,500
"anzg_aluminium_marine",7,"lnorm",0.212019701036207,0.0482326972539153,500
"anzg_aluminium_marine",7,"lnorm_lnorm",1.14357671666417e-10,1.81668587730992e-09,500
"anzg_aluminium_marine",7,"weibull",0.194403838319641,0.0922774035834739,500
"anzg_aluminium_marine",8,"gamma",0.172211465945688,0.116981746318316,500
"anzg_aluminium_marine",8,"lgumbel",0.237799331290702,0.172769958940869,500
"anzg_aluminium_marine",8,"llogis",0.183287603168748,0.0500352772461381,500
"anzg_aluminium_marine",8,"lnorm",0.217116555794207,0.0536121466400739,500
"anzg_aluminium_marine",8,"lnorm_lnorm",9.82039669330701e-05,0.00208099364356846,500
"anzg_aluminium_marine",8,"weibull",0.189486839833722,0.098591072768168,500
"anzg_aluminium_marine",10,"gamma",0.153481408883245,0.124359192653781,500
"anzg_aluminium_marine",10,"lgumbel",0.242702915886907,0.183951254004774,500
"anzg_aluminium_marine",10,"llogis",0.189900478454837,0.0641606453705533,500
"anzg_aluminium_marine",10,"lnorm",0.229148445932363,0.0656665775325135,500
"anzg_aluminium_marine",10,"lnorm_lnorm",0.00610447954715885,0.0585972978143247,500
"anzg_aluminium_marine",10,"weibull",0.17866227129549,0.105691270147612,500
"anzg_aluminium_marine",16,"gamma",0.111855407044004,0.122940220374687,500
"anzg_aluminium_marine",16,"lgumbel",0.221155802720236,0.199907420141703,500
"anzg_aluminium_marine",16,"llogis",0.206063584711965,0.0979333159780871,500
"anzg_aluminium_marine",16,"lnorm",0.258900514792312,0.0938284247652724,500
"anzg_aluminium_marine",16,"lnorm_lnorm",0.0470350385121851,0.14019952038443,500
"anzg_aluminium_marine",16,"weibull",0.154989652219297,0.115998210519772,500
"anzg_aluminium_marine",26,"gamma",0.0664079102305916,0.103647989717447,500
"anzg_aluminium_marine",26,"lgumbel",0.173218165673577,0.195161857270791,500
"anzg_aluminium_marine",26,"llogis",0.225766764273599,0.136698704067545,500
"anzg_aluminium_marine",26,"lnorm",0.304362997189857,0.134161700148529,500
"anzg_aluminium_marine",26,"lnorm_lnorm",0.105758690156014,0.196240382720306,500
"anzg_aluminium_marine",26,"weibull",0.124485472476362,0.124794000318211,500
"anzg_ametryn_fresh",5,"gamma",0.00536321296465445,0.0445551137301674,500
"anzg_ametryn_fresh",5,"lgumbel",0.00961102191966152,0.0699700800538153,500
"anzg_ametryn_fresh",5,"llogis",0.00422342969744315,0.0256173323634927,500
"anzg_ametryn_fresh",5,"lnorm",0.00414033853367423,0.0259797762315162,500
"anzg_ametryn_fresh",5,"lnorm_lnorm",0.971999999999861,0.165137945615647,500
"anzg_ametryn_fresh",5,"weibull",0.00466199688470533,0.0344258346755285,500
"anzg_ametryn_fresh",6,"gamma",0.193852883836698,0.12115978876762,500
"anzg_ametryn_fresh",6,"lgumbel",0.222933404305521,0.145432533481889,500
"anzg_ametryn_fresh",6,"llogis",0.176771909343903,0.0403679157470661,500
"anzg_ametryn_fresh",6,"lnorm",0.208124572642042,0.0456465386054377,500
"anzg_ametryn_fresh",6,"lnorm_lnorm",0,0,500
"anzg_ametryn_fresh",6,"weibull",0.198317229871836,0.0775140456749035,500
"anzg_ametryn_fresh",7,"gamma",0.191047067053741,0.133275230456045,500
"anzg_ametryn_fresh",7,"lgumbel",0.219005851163412,0.157242018888203,500
"anzg_ametryn_fresh",7,"llogis",0.178827183360881,0.0487096885111244,500
"anzg_ametryn_fresh",7,"lnorm",0.210997182064241,0.054103403636479,500
"anzg_ametryn_fresh",7,"lnorm_lnorm",4.4413405921023e-12,7.50552017879223e-11,500
"anzg_ametryn_fresh",7,"weibull",0.200122716353284,0.0861266992183199,500
"anzg_ametryn_fresh",8,"gamma",0.180921923771988,0.139524682799233,500
"anzg_ametryn_fresh",8,"lgumbel",0.216407067356813,0.15910326148038,500
"anzg_ametryn_fresh",8,"llogis",0.186244080911163,0.0591342102111171,500
"anzg_ametryn_fresh",8,"lnorm",0.218941085005091,0.0593433468590259,500
"anzg_ametryn_fresh",8,"lnorm_lnorm",8.29591232652818e-06,0.000113356046878441,500
"anzg_ametryn_fresh",8,"weibull",0.197477547042618,0.0901017749205952,500
"anzg_ametryn_fresh",10,"gamma",0.160379609440822,0.151723669085983,500
"anzg_ametryn_fresh",10,"lgumbel",0.2228648953663,0.178911078496215,500
"anzg_ametryn_fresh",10,"llogis",0.195075090967896,0.077661727783003,500
"anzg_ametryn_fresh",10,"lnorm",0.229317357648719,0.0738972831235923,500
"anzg_ametryn_fresh",10,"lnorm_lnorm",0.002896661694484,0.0344184859727259,500
"anzg_ametryn_fresh",10,"weibull",0.189466384881778,0.10192574571655,500
"anzg_ametryn_fresh",16,"gamma",0.110888083227398,0.155091844404216,500
"anzg_ametryn_fresh",16,"lgumbel",0.201049751058776,0.205755801343296,500
"anzg_ametryn_fresh",16,"llogis",0.225307087324577,0.119035826829529,500
"anzg_ametryn_fresh",16,"lnorm",0.249256756335475,0.108070383528675,500
"anzg_ametryn_fresh",16,"lnorm_lnorm",0.0374913730113224,0.124087055018694,500
"anzg_ametryn_fresh",16,"weibull",0.176006949042451,0.135071739616522,500
"anzg_ametryn_fresh",26,"gamma",0.0548663225351271,0.110672540840295,500
"anzg_ametryn_fresh",26,"lgumbel",0.158461688577915,0.213205710633961,500
"anzg_ametryn_fresh",26,"llogis",0.266434921250925,0.163579618963168,500
"anzg_ametryn_fresh",26,"lnorm",0.277948850190795,0.141316927579045,500
"anzg_ametryn_fresh",26,"lnorm_lnorm",0.0843189028792749,0.170106703066146,500
"anzg_ametryn_fresh",26,"weibull",0.157969314565962,0.164920823787554,500
"anzg_ammonia_fresh",5,"gamma",0.00536480233906391,0.0380446610076211,500
"anzg_ammonia_fresh",5,"lgumbel",0.00928286852320621,0.0681972358301802,500
"anzg_ammonia_fresh",5,"llogis",0.00465086544580263,0.0268307790360577,500
"anzg_ammonia_fresh",5,"lnorm",0.00462544728831926,0.0276697192818044,500
"anzg_ammonia_fresh",5,"lnorm_lnorm",0.969999999999835,0.17075806462143,500
"anzg_ammonia_fresh",5,"weibull",0.00607601640377303,0.0430669062652509,500
"anzg_ammonia_fresh",6,"gamma",0.196802320626932,0.0818711801390658,500
"anzg_ammonia_fresh",6,"lgumbel",0.216595907062424,0.14240334513677,500
"anzg_ammonia_fresh",6,"llogis",0.174971839431502,0.0310133084127281,500
"anzg_ammonia_fresh",6,"lnorm",0.206007924812314,0.0368139462766006,500
"anzg_ammonia_fresh",6,"lnorm_lnorm",0,0,500
"anzg_ammonia_fresh",6,"weibull",0.205622008066829,0.0907659780019435,500
"anzg_ammonia_fresh",7,"gamma",0.193327841189255,0.0931157567258695,500
"anzg_ammonia_fresh",7,"lgumbel",0.219331714880058,0.162400945193064,500
"anzg_ammonia_fresh",7,"llogis",0.176787426771685,0.0384167653506625,500
"anzg_ammonia_fresh",7,"lnorm",0.207131775495644,0.0442301141076047,500
"anzg_ammonia_fresh",7,"lnorm_lnorm",3.21497131785854e-12,2.93596200062302e-11,500
"anzg_ammonia_fresh",7,"weibull",0.203421241660143,0.101031121612216,500
"anzg_ammonia_fresh",8,"gamma",0.187692380711395,0.1015558430844,500
"anzg_ammonia_fresh",8,"lgumbel",0.224642820216872,0.175062087038205,500
"anzg_ammonia_fresh",8,"llogis",0.178713445053302,0.0436774835506584,500
"anzg_ammonia_fresh",8,"lnorm",0.20940099718099,0.0495634077858874,500
"anzg_ammonia_fresh",8,"lnorm_lnorm",8.09998727982677e-06,7.82037237443625e-05,500
"anzg_ammonia_fresh",8,"weibull",0.19954225685016,0.111463342926523,500
"anzg_ammonia_fresh",10,"gamma",0.181884313212034,0.115538013688395,500
"anzg_ammonia_fresh",10,"lgumbel",0.230751392552706,0.201364077263067,500
"anzg_ammonia_fresh",10,"llogis",0.178994932195674,0.0559969446955789,500
"anzg_ammonia_fresh",10,"lnorm",0.210979581791244,0.0615614838129131,500
"anzg_ammonia_fresh",10,"lnorm_lnorm",0.00364080133255993,0.0283042604874899,500
"anzg_ammonia_fresh",10,"weibull",0.193748978915783,0.124137607465006,500
"anzg_ammonia_fresh",16,"gamma",0.147455115120105,0.13700016390284,500
"anzg_ammonia_fresh",16,"lgumbel",0.235630109766732,0.232877361294701,500
"anzg_ammonia_fresh",16,"llogis",0.201915009030423,0.109524297166347,500
"anzg_ammonia_fresh",16,"lnorm",0.220748913328644,0.0956041891953518,500
"anzg_ammonia_fresh",16,"lnorm_lnorm",0.0354090657247736,0.103659069205309,500
"anzg_ammonia_fresh",16,"weibull",0.158841787029323,0.139585192749495,500
"anzg_ammonia_fresh",26,"gamma",0.11042988990587,0.136630536610404,500
"anzg_ammonia_fresh",26,"lgumbel",0.198742805900274,0.242095987630605,500
"anzg_ammonia_fresh",26,"llogis",0.25058583302028,0.173508095646986,500
"anzg_ammonia_fresh",26,"lnorm",0.243350215914326,0.135881985538388,500
"anzg_ammonia_fresh",26,"lnorm_lnorm",0.0746410682526256,0.14464788251014,500
"anzg_ammonia_fresh",26,"weibull",0.122250187006624,0.139233225469303,500
"anzg_bisphenol_a_fresh",5,"gamma",0.00414386355715595,0.0343232787890188,500
"anzg_bisphenol_a_fresh",5,"lgumbel",0.00373758982330373,0.0369776310648578,500
"anzg_bisphenol_a_fresh",5,"llogis",0.00269015859194952,0.0201446192234876,500
"anzg_bisphenol_a_fresh",5,"lnorm",0.00300155537716466,0.0233138594829652,500
"anzg_bisphenol_a_fresh",5,"lnorm_lnorm",0.981999999999743,0.133084269715403,500
"anzg_bisphenol_a_fresh",5,"weibull",0.00442683265068279,0.0363701885606556,500
"anzg_bisphenol_a_fresh",6,"gamma",0.174039548826309,0.0985717134176641,500
"anzg_bisphenol_a_fresh",6,"lgumbel",0.241932694725409,0.137187830408313,500
"anzg_bisphenol_a_fresh",6,"llogis",0.180609031551754,0.0352326616419217,500
"anzg_bisphenol_a_fresh",6,"lnorm",0.21493491987428,0.0365293256880702,500
"anzg_bisphenol_a_fresh",6,"lnorm_lnorm",0,0,500
"anzg_bisphenol_a_fresh",6,"weibull",0.188483805022247,0.0777343098249905,500
"anzg_bisphenol_a_fresh",7,"gamma",0.165229950173425,0.107019653703255,500
"anzg_bisphenol_a_fresh",7,"lgumbel",0.246971674444204,0.151325759765129,500
"anzg_bisphenol_a_fresh",7,"llogis",0.182430776614843,0.0410575060073225,500
"anzg_bisphenol_a_fresh",7,"lnorm",0.219778279595742,0.0427118063551198,500
"anzg_bisphenol_a_fresh",7,"lnorm_lnorm",3.83464086505239e-12,3.65339209876659e-11,500
"anzg_bisphenol_a_fresh",7,"weibull",0.185589319167951,0.0856662568549558,500
"anzg_bisphenol_a_fresh",8,"gamma",0.157218905625972,0.112919502700352,500
"anzg_bisphenol_a_fresh",8,"lgumbel",0.252789623667223,0.163549981471491,500
"anzg_bisphenol_a_fresh",8,"llogis",0.183823164074958,0.0459828316508863,500
"anzg_bisphenol_a_fresh",8,"lnorm",0.225304385294912,0.0482932872550813,500
"anzg_bisphenol_a_fresh",8,"lnorm_lnorm",4.60763242331201e-06,5.48326006122305e-05,500
"anzg_bisphenol_a_fresh",8,"weibull",0.180859313704512,0.0892838387042497,500
"anzg_bisphenol_a_fresh",10,"gamma",0.142467579249389,0.120631711898657,500
"anzg_bisphenol_a_fresh",10,"lgumbel",0.248066581631482,0.17234478283687,500
"anzg_bisphenol_a_fresh",10,"llogis",0.190778988166987,0.0621809825003186,500
"anzg_bisphenol_a_fresh",10,"lnorm",0.239162686928307,0.0611284806723974,500
"anzg_bisphenol_a_fresh",10,"lnorm_lnorm",0.00358285419962312,0.0460765855585831,500
"anzg_bisphenol_a_fresh",10,"weibull",0.175941309824212,0.0972449810488133,500
"anzg_bisphenol_a_fresh",16,"gamma",0.100538958948898,0.124183323438827,500
"anzg_bisphenol_a_fresh",16,"lgumbel",0.235653837231262,0.193088088022856,500
"anzg_bisphenol_a_fresh",16,"llogis",0.204885390352032,0.0944103735982373,500
"anzg_bisphenol_a_fresh",16,"lnorm",0.270297455774584,0.0903840749513853,500
"anzg_bisphenol_a_fresh",16,"lnorm_lnorm",0.0364645506467265,0.108005677253173,500
"anzg_bisphenol_a_fresh",16,"weibull",0.152159807046497,0.115403144824739,500
"anzg_bisphenol_a_fresh",26,"gamma",0.0515258449611989,0.0938167124069928,500
"anzg_bisphenol_a_fresh",26,"lgumbel",0.201493248109416,0.208044327715456,500
"anzg_bisphenol_a_fresh",26,"llogis",0.219698034761042,0.126296113589378,500
"anzg_bisphenol_a_fresh",26,"lnorm",0.318714967373699,0.130691687553349,500
"anzg_bisphenol_a_fresh",26,"lnorm_lnorm",0.0919623186068027,0.157738465621621,500
"anzg_bisphenol_a_fresh",26,"weibull",0.116605586187842,0.121431218086658,500
"anzg_bisphenol_a_marine",5,"gamma",0.00813633090723066,0.0536305314653314,500
"anzg_bisphenol_a_marine",5,"lgumbel",0.0087607258633517,0.0655523537451465,500
"anzg_bisphenol_a_marine",5,"llogis",0.00482539573079139,0.0264551408622927,500
"anzg_bisphenol_a_marine",5,"lnorm",0.00463896497863741,0.0263088810084483,500
"anzg_bisphenol_a_marine",5,"lnorm_lnorm",0.965999999999778,0.181410638164534,500
"anzg_bisphenol_a_marine",5,"weibull",0.00763858252021066,0.0485518243641878,500
"anzg_bisphenol_a_marine",6,"gamma",0.190172924712923,0.121363908614522,500
"anzg_bisphenol_a_marine",6,"lgumbel",0.227561148038916,0.15500101284578,500
"anzg_bisphenol_a_marine",6,"llogis",0.178834238538888,0.03965753561786,500
"anzg_bisphenol_a_marine",6,"lnorm",0.205307613755075,0.046670148156803,500
"anzg_bisphenol_a_marine",6,"lnorm_lnorm",0,0,500
"anzg_bisphenol_a_marine",6,"weibull",0.198124074954198,0.0850265710799201,500
"anzg_bisphenol_a_marine",7,"gamma",0.175380902292284,0.132914856803802,500
"anzg_bisphenol_a_marine",7,"lgumbel",0.238956519633676,0.171809707132981,500
"anzg_bisphenol_a_marine",7,"llogis",0.18502286932629,0.0490921776811121,500
"anzg_bisphenol_a_marine",7,"lnorm",0.209880994927155,0.0547163242394894,500
"anzg_bisphenol_a_marine",7,"lnorm_lnorm",1.13394513305807e-12,8.26365118633225e-12,500
"anzg_bisphenol_a_marine",7,"weibull",0.190758713819461,0.094853653812047,500
"anzg_bisphenol_a_marine",8,"gamma",0.168314211313104,0.141352603046309,500
"anzg_bisphenol_a_marine",8,"lgumbel",0.235478744032161,0.186909146358821,500
"anzg_bisphenol_a_marine",8,"llogis",0.192748853243868,0.0602536480149773,500
"anzg_bisphenol_a_marine",8,"lnorm",0.213316929723576,0.0630025969732667,500
"anzg_bisphenol_a_marine",8,"lnorm_lnorm",7.29287269685858e-06,8.0473490652978e-05,500
"anzg_bisphenol_a_marine",8,"weibull",0.190133968814594,0.101885067264687,500
"anzg_bisphenol_a_marine",10,"gamma",0.1590115427309,0.158576915553144,500
"anzg_bisphenol_a_marine",10,"lgumbel",0.235722663569291,0.205533772636,500
"anzg_bisphenol_a_marine",10,"llogis",0.200737849235429,0.0787559405111963,500
"anzg_bisphenol_a_marine",10,"lnorm",0.216705945167703,0.0768185442271559,500
"anzg_bisphenol_a_marine",10,"lnorm_lnorm",0.0018115903687725,0.0175471683097741,500
"anzg_bisphenol_a_marine",10,"weibull",0.186010408927904,0.115467197272455,500
"anzg_bisphenol_a_marine",16,"gamma",0.105348801885595,0.153879895863872,500
"anzg_bisphenol_a_marine",16,"lgumbel",0.224037621516439,0.229876515152303,500
"anzg_bisphenol_a_marine",16,"llogis",0.238378113260462,0.12555298276041,500
"anzg_bisphenol_a_marine",16,"lnorm",0.237629256636226,0.110921589677261,500
"anzg_bisphenol_a_marine",16,"lnorm_lnorm",0.0304483081968601,0.101957808560637,500
"anzg_bisphenol_a_marine",16,"weibull",0.164157898504418,0.140037788860864,500
"anzg_bisphenol_a_marine",26,"gamma",0.0519028653653052,0.121194795145145,500
"anzg_bisphenol_a_marine",26,"lgumbel",0.166164108426126,0.219861660810418,500
"anzg_bisphenol_a_marine",26,"llogis",0.302609019210993,0.180568440436072,500
"anzg_bisphenol_a_marine",26,"lnorm",0.263030862235455,0.152022339511576,500
"anzg_bisphenol_a_marine",26,"lnorm_lnorm",0.0808355579079601,0.154825534421561,500
"anzg_bisphenol_a_marine",26,"weibull",0.135457586854161,0.162311423913368,500
"anzg_boron_fresh",5,"gamma",0.00680010820539914,0.0407432758646457,500
"anzg_boron_fresh",5,"lgumbel",0.0116579266192815,0.0732798035829949,500
"anzg_boron_fresh",5,"llogis",0.00588250510083693,0.029998449610315,500
"anzg_boron_fresh",5,"lnorm",0.00586971081600714,0.0309686395161221,500
"anzg_boron_fresh",5,"lnorm_lnorm",0.961999999999841,0.191387717779961,500
"anzg_boron_fresh",5,"weibull",0.00778974925863419,0.0497370280290411,500
"anzg_boron_fresh",6,"gamma",0.195119197442425,0.0817126264526877,500
"anzg_boron_fresh",6,"lgumbel",0.224435803630353,0.140807011959696,500
"anzg_boron_fresh",6,"llogis",0.173528880420262,0.0293548776518673,500
"anzg_boron_fresh",6,"lnorm",0.206720802767338,0.0338690187423969,500
"anzg_boron_fresh",6,"lnorm_lnorm",0,0,500
"anzg_boron_fresh",6,"weibull",0.200195315739621,0.0890534362435377,500
"anzg_boron_fresh",7,"gamma",0.194449655921389,0.0886671709859198,500
"anzg_boron_fresh",7,"lgumbel",0.219804239330677,0.150929234796452,500
"anzg_boron_fresh",7,"llogis",0.174331919873369,0.035218416805907,500
"anzg_boron_fresh",7,"lnorm",0.209912466506828,0.0413662856281447,500
"anzg_boron_fresh",7,"lnorm_lnorm",6.52204040358966e-13,5.95259311569219e-12,500
"anzg_boron_fresh",7,"weibull",0.201501718367084,0.0975501337388145,500
"anzg_boron_fresh",8,"gamma",0.190961358324142,0.097822607944444,500
"anzg_boron_fresh",8,"lgumbel",0.222154837876673,0.164719379171906,500
"anzg_boron_fresh",8,"llogis",0.175918928947377,0.0418668587334209,500
"anzg_boron_fresh",8,"lnorm",0.212734801707731,0.0476047361342608,500
"anzg_boron_fresh",8,"lnorm_lnorm",2.09413373749602e-06,2.53759446578067e-05,500
"anzg_boron_fresh",8,"weibull",0.198227979010338,0.104321211548479,500
"anzg_boron_fresh",10,"gamma",0.186077253386223,0.111504805966158,500
"anzg_boron_fresh",10,"lgumbel",0.221175816400927,0.183504288493533,500
"anzg_boron_fresh",10,"llogis",0.178394183709096,0.0559698097213288,500
"anzg_boron_fresh",10,"lnorm",0.217794913051406,0.0600074919747585,500
"anzg_boron_fresh",10,"lnorm_lnorm",0.00102340595610493,0.00447292208111783,500
"anzg_boron_fresh",10,"weibull",0.195534427496243,0.116260917350552,500
"anzg_boron_fresh",16,"gamma",0.156361823191598,0.126907968820677,500
"anzg_boron_fresh",16,"lgumbel",0.209078512277142,0.206562880852848,500
"anzg_boron_fresh",16,"llogis",0.194247994616341,0.100788427666304,500
"anzg_boron_fresh",16,"lnorm",0.239135269767715,0.0868377890257749,500
"anzg_boron_fresh",16,"lnorm_lnorm",0.0327704840054489,0.0945633424011835,500
"anzg_boron_fresh",16,"weibull",0.168405916141755,0.12979862671272,500
"anzg_boron_fresh",26,"gamma",0.122900954362662,0.130913976251539,500
"anzg_boron_fresh",26,"lgumbel",0.168525583565383,0.202135828367973,500
"anzg_boron_fresh",26,"llogis",0.21201838600331,0.1404290928833,500
"anzg_boron_fresh",26,"lnorm",0.282622422728806,0.126171148292258,500
"anzg_boron_fresh",26,"lnorm_lnorm",0.0776570300576685,0.150770927021734,500
"anzg_boron_fresh",26,"weibull",0.136275623282171,0.133040611923521,500
"anzg_chlorine_marine",5,"gamma",0.00896326069104211,0.0478551974439,500
"anzg_chlorine_marine",5,"lgumbel",0.00738904699248069,0.0505681332853165,500
"anzg_chlorine_marine",5,"llogis",0.00593467290216178,0.0293251273706847,500
"anzg_chlorine_marine",5,"lnorm",0.00635229214704482,0.0326143606118081,500
"anzg_chlorine_marine",5,"lnorm_lnorm",0.959999999999807,0.196155433031563,500
"anzg_chlorine_marine",5,"weibull",0.0113607272674632,0.0626055825900378,500
"anzg_chlorine_marine",6,"gamma",0.199855048864547,0.0765929695947401,500
"anzg_chlorine_marine",6,"lgumbel",0.210111516638424,0.139206565077339,500
"anzg_chlorine_marine",6,"llogis",0.175487214250068,0.0288015635882284,500
"anzg_chlorine_marine",6,"lnorm",0.204209510272976,0.0382212217617896,500
"anzg_chlorine_marine",6,"lnorm_lnorm",0,0,500
"anzg_chlorine_marine",6,"weibull",0.210336709973986,0.097486657950095,500
"anzg_chlorine_marine",7,"gamma",0.198981981821025,0.0863549588335094,500
"anzg_chlorine_marine",7,"lgumbel",0.207189680868616,0.150693448137848,500
"anzg_chlorine_marine",7,"llogis",0.177991070870252,0.0370869314768921,500
"anzg_chlorine_marine",7,"lnorm",0.206667684648084,0.0447920555858373,500
"anzg_chlorine_marine",7,"lnorm_lnorm",2.04842683577842e-11,3.34946145593455e-10,500
"anzg_chlorine_marine",7,"weibull",0.20916958177154,0.105397621067249,500
"anzg_chlorine_marine",8,"gamma",0.198818740944104,0.0932535241793184,500
"anzg_chlorine_marine",8,"lgumbel",0.203892829550503,0.161179367718326,500
"anzg_chlorine_marine",8,"llogis",0.180601062024039,0.0452760801754211,500
"anzg_chlorine_marine",8,"lnorm",0.209954290109092,0.0494068374751181,500
"anzg_chlorine_marine",8,"lnorm_lnorm",3.62008574607272e-05,0.000534129910313485,500
"anzg_chlorine_marine",8,"weibull",0.206696876514802,0.108324331407689,500
"anzg_chlorine_marine",10,"gamma",0.191990848451413,0.110258053954299,500
"anzg_chlorine_marine",10,"lgumbel",0.209993564650791,0.194385168703913,500
"anzg_chlorine_marine",10,"llogis",0.185269124922966,0.0596982891106409,500
"anzg_chlorine_marine",10,"lnorm",0.211357658236034,0.0628989241929321,500
"anzg_chlorine_marine",10,"lnorm_lnorm",0.00420508884076145,0.0388646897548499,500
"anzg_chlorine_marine",10,"weibull",0.197183714898034,0.119665788731073,500
"anzg_chlorine_marine",16,"gamma",0.169660259692816,0.130357826893284,500
"anzg_chlorine_marine",16,"lgumbel",0.194614974543257,0.215536393600072,500
"anzg_chlorine_marine",16,"llogis",0.205047169933507,0.106664731757421,500
"anzg_chlorine_marine",16,"lnorm",0.228229998758064,0.0944098352992122,500
"anzg_chlorine_marine",16,"lnorm_lnorm",0.0286816453782325,0.0940970328601102,500
"anzg_chlorine_marine",16,"weibull",0.173765951694124,0.133112770687039,500
"anzg_chlorine_marine",26,"gamma",0.13895707471528,0.142347610028354,500
"anzg_chlorine_marine",26,"lgumbel",0.158963067800493,0.225926271514006,500
"anzg_chlorine_marine",26,"llogis",0.243258954969238,0.160958667373736,500
"anzg_chlorine_marine",26,"lnorm",0.251520387290659,0.135816837038182,500
"anzg_chlorine_marine",26,"lnorm_lnorm",0.0670789642627604,0.143316414185505,500
"anzg_chlorine_marine",26,"weibull",0.14022155096157,0.142817980074508,500
"anzg_chromium_III_fresh",5,"gamma",0.0265738518582769,0.104104150500685,500
"anzg_chromium_III_fresh",5,"lgumbel",0.00599185003162383,0.0416236209028801,500
"anzg_chromium_III_fresh",5,"llogis",0.00811857772261708,0.0308093111318914,500
"anzg_chromium_III_fresh",5,"lnorm",0.00768697233462425,0.0311571760735545,500
"anzg_chromium_III_fresh",5,"lnorm_lnorm",0.92999999999978,0.255402546819355,500
"anzg_chromium_III_fresh",5,"weibull",0.0216287480530777,0.0829230865915129,500
"anzg_chromium_III_fresh",6,"gamma",0.267912446932513,0.105475233012821,500
"anzg_chromium_III_fresh",6,"lgumbel",0.1395346350715,0.108905630485535,500
"anzg_chromium_III_fresh",6,"llogis",0.155225688815687,0.0353066064113464,500
"anzg_chromium_III_fresh",6,"lnorm",0.180506083050986,0.0537426464881791,500
"anzg_chromium_III_fresh",6,"lnorm_lnorm",0,0,500
"anzg_chromium_III_fresh",6,"weibull",0.256821146129314,0.0865853864958372,500
"anzg_chromium_III_fresh",7,"gamma",0.282775221320087,0.112379163719669,500
"anzg_chromium_III_fresh",7,"lgumbel",0.120431839357392,0.110758517538897,500
"anzg_chromium_III_fresh",7,"llogis",0.150908231856549,0.0414806051166281,500
"anzg_chromium_III_fresh",7,"lnorm",0.17324512386649,0.0629596890985265,500
"anzg_chromium_III_fresh",7,"lnorm_lnorm",1.03217333109545e-10,1.69367546851741e-09,500
"anzg_chromium_III_fresh",7,"weibull",0.272639583496265,0.0955907047638155,500
"anzg_chromium_III_fresh",8,"gamma",0.298422189514296,0.118679293423194,500
"anzg_chromium_III_fresh",8,"lgumbel",0.105504246326741,0.111943112282886,500
"anzg_chromium_III_fresh",8,"llogis",0.145486980411627,0.0465665905913546,500
"anzg_chromium_III_fresh",8,"lnorm",0.16643069701521,0.0691563975290593,500
"anzg_chromium_III_fresh",8,"lnorm_lnorm",1.25868037668849e-05,0.000258313529649318,500
"anzg_chromium_III_fresh",8,"weibull",0.284143299928359,0.0992745055468829,500
"anzg_chromium_III_fresh",10,"gamma",0.323254064645524,0.131022569929784,500
"anzg_chromium_III_fresh",10,"lgumbel",0.0794009911723056,0.101342108727354,500
"anzg_chromium_III_fresh",10,"llogis",0.136957938109563,0.0603096423810765,500
"anzg_chromium_III_fresh",10,"lnorm",0.155486048103872,0.082605255802321,500
"anzg_chromium_III_fresh",10,"lnorm_lnorm",0.00140301814572875,0.0114573261132037,500
"anzg_chromium_III_fresh",10,"weibull",0.303497939823007,0.10316569057447,500
"anzg_chromium_III_fresh",16,"gamma",0.369408058532536,0.145041614358423,500
"anzg_chromium_III_fresh",16,"lgumbel",0.0329186769693857,0.0741928833710219,500
"anzg_chromium_III_fresh",16,"llogis",0.104788101204298,0.0785844278306665,500
"anzg_chromium_III_fresh",16,"lnorm",0.116653109895699,0.0996306268723595,500
"anzg_chromium_III_fresh",16,"lnorm_lnorm",0.0414855940655075,0.122342420517506,500
"anzg_chromium_III_fresh",16,"weibull",0.334746459332574,0.10989056287907,500
"anzg_chromium_III_fresh",26,"gamma",0.401395631662032,0.159044798793253,500
"anzg_chromium_III_fresh",26,"lgumbel",0.00605508681109376,0.0194292631999972,500
"anzg_chromium_III_fresh",26,"llogis",0.0691909286250284,0.0977426335845408,500
"anzg_chromium_III_fresh",26,"lnorm",0.0746835162244754,0.105776913243289,500
"anzg_chromium_III_fresh",26,"lnorm_lnorm",0.102401706055373,0.188301278346042,500
"anzg_chromium_III_fresh",26,"weibull",0.346273130621997,0.116624859321797,500
"anzg_copper_marine",5,"gamma",0.00435017606093246,0.0310642144030071,500
"anzg_copper_marine",5,"lgumbel",0.00972930896832892,0.0671908725145863,500
"anzg_copper_marine",5,"llogis",0.0045515762448823,0.0270488448644976,500
"anzg_copper_marine",5,"lnorm",0.00477723323540119,0.0291395091444869,500
"anzg_copper_marine",5,"lnorm_lnorm",0.97199999999987,0.165137945615649,500
"anzg_copper_marine",5,"weibull",0.00459170549058499,0.0339518609128642,500
"anzg_copper_marine",6,"gamma",0.189909461122326,0.0902417312086448,500
"anzg_copper_marine",6,"lgumbel",0.225177526063882,0.150880961783498,500
"anzg_copper_marine",6,"llogis",0.177898098546589,0.0330041881536768,500
"anzg_copper_marine",6,"lnorm",0.204868832152026,0.0398784794380663,500
"anzg_copper_marine",6,"lnorm_lnorm",0,0,500
"anzg_copper_marine",6,"weibull",0.202146082115177,0.0954147319455775,500
"anzg_copper_marine",7,"gamma",0.184657223185584,0.101789015360867,500
"anzg_copper_marine",7,"lgumbel",0.230131317528616,0.171073850578939,500
"anzg_copper_marine",7,"llogis",0.180303841653808,0.0419085890791088,500
"anzg_copper_marine",7,"lnorm",0.205360396130228,0.0491418368153384,500
"anzg_copper_marine",7,"lnorm_lnorm",6.26164694207193e-12,1.14397874765951e-10,500
"anzg_copper_marine",7,"weibull",0.199547221495503,0.109056312950233,500
"anzg_copper_marine",8,"gamma",0.177017856767423,0.106827015240167,500
"anzg_copper_marine",8,"lgumbel",0.231130242859724,0.17630447166547,500
"anzg_copper_marine",8,"llogis",0.187593832488647,0.0538708239871934,500
"anzg_copper_marine",8,"lnorm",0.211660419696771,0.0539037740687629,500
"anzg_copper_marine",8,"lnorm_lnorm",1.35032652842801e-05,0.000235667103139435,500
"anzg_copper_marine",8,"weibull",0.192584144922151,0.111916070909044,500
"anzg_copper_marine",10,"gamma",0.162831843310475,0.118181493942666,500
"anzg_copper_marine",10,"lgumbel",0.243158397380943,0.201149529104409,500
"anzg_copper_marine",10,"llogis",0.196116909519772,0.0700128562406404,500
"anzg_copper_marine",10,"lnorm",0.217174038801562,0.0653965288446262,500
"anzg_copper_marine",10,"lnorm_lnorm",0.00153551639188321,0.016296410653478,500
"anzg_copper_marine",10,"weibull",0.179183294595366,0.120468095734296,500
"anzg_copper_marine",16,"gamma",0.127164112039907,0.124903064361247,500
"anzg_copper_marine",16,"lgumbel",0.219897781610141,0.21652988253821,500
"anzg_copper_marine",16,"llogis",0.226481073360657,0.120307444044757,500
"anzg_copper_marine",16,"lnorm",0.244118798266671,0.0960445706462356,500
"anzg_copper_marine",16,"lnorm_lnorm",0.0341793688471605,0.112628004378949,500
"anzg_copper_marine",16,"weibull",0.148158865875464,0.128400359754462,500
"anzg_copper_marine",26,"gamma",0.0786534237066299,0.111316829739687,500
"anzg_copper_marine",26,"lgumbel",0.175126310817753,0.216678647420196,500
"anzg_copper_marine",26,"llogis",0.28128931407328,0.167749846429142,500
"anzg_copper_marine",26,"lnorm",0.276629797823815,0.132567491855186,500
"anzg_copper_marine",26,"lnorm_lnorm",0.0855983814081929,0.172965246917016,500
"anzg_copper_marine",26,"weibull",0.102702772170329,0.121673725498125,500
"anzg_dioxins_fresh",5,"gamma",0.0226694822841017,0.0987925512486532,500
"anzg_dioxins_fresh",5,"lgumbel",0.00764464155044763,0.0472429968978114,500
"anzg_dioxins_fresh",5,"llogis",0.00722694526996255,0.0296039633673318,500
"anzg_dioxins_fresh",5,"lnorm",0.00754584189237833,0.0335546205432629,500
"anzg_dioxins_fresh",5,"lnorm_lnorm",0.937999999999685,0.2413970693487,500
"anzg_dioxins_fresh",5,"weibull",0.0169130890034246,0.0708090460576093,500
"anzg_dioxins_fresh",6,"gamma",0.271554419535884,0.118919623739362,500
"anzg_dioxins_fresh",6,"lgumbel",0.145638521646898,0.121344487709766,500
"anzg_dioxins_fresh",6,"llogis",0.154208272123341,0.0373005990186582,500
"anzg_dioxins_fresh",6,"lnorm",0.178833828410645,0.0553046565724426,500
"anzg_dioxins_fresh",6,"lnorm_lnorm",0,0,500
"anzg_dioxins_fresh",6,"weibull",0.249764958283232,0.0858427384186595,500
"anzg_dioxins_fresh",7,"gamma",0.28689911001495,0.129997208818418,500
"anzg_dioxins_fresh",7,"lgumbel",0.128574538441182,0.12108788355823,500
"anzg_dioxins_fresh",7,"llogis",0.150568988700249,0.0440926595131393,500
"anzg_dioxins_fresh",7,"lnorm",0.174092939744127,0.0645520721061537,500
"anzg_dioxins_fresh",7,"lnorm_lnorm",8.16545114451077e-11,1.79197685553814e-09,500
"anzg_dioxins_fresh",7,"weibull",0.259864423017838,0.0893215833307705,500
"anzg_dioxins_fresh",8,"gamma",0.301533567929367,0.141138157961194,500
"anzg_dioxins_fresh",8,"lgumbel",0.111662138467443,0.114603728822116,500
"anzg_dioxins_fresh",8,"llogis",0.147273433197826,0.0533414364703801,500
"anzg_dioxins_fresh",8,"lnorm",0.169231037214142,0.0750038837930136,500
"anzg_dioxins_fresh",8,"lnorm_lnorm",2.90789348446716e-06,3.19113109216602e-05,500
"anzg_dioxins_fresh",8,"weibull",0.270296915297738,0.0932211115479739,500
"anzg_dioxins_fresh",10,"gamma",0.324851961013887,0.160797905724657,500
"anzg_dioxins_fresh",10,"lgumbel",0.0917699740288712,0.114887352273584,500
"anzg_dioxins_fresh",10,"llogis",0.138957547613747,0.0650289916602643,500
"anzg_dioxins_fresh",10,"lnorm",0.15863862124828,0.0904178972158925,500
"anzg_dioxins_fresh",10,"lnorm_lnorm",0.00319251866043285,0.044527046027925,500
"anzg_dioxins_fresh",10,"weibull",0.282589377434781,0.102169149594644,500
"anzg_dioxins_fresh",16,"gamma",0.357592439531993,0.171867236186461,500
"anzg_dioxins_fresh",16,"lgumbel",0.0445118837100828,0.0853821387425927,500
"anzg_dioxins_fresh",16,"llogis",0.114300516613977,0.0855211788657469,500
"anzg_dioxins_fresh",16,"lnorm",0.130295706955786,0.111660276697278,500
"anzg_dioxins_fresh",16,"lnorm_lnorm",0.0444127687117465,0.120469806905722,500
"anzg_dioxins_fresh",16,"weibull",0.308886684476414,0.110481122446951,500
"anzg_dioxins_fresh",26,"gamma",0.390389936300728,0.187523100797935,500
"anzg_dioxins_fresh",26,"lgumbel",0.0113532581568757,0.0346686515630326,500
"anzg_dioxins_fresh",26,"llogis",0.0789863407709138,0.095185943313398,500
"anzg_dioxins_fresh",26,"lnorm",0.0897777971741149,0.121388492048342,500
"anzg_dioxins_fresh",26,"lnorm_lnorm",0.0970770630945911,0.203095057332524,500
"anzg_dioxins_fresh",26,"weibull",0.332415604502776,0.122903020204731,500
"anzg_diuron_fresh",5,"gamma",0.00305856889024651,0.0266915245582479,500
"anzg_diuron_fresh",5,"lgumbel",0.0108830920991736,0.0746319894839001,500
"anzg_diuron_fresh",5,"llogis",0.00420818159550583,0.0260805255437494,500
"anzg_diuron_fresh",5,"lnorm",0.00420181300300877,0.0266311881934937,500
"anzg_diuron_fresh",5,"lnorm_lnorm",0.97399999999984,0.15929453694019,500
"anzg_diuron_fresh",5,"weibull",0.00364834441222559,0.0300671246096346,500
"anzg_diuron_fresh",6,"gamma",0.134135820992403,0.0993773627928465,500
"anzg_diuron_fresh",6,"lgumbel",0.31405667959551,0.169338204174844,500
"anzg_diuron_fresh",6,"llogis",0.18368403463639,0.0317185581452837,500
"anzg_diuron_fresh",6,"lnorm",0.211187231539683,0.0418528174663214,500
"anzg_diuron_fresh",6,"lnorm_lnorm",0,0,500
"anzg_diuron_fresh",6,"weibull",0.156936233236014,0.0828231637194884,500
"anzg_diuron_fresh",7,"gamma",0.112921449764092,0.0997877355637558,500
"anzg_diuron_fresh",7,"lgumbel",0.342446171025671,0.183910428090524,500
"anzg_diuron_fresh",7,"llogis",0.187831913043515,0.0390150399036048,500
"anzg_diuron_fresh",7,"lnorm",0.214987444279157,0.0495345425048369,500
"anzg_diuron_fresh",7,"lnorm_lnorm",3.4685546385222e-11,7.304833275907e-10,500
"anzg_diuron_fresh",7,"weibull",0.141813021852879,0.0858678470512201,500
"anzg_diuron_fresh",8,"gamma",0.0987768842650409,0.102273864402415,500
"anzg_diuron_fresh",8,"lgumbel",0.368695573408694,0.20036549994991,500
"anzg_diuron_fresh",8,"llogis",0.18773238199623,0.044130242093201,500
"anzg_diuron_fresh",8,"lnorm",0.215236876281812,0.0570236136055368,500
"anzg_diuron_fresh",8,"lnorm_lnorm",6.47458641364141e-06,6.14524260485654e-05,500
"anzg_diuron_fresh",8,"weibull",0.129551809461809,0.0891564513653203,500
"anzg_diuron_fresh",10,"gamma",0.0717631337325608,0.0977086399791247,500
"anzg_diuron_fresh",10,"lgumbel",0.414041612760167,0.220726577559527,500
"anzg_diuron_fresh",10,"llogis",0.190674042721598,0.0594342907954449,500
"anzg_diuron_fresh",10,"lnorm",0.213180575401879,0.0726441469255969,500
"anzg_diuron_fresh",10,"lnorm_lnorm",0.00525835892090449,0.0442366074650197,500
"anzg_diuron_fresh",10,"weibull",0.10508227646289,0.091871210071449,500
"anzg_diuron_fresh",16,"gamma",0.0261542934821634,0.0681905404112613,500
"anzg_diuron_fresh",16,"lgumbel",0.500874343195612,0.245917147819531,500
"anzg_diuron_fresh",16,"llogis",0.170811955093312,0.0902565248930426,500
"anzg_diuron_fresh",16,"lnorm",0.193508952103336,0.110155821540046,500
"anzg_diuron_fresh",16,"lnorm_lnorm",0.056420880295651,0.14816195546654,500
"anzg_diuron_fresh",16,"weibull",0.0522295758299257,0.0767698639678356,500
"anzg_diuron_fresh",26,"gamma",0.00445982732842942,0.0249557623783387,500
"anzg_diuron_fresh",26,"lgumbel",0.584107096922238,0.250743992151139,500
"anzg_diuron_fresh",26,"llogis",0.127746743938677,0.100331833710871,500
"anzg_diuron_fresh",26,"lnorm",0.150552780710995,0.133069317705058,500
"anzg_diuron_fresh",26,"lnorm_lnorm",0.118526757228828,0.189785972835642,500
"anzg_diuron_fresh",26,"weibull",0.0146067938708324,0.0393426634852636,500
"anzg_diuron_marine",5,"gamma",0.0104419931907103,0.0451039764043531,500
"anzg_diuron_marine",5,"lgumbel",0.0039880129115724,0.0237149038522448,500
"anzg_diuron_marine",5,"llogis",0.00782158000285714,0.0335070587121378,500
"anzg_diuron_marine",5,"lnorm",0.0074545964136894,0.0328674797293745,500
"anzg_diuron_marine",5,"lnorm_lnorm",0.947999999999878,0.222249386003979,500
"anzg_diuron_marine",5,"weibull",0.0222938174812929,0.0989695729004384,500
"anzg_diuron_marine",6,"gamma",0.218568053194314,0.026442772084392,500
"anzg_diuron_marine",6,"lgumbel",0.140373431394563,0.0950915441370988,500
"anzg_diuron_marine",6,"llogis",0.165186844549239,0.021502401047251,500
"anzg_diuron_marine",6,"lnorm",0.191881921478771,0.0366967662838896,500
"anzg_diuron_marine",6,"lnorm_lnorm",0,0,500
"anzg_diuron_marine",6,"weibull",0.283989749383113,0.12057410978746,500
"anzg_diuron_marine",7,"gamma",0.221219288797565,0.0315323367296932,500
"anzg_diuron_marine",7,"lgumbel",0.125811390859991,0.100032314210035,500
"anzg_diuron_marine",7,"llogis",0.162928581507895,0.0277511834471545,500
"anzg_diuron_marine",7,"lnorm",0.188605365648537,0.0441873704523747,500
"anzg_diuron_marine",7,"lnorm_lnorm",2.78685211130333e-11,5.06254344907874e-10,500
"anzg_diuron_marine",7,"weibull",0.301435373158144,0.13562662124689,500
"anzg_diuron_marine",8,"gamma",0.22451401092069,0.0330592025370044,500
"anzg_diuron_marine",8,"lgumbel",0.112822576379015,0.0994278276140583,500
"anzg_diuron_marine",8,"llogis",0.15994261700445,0.0327830923019026,500
"anzg_diuron_marine",8,"lnorm",0.185609266049952,0.0502022629409316,500
"anzg_diuron_marine",8,"lnorm_lnorm",1.8578472263634e-05,0.000226078544065603,500
"anzg_diuron_marine",8,"weibull",0.31709295117363,0.148798799907898,500
"anzg_diuron_marine",10,"gamma",0.225360683023027,0.044560115246817,500
"anzg_diuron_marine",10,"lgumbel",0.0895477726644803,0.0972394225010172,500
"anzg_diuron_marine",10,"llogis",0.150875524719505,0.0446508190563045,500
"anzg_diuron_marine",10,"lnorm",0.175723937084742,0.0636227158429267,500
"anzg_diuron_marine",10,"lnorm_lnorm",0.0125174926552462,0.0967060056946421,500
"anzg_diuron_marine",10,"weibull",0.345974589853,0.175186757188189,500
"anzg_diuron_marine",16,"gamma",0.220831283036942,0.0661543868441862,500
"anzg_diuron_marine",16,"lgumbel",0.0425712037349428,0.0716794388529233,500
"anzg_diuron_marine",16,"llogis",0.121466439701496,0.0609980712554771,500
"anzg_diuron_marine",16,"lnorm",0.145772069668677,0.0831728162358362,500
"anzg_diuron_marine",16,"lnorm_lnorm",0.0552547210198018,0.130177718706039,500
"anzg_diuron_marine",16,"weibull",0.41410428283814,0.206051627468266,500
"anzg_diuron_marine",26,"gamma",0.204373180411855,0.0968760430543411,500
"anzg_diuron_marine",26,"lgumbel",0.0111289500252529,0.0300174107786241,500
"anzg_diuron_marine",26,"llogis",0.0860936776593705,0.0730339727467974,500
"anzg_diuron_marine",26,"lnorm",0.104893328341008,0.094672447059352,500
"anzg_diuron_marine",26,"lnorm_lnorm",0.118083655650319,0.196051986596018,500
"anzg_diuron_marine",26,"weibull",0.475427207912194,0.237535687510272,500
"anzg_fipronil_fresh",5,"gamma",0.00379995026196529,0.0240290601383738,500
"anzg_fipronil_fresh",5,"lgumbel",0.0124835279661426,0.0759797567576833,500
"anzg_fipronil_fresh",5,"llogis",0.00554013104394752,0.0306722474860753,500
"anzg_fipronil_fresh",5,"lnorm",0.00575576872803605,0.0323453739785892,500
"anzg_fipronil_fresh",5,"lnorm_lnorm",0.967999999999553,0.17617626444069,500
"anzg_fipronil_fresh",5,"weibull",0.00442062200035527,0.0327079882104496,500
"anzg_fipronil_fresh",6,"gamma",0.159291550237686,0.0727934202304,500
"anzg_fipronil_fresh",6,"lgumbel",0.297113971442121,0.15773512380846,500
"anzg_fipronil_fresh",6,"llogis",0.179060506616449,0.026541107301084,500
"anzg_fipronil_fresh",6,"lnorm",0.207149414925403,0.0305701211825132,500
"anzg_fipronil_fresh",6,"lnorm_lnorm",0,0,500
"anzg_fipronil_fresh",6,"weibull",0.15738455677834,0.0875369627671163,500
"anzg_fipronil_fresh",7,"gamma",0.147293417071701,0.0790211298029764,500
"anzg_fipronil_fresh",7,"lgumbel",0.321458222535034,0.174782159323978,500
"anzg_fipronil_fresh",7,"llogis",0.17997921965184,0.0321361551938052,500
"anzg_fipronil_fresh",7,"lnorm",0.208211528127481,0.0369870168771407,500
"anzg_fipronil_fresh",7,"lnorm_lnorm",1.30174991081282e-12,8.84817912474731e-12,500
"anzg_fipronil_fresh",7,"weibull",0.143057612612643,0.0921829432676494,500
"anzg_fipronil_fresh",8,"gamma",0.137369476090657,0.0836824228925884,500
"anzg_fipronil_fresh",8,"lgumbel",0.341229008147214,0.194096843649864,500
"anzg_fipronil_fresh",8,"llogis",0.181374796734407,0.0376344819790241,500
"anzg_fipronil_fresh",8,"lnorm",0.207931829083584,0.0469294048212749,500
"anzg_fipronil_fresh",8,"lnorm_lnorm",1.42814469161391e-05,0.000267440099662408,500
"anzg_fipronil_fresh",8,"weibull",0.132080608497222,0.0977770535702645,500
"anzg_fipronil_fresh",10,"gamma",0.116460037042552,0.0889331761620046,500
"anzg_fipronil_fresh",10,"lgumbel",0.386595323893105,0.218185619869547,500
"anzg_fipronil_fresh",10,"llogis",0.178005867681597,0.0476315625183307,500
"anzg_fipronil_fresh",10,"lnorm",0.206655644343068,0.0621103067139155,500
"anzg_fipronil_fresh",10,"lnorm_lnorm",0.00494486431112713,0.0465719350132793,500
"anzg_fipronil_fresh",10,"weibull",0.107338262728551,0.0953313754446963,500
"anzg_fipronil_fresh",16,"gamma",0.0742334664249413,0.0886471192930364,500
"anzg_fipronil_fresh",16,"lgumbel",0.457058648178097,0.253219599515489,500
"anzg_fipronil_fresh",16,"llogis",0.160889747901092,0.0794090624025983,500
"anzg_fipronil_fresh",16,"lnorm",0.191540893930767,0.0982054302928543,500
"anzg_fipronil_fresh",16,"lnorm_lnorm",0.0574347806610483,0.143101908413231,500
"anzg_fipronil_fresh",16,"weibull",0.0588424629040543,0.080204005518383,500
"anzg_fipronil_fresh",26,"gamma",0.0303375247779204,0.0592627848285221,500
"anzg_fipronil_fresh",26,"lgumbel",0.549808890305032,0.26984951905645,500
"anzg_fipronil_fresh",26,"llogis",0.13492103744045,0.106241224881649,500
"anzg_fipronil_fresh",26,"lnorm",0.161673833614944,0.133988371065364,500
"anzg_fipronil_fresh",26,"lnorm_lnorm",0.105451123035143,0.17712083734445,500
"anzg_fipronil_fresh",26,"weibull",0.0178075908265111,0.0411137234125373,500
"anzg_fluoride_fresh",5,"gamma",0.011820646209007,0.0611325208045637,500
"anzg_fluoride_fresh",5,"lgumbel",0.00311081892337664,0.0199338141102815,500
"anzg_fluoride_fresh",5,"llogis",0.00513410888318029,0.0261414273445664,500
"anzg_fluoride_fresh",5,"lnorm",0.00538972494047731,0.0287379119863588,500
"anzg_fluoride_fresh",5,"lnorm_lnorm",0.961999999999717,0.191387717779936,500
"anzg_fluoride_fresh",5,"weibull",0.0125447010442415,0.0650656432882625,500
"anzg_fluoride_fresh",6,"gamma",0.254286218556177,0.0889583603882381,500
"anzg_fluoride_fresh",6,"lgumbel",0.146184741346597,0.110067466762277,500
"anzg_fluoride_fresh",6,"llogis",0.159125047474343,0.0319547425033985,500
"anzg_fluoride_fresh",6,"lnorm",0.186143959726249,0.0477515707307322,500
"anzg_fluoride_fresh",6,"lnorm_lnorm",0,0,500
"anzg_fluoride_fresh",6,"weibull",0.254260032896635,0.0875794707437406,500
"anzg_fluoride_fresh",7,"gamma",0.266717527785129,0.0980864663703842,500
"anzg_fluoride_fresh",7,"lgumbel",0.131620469492915,0.113774421028378,500
"anzg_fluoride_fresh",7,"llogis",0.154706762752945,0.038476817650866,500
"anzg_fluoride_fresh",7,"lnorm",0.18184838577044,0.0572011474417165,500
"anzg_fluoride_fresh",7,"lnorm_lnorm",2.99976593780737e-11,5.85058440852677e-10,500
"anzg_fluoride_fresh",7,"weibull",0.265106854168574,0.0953027617548461,500
"anzg_fluoride_fresh",8,"gamma",0.276883315297875,0.106237532941945,500
"anzg_fluoride_fresh",8,"lgumbel",0.119838472953168,0.118136176966983,500
"anzg_fluoride_fresh",8,"llogis",0.152152390919254,0.0440318563682121,500
"anzg_fluoride_fresh",8,"lnorm",0.178001010725287,0.0640905647107136,500
"anzg_fluoride_fresh",8,"lnorm_lnorm",2.70884889999959e-05,0.000357797817199308,500
"anzg_fluoride_fresh",8,"weibull",0.273097721615415,0.100833095679515,500
"anzg_fluoride_fresh",10,"gamma",0.294399551388326,0.114561930348009,500
"anzg_fluoride_fresh",10,"lgumbel",0.0959402479076585,0.114642187093015,500
"anzg_fluoride_fresh",10,"llogis",0.146345347502454,0.0539849297004662,500
"anzg_fluoride_fresh",10,"lnorm",0.171816755265085,0.0750112826399289,500
"anzg_fluoride_fresh",10,"lnorm_lnorm",0.00283841857179374,0.0342947132406351,500
"anzg_fluoride_fresh",10,"weibull",0.288659679364683,0.103262099424602,500
"anzg_fluoride_fresh",16,"gamma",0.333577458553361,0.131056689600298,500
"anzg_fluoride_fresh",16,"lgumbel",0.0439583794900818,0.0821415324843019,500
"anzg_fluoride_fresh",16,"llogis",0.122105232864156,0.07829572293405,500
"anzg_fluoride_fresh",16,"lnorm",0.143455488648202,0.100255520960462,500
"anzg_fluoride_fresh",16,"lnorm_lnorm",0.0365179932393413,0.104624254345552,500
"anzg_fluoride_fresh",16,"weibull",0.320385447204858,0.107282222878176,500
"anzg_fluoride_fresh",26,"gamma",0.363042549715735,0.146723186899676,500
"anzg_fluoride_fresh",26,"lgumbel",0.0118492822948349,0.0394651966020832,500
"anzg_fluoride_fresh",26,"llogis",0.0901949758256962,0.0920411745492353,500
"anzg_fluoride_fresh",26,"lnorm",0.106082060131731,0.1166544616326,500
"anzg_fluoride_fresh",26,"lnorm_lnorm",0.0858745873691096,0.163204947220609,500
"anzg_fluoride_fresh",26,"weibull",0.342956544662893,0.112426409379067,500
"anzg_glyphosate_fresh",5,"gamma",0.00525163500376499,0.0329799892146843,500
"anzg_glyphosate_fresh",5,"lgumbel",0.0106308161703512,0.0680278278076407,500
"anzg_glyphosate_fresh",5,"llogis",0.00554470149581829,0.0297714150855407,500
"anzg_glyphosate_fresh",5,"lnorm",0.00612526535147701,0.0337974459885511,500
"anzg_glyphosate_fresh",5,"lnorm_lnorm",0.96599999999962,0.181410638164504,500
"anzg_glyphosate_fresh",5,"weibull",0.00644758197896835,0.0419196340970971,500
"anzg_glyphosate_fresh",6,"gamma",0.142820657445252,0.0872898950999587,500
"anzg_glyphosate_fresh",6,"lgumbel",0.302272450565319,0.16070510785365,500
"anzg_glyphosate_fresh",6,"llogis",0.183290400851099,0.0297977963926082,500
"anzg_glyphosate_fresh",6,"lnorm",0.212289810119177,0.0351714409772251,500
"anzg_glyphosate_fresh",6,"lnorm_lnorm",0,0,500
"anzg_glyphosate_fresh",6,"weibull",0.159326681019153,0.0839844457848927,500
"anzg_glyphosate_fresh",7,"gamma",0.130438778895646,0.0928379523147202,500
"anzg_glyphosate_fresh",7,"lgumbel",0.320824180175037,0.180035535157323,500
"anzg_glyphosate_fresh",7,"llogis",0.186052230080413,0.0373421812574834,500
"anzg_glyphosate_fresh",7,"lnorm",0.214595788949553,0.0442172048480027,500
"anzg_glyphosate_fresh",7,"lnorm_lnorm",4.32564376773963e-12,7.64422372910353e-11,500
"anzg_glyphosate_fresh",7,"weibull",0.148089021895025,0.0885351195774711,500
"anzg_glyphosate_fresh",8,"gamma",0.11785969360314,0.0955630261545014,500
"anzg_glyphosate_fresh",8,"lgumbel",0.342699054170188,0.196083294794187,500
"anzg_glyphosate_fresh",8,"llogis",0.186726252959584,0.0433398504810361,500
"anzg_glyphosate_fresh",8,"lnorm",0.215640270472311,0.0518496315181489,500
"anzg_glyphosate_fresh",8,"lnorm_lnorm",0.000503183146889703,0.0111097456932694,500
"anzg_glyphosate_fresh",8,"weibull",0.136571545647887,0.0927858796365054,500
"anzg_glyphosate_fresh",10,"gamma",0.0974478195424182,0.100487198890625,500
"anzg_glyphosate_fresh",10,"lgumbel",0.381110511804697,0.225740788589446,500
"anzg_glyphosate_fresh",10,"llogis",0.18746910358694,0.0556878687278755,500
"anzg_glyphosate_fresh",10,"lnorm",0.214527262182234,0.0674251514415793,500
"anzg_glyphosate_fresh",10,"lnorm_lnorm",0.00292942263681666,0.0295852994805275,500
"anzg_glyphosate_fresh",10,"weibull",0.116515880246894,0.0963437137058947,500
"anzg_glyphosate_fresh",16,"gamma",0.0458138162724825,0.0808970783937846,500
"anzg_glyphosate_fresh",16,"lgumbel",0.473953812873805,0.262962687459926,500
"anzg_glyphosate_fresh",16,"llogis",0.178501758853537,0.0848307823011176,500
"anzg_glyphosate_fresh",16,"lnorm",0.199931431339591,0.110786218150032,500
"anzg_glyphosate_fresh",16,"lnorm_lnorm",0.0376444814716657,0.111785017202465,500
"anzg_glyphosate_fresh",16,"weibull",0.0641546991889191,0.0863317996177778,500
"anzg_glyphosate_fresh",26,"gamma",0.0150688375522456,0.0493996362215128,500
"anzg_glyphosate_fresh",26,"lgumbel",0.548722712403154,0.285094659026429,500
"anzg_glyphosate_fresh",26,"llogis",0.152569993303748,0.114646269004598,500
"anzg_glyphosate_fresh",26,"lnorm",0.168219292453149,0.145202108386659,500
"anzg_glyphosate_fresh",26,"lnorm_lnorm",0.0904472596207693,0.162215978539514,500
"anzg_glyphosate_fresh",26,"weibull",0.0249719046669336,0.0591908272272423,500
"anzg_iron_fresh",5,"gamma",0.00644515161805135,0.0372634695877464,500
"anzg_iron_fresh",5,"lgumbel",0.0140590184078625,0.0798750076517919,500
"anzg_iron_fresh",5,"llogis",0.00680846901351642,0.0327711647793068,500
"anzg_iron_fresh",5,"lnorm",0.0073251709584219,0.0361367702744955,500
"anzg_iron_fresh",5,"lnorm_lnorm",0.957999999999662,0.200790022826097,500
"anzg_iron_fresh",5,"weibull",0.00736219000248617,0.0436616770609056,500
"anzg_iron_fresh",6,"gamma",0.18156134373208,0.0885926873596771,500
"anzg_iron_fresh",6,"lgumbel",0.236173081899317,0.143993826584837,500
"anzg_iron_fresh",6,"llogis",0.177957705136419,0.0319384567464348,500
"anzg_iron_fresh",6,"lnorm",0.20975501571399,0.0360844790540518,500
"anzg_iron_fresh",6,"lnorm_lnorm",0,0,500
"anzg_iron_fresh",6,"weibull",0.194552853518193,0.0898020770739545,500
"anzg_iron_fresh",7,"gamma",0.177691901568661,0.0966359286581379,500
"anzg_iron_fresh",7,"lgumbel",0.236413409498195,0.15712617289422,500
"anzg_iron_fresh",7,"llogis",0.180254870057128,0.03924117149709,500
"anzg_iron_fresh",7,"lnorm",0.213829440206155,0.0418974147110445,500
"anzg_iron_fresh",7,"lnorm_lnorm",4.00957618479376e-12,6.04729231159252e-11,500
"anzg_iron_fresh",7,"weibull",0.19181037866585,0.094931744736595,500
"anzg_iron_fresh",8,"gamma",0.167733988380311,0.103501976959261,500
"anzg_iron_fresh",8,"lgumbel",0.245515996154549,0.171674431659588,500
"anzg_iron_fresh",8,"llogis",0.184024252935621,0.0472007955741429,500
"anzg_iron_fresh",8,"lnorm",0.218879716274201,0.0461793823551741,500
"anzg_iron_fresh",8,"lnorm_lnorm",1.59369065819126e-05,0.000192168152827755,500
"anzg_iron_fresh",8,"weibull",0.183830109348736,0.0997591677051893,500
"anzg_iron_fresh",10,"gamma",0.160401594370054,0.11204807621193,500
"anzg_iron_fresh",10,"lgumbel",0.237257807624019,0.181076024786537,500
"anzg_iron_fresh",10,"llogis",0.18948030874868,0.0604228826038715,500
"anzg_iron_fresh",10,"lnorm",0.230003268930813,0.0579771500728487,500
"anzg_iron_fresh",10,"lnorm_lnorm",0.005046333604121,0.0519084173877578,500
"anzg_iron_fresh",10,"weibull",0.177810686722312,0.104170264631714,500
"anzg_iron_fresh",16,"gamma",0.129812855701183,0.124418293525877,500
"anzg_iron_fresh",16,"lgumbel",0.219142141959374,0.205997743694428,500
"anzg_iron_fresh",16,"llogis",0.20558189857385,0.100018918558642,500
"anzg_iron_fresh",16,"lnorm",0.252128384846396,0.0893483516631388,500
"anzg_iron_fresh",16,"lnorm_lnorm",0.0369433235215607,0.120578056924441,500
"anzg_iron_fresh",16,"weibull",0.156391395397635,0.118601695087906,500
"anzg_iron_fresh",26,"gamma",0.0821025751308135,0.112692230942054,500
"anzg_iron_fresh",26,"lgumbel",0.184070183214305,0.200281026808215,500
"anzg_iron_fresh",26,"llogis",0.229246550040018,0.131993378947989,500
"anzg_iron_fresh",26,"lnorm",0.306792325948625,0.125412352070259,500
"anzg_iron_fresh",26,"lnorm_lnorm",0.0797380608066131,0.159933001730919,500
"anzg_iron_fresh",26,"weibull",0.118050304859626,0.119865851920921,500
"anzg_iron_marine",5,"gamma",0.0189572293206974,0.0471301535784582,500
"anzg_iron_marine",5,"lgumbel",0.131273808603406,0.247449396736571,500
"anzg_iron_marine",5,"llogis",0.0403416999326006,0.0701248172966019,500
"anzg_iron_marine",5,"lnorm",0.0349702289987055,0.0622390074901906,500
"anzg_iron_marine",5,"lnorm_lnorm",0.749999999998843,0.433446365196925,500
"anzg_iron_marine",5,"weibull",0.0244570331457474,0.0763040592767019,500
"anzg_iron_marine",6,"gamma",0.101540282977685,0.0777453210000626,500
"anzg_iron_marine",6,"lgumbel",0.461437252679533,0.214604041848595,500
"anzg_iron_marine",6,"llogis",0.1616649759989,0.025818652137482,500
"anzg_iron_marine",6,"lnorm",0.167409237987156,0.0570706535557063,500
"anzg_iron_marine",6,"lnorm_lnorm",0,0,500
"anzg_iron_marine",6,"weibull",0.107948250356725,0.104309269747766,500
"anzg_iron_marine",7,"gamma",0.0784820676514647,0.0757285527782851,500
"anzg_iron_marine",7,"lgumbel",0.531807648049574,0.233947806861973,500
"anzg_iron_marine",7,"llogis",0.151878362874086,0.0389936576232797,500
"anzg_iron_marine",7,"lnorm",0.150524134779348,0.0695824609993395,500
"anzg_iron_marine",7,"lnorm_lnorm",7.67567361427078e-11,4.58932360309791e-10,500
"anzg_iron_marine",7,"weibull",0.08730778656877,0.109584936125051,500
"anzg_iron_marine",8,"gamma",0.0582593933711671,0.0701905294202044,500
"anzg_iron_marine",8,"lgumbel",0.599981261701402,0.239804628723033,500
"anzg_iron_marine",8,"llogis",0.142652012862367,0.0553890711685726,500
"anzg_iron_marine",8,"lnorm",0.134098005999914,0.0766600807335451,500
"anzg_iron_marine",8,"lnorm_lnorm",0.000510533929613446,0.00414212615823128,500
"anzg_iron_marine",8,"weibull",0.0644987921355366,0.0943389451491921,500
"anzg_iron_marine",10,"gamma",0.0280613241888985,0.0533578734334015,500
"anzg_iron_marine",10,"lgumbel",0.550710958001398,0.302688978102172,500
"anzg_iron_marine",10,"llogis",0.0985204311167937,0.0809298793429983,500
"anzg_iron_marine",10,"lnorm",0.0851276667290452,0.080089279415584,500
"anzg_iron_marine",10,"lnorm_lnorm",0.204481051213179,0.319355655377509,500
"anzg_iron_marine",10,"weibull",0.0330985687506847,0.0757130376442595,500
"anzg_iron_marine",16,"gamma",0.0024416243372364,0.0151342410738368,500
"anzg_iron_marine",16,"lgumbel",0.104598424247467,0.210328500526868,500
"anzg_iron_marine",16,"llogis",0.0196758393332215,0.0745603446603288,500
"anzg_iron_marine",16,"lnorm",0.0121483013130931,0.0452691082967665,500
"anzg_iron_marine",16,"lnorm_lnorm",0.859186577883179,0.267649279901412,500
"anzg_iron_marine",16,"weibull",0.00194923288580338,0.0112256234629262,500
"anzg_iron_marine",26,"gamma",0.000498928524358527,0.00633170339187804,500
"anzg_iron_marine",26,"lgumbel",0.00705268537067243,0.0454902639251707,500
"anzg_iron_marine",26,"llogis",0.00254467004913959,0.02570981107707,500
"anzg_iron_marine",26,"lnorm",0.00380301630807056,0.0369957881883025,500
"anzg_iron_marine",26,"lnorm_lnorm",0.985510849136152,0.0974468702949449,500
"anzg_iron_marine",26,"weibull",0.000589850611606606,0.00693651733231798,500
"anzg_mancozeb_fresh",5,"gamma",0.0109057905108232,0.0618840057291547,500
"anzg_mancozeb_fresh",5,"lgumbel",0.00938510033704876,0.0623014337380214,500
"anzg_mancozeb_fresh",5,"llogis",0.00591947763968508,0.0291288105467221,500
"anzg_mancozeb_fresh",5,"lnorm",0.00621213901111477,0.0320802613782705,500
"anzg_mancozeb_fresh",5,"lnorm_lnorm",0.957999999999784,0.200790022826123,500
"anzg_mancozeb_fresh",5,"weibull",0.00957749250154403,0.0520311032346612,500
"anzg_mancozeb_fresh",6,"gamma",0.191840874400106,0.113865157997308,500
"anzg_mancozeb_fresh",6,"lgumbel",0.224035879480641,0.147805747715992,500
"anzg_mancozeb_fresh",6,"llogis",0.176552392335708,0.0376829722833951,500
"anzg_mancozeb_fresh",6,"lnorm",0.206340189730843,0.044954686528788,500
"anzg_mancozeb_fresh",6,"lnorm_lnorm",0,0,500
"anzg_mancozeb_fresh",6,"weibull",0.201230664052703,0.0848696864726615,500
"anzg_mancozeb_fresh",7,"gamma",0.185376135583798,0.122040140723684,500
"anzg_mancozeb_fresh",7,"lgumbel",0.221574946725609,0.151739526755203,500
"anzg_mancozeb_fresh",7,"llogis",0.180236006709716,0.0455815882545123,500
"anzg_mancozeb_fresh",7,"lnorm",0.213209955625166,0.050977464417898,500
"anzg_mancozeb_fresh",7,"lnorm_lnorm",3.29035333081665e-11,6.1539516366129e-10,500
"anzg_mancozeb_fresh",7,"weibull",0.199602955322807,0.0884952272716201,500
"anzg_mancozeb_fresh",8,"gamma",0.177382230610314,0.125804073947772,500
"anzg_mancozeb_fresh",8,"lgumbel",0.220610798664669,0.158046791334965,500
"anzg_mancozeb_fresh",8,"llogis",0.183148458286306,0.0520072364309564,500
"anzg_mancozeb_fresh",8,"lnorm",0.220284829670734,0.055823854207989,500
"anzg_mancozeb_fresh",8,"lnorm_lnorm",4.88619532016286e-06,5.68272777599001e-05,500
"anzg_mancozeb_fresh",8,"weibull",0.198568796572657,0.0920884635543522,500
"anzg_mancozeb_fresh",10,"gamma",0.163723388458137,0.133773279534348,500
"anzg_mancozeb_fresh",10,"lgumbel",0.216950459489383,0.175749485328581,500
"anzg_mancozeb_fresh",10,"llogis",0.188271952139596,0.0673018468412185,500
"anzg_mancozeb_fresh",10,"lnorm",0.230329873722225,0.0674623855943676,500
"anzg_mancozeb_fresh",10,"lnorm_lnorm",0.0054170530622422,0.0550203016342437,500
"anzg_mancozeb_fresh",10,"weibull",0.195307273128417,0.10160802973501,500
"anzg_mancozeb_fresh",16,"gamma",0.124149296089754,0.13744137369983,500
"anzg_mancozeb_fresh",16,"lgumbel",0.188235790795967,0.19092936268277,500
"anzg_mancozeb_fresh",16,"llogis",0.205655967478858,0.100080118317087,500
"anzg_mancozeb_fresh",16,"lnorm",0.258236403891666,0.0964961634617041,500
"anzg_mancozeb_fresh",16,"lnorm_lnorm",0.0382218884635883,0.117841990825933,500
"anzg_mancozeb_fresh",16,"weibull",0.185500653280166,0.124055031449537,500
"anzg_mancozeb_fresh",26,"gamma",0.0647623776376167,0.107963390961389,500
"anzg_mancozeb_fresh",26,"lgumbel",0.140854468539284,0.173746254396517,500
"anzg_mancozeb_fresh",26,"llogis",0.232628032917263,0.134238974429422,500
"anzg_mancozeb_fresh",26,"lnorm",0.316615238052446,0.131096911426131,500
"anzg_mancozeb_fresh",26,"lnorm_lnorm",0.0932895796034558,0.169058745206751,500
"anzg_mancozeb_fresh",26,"weibull",0.151850303249935,0.139157512029817,500
"anzg_manganese_marine",5,"gamma",0.00544179767857637,0.0314130746148445,500
"anzg_manganese_marine",5,"lgumbel",0.0155343082589011,0.0871907645989834,500
"anzg_manganese_marine",5,"llogis",0.00693709470922072,0.0333007324799902,500
"anzg_manganese_marine",5,"lnorm",0.00705249736798176,0.0347818052968935,500
"anzg_manganese_marine",5,"lnorm_lnorm",0.957999999999508,0.200790022826065,500
"anzg_manganese_marine",5,"weibull",0.00703430198581244,0.0450207375857828,500
"anzg_manganese_marine",6,"gamma",0.142136927022262,0.0795133167111886,500
"anzg_manganese_marine",6,"lgumbel",0.313635806939872,0.159696422497668,500
"anzg_manganese_marine",6,"llogis",0.181996099837647,0.0282721045853943,500
"anzg_manganese_marine",6,"lnorm",0.210105923360934,0.0332660275621998,500
"anzg_manganese_marine",6,"lnorm_lnorm",0,0,500
"anzg_manganese_marine",6,"weibull",0.152125242839286,0.0835386248708147,500
"anzg_manganese_marine",7,"gamma",0.128291752226924,0.086118727180593,500
"anzg_manganese_marine",7,"lgumbel",0.340243233742727,0.181369835210785,500
"anzg_manganese_marine",7,"llogis",0.182742837873807,0.0328766367376349,500
"anzg_manganese_marine",7,"lnorm",0.209518670027193,0.042275027314023,500
"anzg_manganese_marine",7,"lnorm_lnorm",2.97125077464206e-11,6.49522625914942e-10,500
"anzg_manganese_marine",7,"weibull",0.139203506099637,0.0909879610114857,500
"anzg_manganese_marine",8,"gamma",0.116439832614796,0.0902041116423434,500
"anzg_manganese_marine",8,"lgumbel",0.3660179900803,0.199684360266075,500
"anzg_manganese_marine",8,"llogis",0.182870113880549,0.0396731433730463,500
"anzg_manganese_marine",8,"lnorm",0.208532012349243,0.0515543060014556,500
"anzg_manganese_marine",8,"lnorm_lnorm",3.96916435421248e-06,6.03118655086524e-05,500
"anzg_manganese_marine",8,"weibull",0.126136081910758,0.0930985915459858,500
"anzg_manganese_marine",10,"gamma",0.0909851165600656,0.0915301485586875,500
"anzg_manganese_marine",10,"lgumbel",0.420745825303295,0.223999785204767,500
"anzg_manganese_marine",10,"llogis",0.182113935982642,0.0510930930778093,500
"anzg_manganese_marine",10,"lnorm",0.203937960129081,0.0674574623236444,500
"anzg_manganese_marine",10,"lnorm_lnorm",0.00307895093170364,0.0346367128246011,500
"anzg_manganese_marine",10,"weibull",0.0991382110932128,0.0926175364943146,500
"anzg_manganese_marine",16,"gamma",0.048094281250558,0.0774991328605532,500
"anzg_manganese_marine",16,"lgumbel",0.4950823994761,0.251274950873866,500
"anzg_manganese_marine",16,"llogis",0.168184324374177,0.0840362314959474,500
"anzg_manganese_marine",16,"lnorm",0.183821045829549,0.102900744119643,500
"anzg_manganese_marine",16,"lnorm_lnorm",0.0538104286204628,0.148107316642153,500
"anzg_manganese_marine",16,"weibull",0.051007520449152,0.0731942466029811,500
"anzg_manganese_marine",26,"gamma",0.0137321329424471,0.042658045585498,500
"anzg_manganese_marine",26,"lgumbel",0.583343405033282,0.271465544120446,500
"anzg_manganese_marine",26,"llogis",0.129677711477411,0.105712282837192,500
"anzg_manganese_marine",26,"lnorm",0.137873863782665,0.128999318631185,500
"anzg_manganese_marine",26,"lnorm_lnorm",0.120714048750436,0.199007747943057,500
"anzg_manganese_marine",26,"weibull",0.0146588380137592,0.0402356431980619,500
"anzg_mcpa_fresh",5,"gamma",0.00451164733288283,0.0345968837957316,500
"anzg_mcpa_fresh",5,"lgumbel",0.0147269386640819,0.0851950386582155,500
"anzg_mcpa_fresh",5,"llogis",0.00595759121246892,0.0311998946434731,500
"anzg_mcpa_fresh",5,"lnorm",0.006193186213359,0.0332249444181686,500
"anzg_mcpa_fresh",5,"lnorm_lnorm",0.963999999999858,0.186476666353134,500
"anzg_mcpa_fresh",5,"weibull",0.00461063657734947,0.0292598573513851,500
"anzg_mcpa_fresh",6,"gamma",0.13878021957517,0.105586952467905,500
"anzg_mcpa_fresh",6,"lgumbel",0.308768202981958,0.178589113768772,500
"anzg_mcpa_fresh",6,"llogis",0.182658268466727,0.0336951582358215,500
"anzg_mcpa_fresh",6,"lnorm",0.208687607703839,0.0422021289382079,500
"anzg_mcpa_fresh",6,"lnorm_lnorm",0,0,500
"anzg_mcpa_fresh",6,"weibull",0.161105701272305,0.0849763006972422,500
"anzg_mcpa_fresh",7,"gamma",0.11910816152196,0.106021400872797,500
"anzg_mcpa_fresh",7,"lgumbel",0.337345085851673,0.197773733465432,500
"anzg_mcpa_fresh",7,"llogis",0.186196837419053,0.0392939591230179,500
"anzg_mcpa_fresh",7,"lnorm",0.210740895049728,0.0513443708602611,500
"anzg_mcpa_fresh",7,"lnorm_lnorm",7.6488320275329e-13,8.04633204851191e-12,500
"anzg_mcpa_fresh",7,"weibull",0.146609020156822,0.0902483504919196,500
"anzg_mcpa_fresh",8,"gamma",0.103384314287042,0.108590119482987,500
"anzg_mcpa_fresh",8,"lgumbel",0.36338317911024,0.213913704059154,500
"anzg_mcpa_fresh",8,"llogis",0.188503454406847,0.0471336151571958,500
"anzg_mcpa_fresh",8,"lnorm",0.211050851864924,0.062552224406156,500
"anzg_mcpa_fresh",8,"lnorm_lnorm",3.90535336200393e-06,5.15358785749594e-05,500
"anzg_mcpa_fresh",8,"weibull",0.133674294977584,0.094765084462251,500
"anzg_mcpa_fresh",10,"gamma",0.081604337799608,0.102748681806532,500
"anzg_mcpa_fresh",10,"lgumbel",0.39435667849285,0.235180073752701,500
"anzg_mcpa_fresh",10,"llogis",0.188754910598252,0.0587157626677957,500
"anzg_mcpa_fresh",10,"lnorm",0.214116631988692,0.0786265151708952,500
"anzg_mcpa_fresh",10,"lnorm_lnorm",0.00417362480516236,0.045757522665536,500
"anzg_mcpa_fresh",10,"weibull",0.116993816315435,0.098304573076275,500
"anzg_mcpa_fresh",16,"gamma",0.029363249624007,0.0703153188754363,500
"anzg_mcpa_fresh",16,"lgumbel",0.490278245449169,0.261411213420223,500
"anzg_mcpa_fresh",16,"llogis",0.176366025037518,0.0852994542121307,500
"anzg_mcpa_fresh",16,"lnorm",0.196667162188409,0.120281636711891,500
"anzg_mcpa_fresh",16,"lnorm_lnorm",0.0450353572130267,0.119547392576616,500
"anzg_mcpa_fresh",16,"weibull",0.0622899604878706,0.0859132402596109,500
"anzg_mcpa_fresh",26,"gamma",0.00556739192534904,0.0262686384244635,500
"anzg_mcpa_fresh",26,"lgumbel",0.549669126206193,0.292041854115116,500
"anzg_mcpa_fresh",26,"llogis",0.147658296200615,0.115485346936144,500
"anzg_mcpa_fresh",26,"lnorm",0.166918066847816,0.156860658724964,500
"anzg_mcpa_fresh",26,"lnorm_lnorm",0.107530823584441,0.18949738279129,500
"anzg_mcpa_fresh",26,"weibull",0.0226562952355854,0.0512083565751638,500
"anzg_metolachlor_fresh",5,"gamma",0.0154944403499151,0.0872794306203431,500
"anzg_metolachlor_fresh",5,"lgumbel",0.00212293266136404,0.0178990044360518,500
"anzg_metolachlor_fresh",5,"llogis",0.00355119072993985,0.0200965362345838,500
"anzg_metolachlor_fresh",5,"lnorm",0.00357606877631447,0.0220149465509838,500
"anzg_metolachlor_fresh",5,"lnorm_lnorm",0.965999999999818,0.181410638164541,500
"anzg_metolachlor_fresh",5,"weibull",0.00925536748264864,0.0507518704984511,500
"anzg_metolachlor_fresh",6,"gamma",0.269990982462858,0.141978565033967,500
"anzg_metolachlor_fresh",6,"lgumbel",0.152935155924158,0.118259663631445,500
"anzg_metolachlor_fresh",6,"llogis",0.156872022892661,0.0432050784638581,500
"anzg_metolachlor_fresh",6,"lnorm",0.185490145794815,0.0568265693787153,500
"anzg_metolachlor_fresh",6,"lnorm_lnorm",0,0,500
"anzg_metolachlor_fresh",6,"weibull",0.234711692925509,0.0681391195869453,500
"anzg_metolachlor_fresh",7,"gamma",0.279056356803645,0.154889139473261,500
"anzg_metolachlor_fresh",7,"lgumbel",0.141005796933245,0.124350916179192,500
"anzg_metolachlor_fresh",7,"llogis",0.154723943276056,0.0507652784890485,500
"anzg_metolachlor_fresh",7,"lnorm",0.183577363289983,0.0657256391323584,500
"anzg_metolachlor_fresh",7,"lnorm_lnorm",7.7828683156059e-13,6.26315787416471e-12,500
"anzg_metolachlor_fresh",7,"weibull",0.241636539696292,0.0730224290402319,500
"anzg_metolachlor_fresh",8,"gamma",0.289901766984421,0.165281009503239,500
"anzg_metolachlor_fresh",8,"lgumbel",0.124191341424082,0.121151576658394,500
"anzg_metolachlor_fresh",8,"llogis",0.153854649190056,0.0606129145552866,500
"anzg_metolachlor_fresh",8,"lnorm",0.181541544798683,0.0739367398844512,500
"anzg_metolachlor_fresh",8,"lnorm_lnorm",9.12862205999264e-07,5.14992310987312e-06,500
"anzg_metolachlor_fresh",8,"weibull",0.250509784740552,0.07430903956144,500
"anzg_metolachlor_fresh",10,"gamma",0.308428790213702,0.182016702505552,500
"anzg_metolachlor_fresh",10,"lgumbel",0.0987989505108701,0.119595115184879,500
"anzg_metolachlor_fresh",10,"llogis",0.149071982529142,0.0734989178718916,500
"anzg_metolachlor_fresh",10,"lnorm",0.17436220522619,0.0881225412075157,500
"anzg_metolachlor_fresh",10,"lnorm_lnorm",0.00122168836444665,0.00717066701186053,500
"anzg_metolachlor_fresh",10,"weibull",0.268116383155649,0.082604105745934,500
"anzg_metolachlor_fresh",16,"gamma",0.307906300717943,0.209188650036859,500
"anzg_metolachlor_fresh",16,"lgumbel",0.0519680942249807,0.0904472932970387,500
"anzg_metolachlor_fresh",16,"llogis",0.137293702920398,0.0941859928860243,500
"anzg_metolachlor_fresh",16,"lnorm",0.164877913123374,0.117007378977825,500
"anzg_metolachlor_fresh",16,"lnorm_lnorm",0.0346641334826298,0.0965629056749082,500
"anzg_metolachlor_fresh",16,"weibull",0.303289855530674,0.0998295994576939,500
"anzg_metolachlor_fresh",26,"gamma",0.308203675157833,0.226148631429486,500
"anzg_metolachlor_fresh",26,"lgumbel",0.0172855167005769,0.0544725579984491,500
"anzg_metolachlor_fresh",26,"llogis",0.101949765561984,0.0967544061903697,500
"anzg_metolachlor_fresh",26,"lnorm",0.131280404053306,0.1343459543498,500
"anzg_metolachlor_fresh",26,"lnorm_lnorm",0.0841726805854901,0.152556468922309,500
"anzg_metolachlor_fresh",26,"weibull",0.35710795794081,0.139370925960012,500
"anzg_metsulfuron_methyl_fresh",5,"gamma",0.00540111077756355,0.0450252220565464,500
"anzg_metsulfuron_methyl_fresh",5,"lgumbel",0.0176929070965316,0.0981910311967914,500
"anzg_metsulfuron_methyl_fresh",5,"llogis",0.00634201177052643,0.0317884658347304,500
"anzg_metsulfuron_methyl_fresh",5,"lnorm",0.00581909140661152,0.0296646490848078,500
"anzg_metsulfuron_methyl_fresh",5,"lnorm_lnorm",0.959999999999862,0.196155433031575,500
"anzg_metsulfuron_methyl_fresh",5,"weibull",0.00474487894890509,0.0313886235878762,500
"anzg_metsulfuron_methyl_fresh",6,"gamma",0.128116266857467,0.125101008646961,500
"anzg_metsulfuron_methyl_fresh",6,"lgumbel",0.333802662919306,0.183828854946199,500
"anzg_metsulfuron_methyl_fresh",6,"llogis",0.18415843282464,0.0360483695649045,500
"anzg_metsulfuron_methyl_fresh",6,"lnorm",0.206517513572621,0.0478766711356417,500
"anzg_metsulfuron_methyl_fresh",6,"lnorm_lnorm",0,0,500
"anzg_metsulfuron_methyl_fresh",6,"weibull",0.147405123825966,0.0794119354487328,500
"anzg_metsulfuron_methyl_fresh",7,"gamma",0.107724498706137,0.128376674572815,500
"anzg_metsulfuron_methyl_fresh",7,"lgumbel",0.368352566295209,0.20026715928802,500
"anzg_metsulfuron_methyl_fresh",7,"llogis",0.185092052253411,0.0421156397831073,500
"anzg_metsulfuron_methyl_fresh",7,"lnorm",0.206948885158027,0.0564504434724344,500
"anzg_metsulfuron_methyl_fresh",7,"lnorm_lnorm",4.32916158881529e-11,8.37411201580054e-10,500
"anzg_metsulfuron_methyl_fresh",7,"weibull",0.131881997543925,0.0835134275548008,500
"anzg_metsulfuron_methyl_fresh",8,"gamma",0.0839149508162409,0.1165484503005,500
"anzg_metsulfuron_methyl_fresh",8,"lgumbel",0.399052984926814,0.208461758433857,500
"anzg_metsulfuron_methyl_fresh",8,"llogis",0.190159438700715,0.048813868448955,500
"anzg_metsulfuron_methyl_fresh",8,"lnorm",0.209924248178037,0.064670087285496,500
"anzg_metsulfuron_methyl_fresh",8,"lnorm_lnorm",1.10111204188122e-05,0.00019072489510393,500
"anzg_metsulfuron_methyl_fresh",8,"weibull",0.116937366257775,0.0845176168688687,500
"anzg_metsulfuron_methyl_fresh",10,"gamma",0.0560567025284933,0.102631999792137,500
"anzg_metsulfuron_methyl_fresh",10,"lgumbel",0.458595388341755,0.231278520879852,500
"anzg_metsulfuron_methyl_fresh",10,"llogis",0.185947976902376,0.0583541360270736,500
"anzg_metsulfuron_methyl_fresh",10,"lnorm",0.203488185524982,0.0851517409729187,500
"anzg_metsulfuron_methyl_fresh",10,"lnorm_lnorm",0.00220970528242371,0.0183525435948678,500
"anzg_metsulfuron_methyl_fresh",10,"weibull",0.0937020414199709,0.0865297065479815,500
"anzg_metsulfuron_methyl_fresh",16,"gamma",0.0135999963823149,0.0523110853695349,500
"anzg_metsulfuron_methyl_fresh",16,"lgumbel",0.558059630270592,0.247858658132159,500
"anzg_metsulfuron_methyl_fresh",16,"llogis",0.162854703115208,0.0874812743775002,500
"anzg_metsulfuron_methyl_fresh",16,"lnorm",0.174474146929322,0.120012481717878,500
"anzg_metsulfuron_methyl_fresh",16,"lnorm_lnorm",0.0479446167064746,0.125967342018333,500
"anzg_metsulfuron_methyl_fresh",16,"weibull",0.043066906596089,0.0706392953166808,500
"anzg_metsulfuron_methyl_fresh",26,"gamma",0.00129551122692533,0.01036153415392,500
"anzg_metsulfuron_methyl_fresh",26,"lgumbel",0.619319840373009,0.263773310186163,500
"anzg_metsulfuron_methyl_fresh",26,"llogis",0.113367916274706,0.0973363663288298,500
"anzg_metsulfuron_methyl_fresh",26,"lnorm",0.12213217893563,0.135018687025261,500
"anzg_metsulfuron_methyl_fresh",26,"lnorm_lnorm",0.131317006032971,0.214227319510898,500
"anzg_metsulfuron_methyl_fresh",26,"weibull",0.0125675471567592,0.0378199086150509,500
"anzg_nickel_marine",5,"gamma",0.0016132714277403,0.0158965954839108,500
"anzg_nickel_marine",5,"lgumbel",0.0122990642476842,0.0825645057647973,500
"anzg_nickel_marine",5,"llogis",0.00412468807760919,0.0263734967049584,500
"anzg_nickel_marine",5,"lnorm",0.00388541669418491,0.025250192229577,500
"anzg_nickel_marine",5,"lnorm_lnorm",0.975999999999822,0.153202290726213,500
"anzg_nickel_marine",5,"weibull",0.00207755955295959,0.017012537904718,500
"anzg_nickel_marine",6,"gamma",0.140466631825674,0.0990866059563924,500
"anzg_nickel_marine",6,"lgumbel",0.300794472177692,0.1616243243493,500
"anzg_nickel_marine",6,"llogis",0.18347432419337,0.0330573448504851,500
"anzg_nickel_marine",6,"lnorm",0.213243596672172,0.0389313905446268,500
"anzg_nickel_marine",6,"lnorm_lnorm",0,0,500
"anzg_nickel_marine",6,"weibull",0.162020975131092,0.0813370304082021,500
"anzg_nickel_marine",7,"gamma",0.12901797768842,0.106166336229775,500
"anzg_nickel_marine",7,"lgumbel",0.320742567672523,0.184180036298358,500
"anzg_nickel_marine",7,"llogis",0.183214327388797,0.0386751621003097,500
"anzg_nickel_marine",7,"lnorm",0.213923793651344,0.0486753180561813,500
"anzg_nickel_marine",7,"lnorm_lnorm",3.18278033405677e-12,4.514627580818e-11,500
"anzg_nickel_marine",7,"weibull",0.153101333595732,0.0887296682096181,500
"anzg_nickel_marine",8,"gamma",0.107284313924993,0.103250808862394,500
"anzg_nickel_marine",8,"lgumbel",0.350192867280303,0.199459237137623,500
"anzg_nickel_marine",8,"llogis",0.187028529826167,0.0451063610301945,500
"anzg_nickel_marine",8,"lnorm",0.216915445816063,0.057743626009567,500
"anzg_nickel_marine",8,"lnorm_lnorm",0.00111743838806434,0.0247957255467835,500
"anzg_nickel_marine",8,"weibull",0.137461404764411,0.0916879991870779,500
"anzg_nickel_marine",10,"gamma",0.078290562064357,0.0979363937429835,500
"anzg_nickel_marine",10,"lgumbel",0.387412328388274,0.214534139061615,500
"anzg_nickel_marine",10,"llogis",0.193909571973047,0.0594519839019704,500
"anzg_nickel_marine",10,"lnorm",0.222669643545016,0.0722959707546349,500
"anzg_nickel_marine",10,"lnorm_lnorm",0.00435115347687157,0.0426568630972685,500
"anzg_nickel_marine",10,"weibull",0.113366740552434,0.0902501118747537,500
"anzg_nickel_marine",16,"gamma",0.0279471944711512,0.0637869742175066,500
"anzg_nickel_marine",16,"lgumbel",0.469443752554508,0.242907525132647,500
"anzg_nickel_marine",16,"llogis",0.186454880406124,0.0916372640143097,500
"anzg_nickel_marine",16,"lnorm",0.211798635837023,0.110825701132146,500
"anzg_nickel_marine",16,"lnorm_lnorm",0.0449882703692068,0.117949826697474,500
"anzg_nickel_marine",16,"weibull",0.0593672663619866,0.0788252303077558,500
"anzg_nickel_marine",26,"gamma",0.00446022284086084,0.0183195191040948,500
"anzg_nickel_marine",26,"lgumbel",0.524204384012299,0.263857635478657,500
"anzg_nickel_marine",26,"llogis",0.15744287426632,0.120018093287228,500
"anzg_nickel_marine",26,"lnorm",0.186988274233645,0.144476153400105,500
"anzg_nickel_marine",26,"lnorm_lnorm",0.107025173510465,0.178851295371932,500
"anzg_nickel_marine",26,"weibull",0.0198790711364108,0.0437554298171839,500
"anzg_nitrate_hard_fresh",5,"gamma",0.00340518224158648,0.0242677970311991,500
"anzg_nitrate_hard_fresh",5,"lgumbel",0.0112063780711709,0.0743545067809314,500
"anzg_nitrate_hard_fresh",5,"llogis",0.00464414083331234,0.0274556696998327,500
"anzg_nitrate_hard_fresh",5,"lnorm",0.00483121344340875,0.029287054770999,500
"anzg_nitrate_hard_fresh",5,"lnorm_lnorm",0.971999999999798,0.165137945615637,500
"anzg_nitrate_hard_fresh",5,"weibull",0.0039130854107239,0.0299402049308908,500
"anzg_nitrate_hard_fresh",6,"gamma",0.143943040477011,0.0804780510837022,500
"anzg_nitrate_hard_fresh",6,"lgumbel",0.311268197751472,0.164239689782859,500
"anzg_nitrate_hard_fresh",6,"llogis",0.182240262235474,0.0289069679471121,500
"anzg_nitrate_hard_fresh",6,"lnorm",0.208733002286833,0.0352604974574121,500
"anzg_nitrate_hard_fresh",6,"lnorm_lnorm",0,0,500
"anzg_nitrate_hard_fresh",6,"weibull",0.15381549724921,0.0859723406385424,500
"anzg_nitrate_hard_fresh",7,"gamma",0.12907525569648,0.0847077873122609,500
"anzg_nitrate_hard_fresh",7,"lgumbel",0.33842036222797,0.180967504195811,500
"anzg_nitrate_hard_fresh",7,"llogis",0.183386033660435,0.0349182776656186,500
"anzg_nitrate_hard_fresh",7,"lnorm",0.210782513164924,0.0439150580357483,500
"anzg_nitrate_hard_fresh",7,"lnorm_lnorm",7.43652028655184e-13,4.95808716633073e-12,500
"anzg_nitrate_hard_fresh",7,"weibull",0.138335835249448,0.0864189406284406,500
"anzg_nitrate_hard_fresh",8,"gamma",0.115843380952707,0.0902703025980924,500
"anzg_nitrate_hard_fresh",8,"lgumbel",0.36697199387599,0.202479402054091,500
"anzg_nitrate_hard_fresh",8,"llogis",0.184127702870862,0.0421594531702545,500
"anzg_nitrate_hard_fresh",8,"lnorm",0.208759669416037,0.0539894088389239,500
"anzg_nitrate_hard_fresh",8,"lnorm_lnorm",2.24482230221758e-05,0.000455432273617481,500
"anzg_nitrate_hard_fresh",8,"weibull",0.124274804661382,0.0894700776351233,500
"anzg_nitrate_hard_fresh",10,"gamma",0.0956504056797573,0.0940927231014839,500
"anzg_nitrate_hard_fresh",10,"lgumbel",0.404491286134156,0.225757161088243,500
"anzg_nitrate_hard_fresh",10,"llogis",0.183224404107753,0.0548918759314853,500
"anzg_nitrate_hard_fresh",10,"lnorm",0.207520553444679,0.0671885138740936,500
"anzg_nitrate_hard_fresh",10,"lnorm_lnorm",0.00404658915663915,0.042889573818209,500
"anzg_nitrate_hard_fresh",10,"weibull",0.105066761477015,0.094761170964483,500
"anzg_nitrate_hard_fresh",16,"gamma",0.0443714897053179,0.0717459472389701,500
"anzg_nitrate_hard_fresh",16,"lgumbel",0.485967677025811,0.249528351180029,500
"anzg_nitrate_hard_fresh",16,"llogis",0.17001803538986,0.0898699249763504,500
"anzg_nitrate_hard_fresh",16,"lnorm",0.190052240532443,0.107407775688659,500
"anzg_nitrate_hard_fresh",16,"lnorm_lnorm",0.059634673434578,0.147054337769777,500
"anzg_nitrate_hard_fresh",16,"weibull",0.0499558839119902,0.0692801966212502,500
"anzg_nitrate_hard_fresh",26,"gamma",0.012597750378557,0.0376848467406002,500
"anzg_nitrate_hard_fresh",26,"lgumbel",0.559326807393279,0.270449685471404,500
"anzg_nitrate_hard_fresh",26,"llogis",0.132460204645032,0.107264671891859,500
"anzg_nitrate_hard_fresh",26,"lnorm",0.148766022840485,0.13778617715959,500
"anzg_nitrate_hard_fresh",26,"lnorm_lnorm",0.131765877133205,0.210999228976237,500
"anzg_nitrate_hard_fresh",26,"weibull",0.015083337609442,0.0372430630061331,500
"anzg_nitrate_moderate_fresh",5,"gamma",0.00578113099185503,0.0322391275572322,500
"anzg_nitrate_moderate_fresh",5,"lgumbel",0.0161995610222433,0.0899624940155114,500
"anzg_nitrate_moderate_fresh",5,"llogis",0.00709387817845596,0.0333087357752555,500
"anzg_nitrate_moderate_fresh",5,"lnorm",0.00679125594592264,0.0328032023980604,500
"anzg_nitrate_moderate_fresh",5,"lnorm_lnorm",0.955999999999758,0.205300503148836,500
"anzg_nitrate_moderate_fresh",5,"weibull",0.00813417386176512,0.0529297673757302,500
"anzg_nitrate_moderate_fresh",6,"gamma",0.162491946650787,0.0728971268073782,500
"anzg_nitrate_moderate_fresh",6,"lgumbel",0.282328532960569,0.154592052936036,500
"anzg_nitrate_moderate_fresh",6,"llogis",0.179735518037736,0.0267651558650037,500
"anzg_nitrate_moderate_fresh",6,"lnorm",0.208532853956108,0.0328513207461858,500
"anzg_nitrate_moderate_fresh",6,"lnorm_lnorm",0,0,500
"anzg_nitrate_moderate_fresh",6,"weibull",0.1669111483948,0.0936909415277875,500
"anzg_nitrate_moderate_fresh",7,"gamma",0.152764413541066,0.0803583768993384,500
"anzg_nitrate_moderate_fresh",7,"lgumbel",0.298950374265869,0.171113795795505,500
"anzg_nitrate_moderate_fresh",7,"llogis",0.180780649299197,0.0315832171356008,500
"anzg_nitrate_moderate_fresh",7,"lnorm",0.210990912176477,0.0389880873548923,500
"anzg_nitrate_moderate_fresh",7,"lnorm_lnorm",2.28025416386198e-12,3.55683682336342e-11,500
"anzg_nitrate_moderate_fresh",7,"weibull",0.15651365071511,0.0994893351291865,500
"anzg_nitrate_moderate_fresh",8,"gamma",0.142861408776392,0.0864895162866541,500
"anzg_nitrate_moderate_fresh",8,"lgumbel",0.320256919306536,0.188916895647984,500
"anzg_nitrate_moderate_fresh",8,"llogis",0.181151844255509,0.0368369088211712,500
"anzg_nitrate_moderate_fresh",8,"lnorm",0.212345144487052,0.0449942349278942,500
"anzg_nitrate_moderate_fresh",8,"lnorm_lnorm",3.47033468055564e-06,4.31667229260957e-05,500
"anzg_nitrate_moderate_fresh",8,"weibull",0.143381212839831,0.0983938903078063,500
"anzg_nitrate_moderate_fresh",10,"gamma",0.123362192772225,0.0928326230607281,500
"anzg_nitrate_moderate_fresh",10,"lgumbel",0.358009795078471,0.218185336368528,500
"anzg_nitrate_moderate_fresh",10,"llogis",0.181553787966268,0.0490112136231305,500
"anzg_nitrate_moderate_fresh",10,"lnorm",0.213161756706595,0.0615094765457792,500
"anzg_nitrate_moderate_fresh",10,"lnorm_lnorm",0.00483046746172171,0.0582748265435755,500
"anzg_nitrate_moderate_fresh",10,"weibull",0.119082000014719,0.098873547052606,500
"anzg_nitrate_moderate_fresh",16,"gamma",0.0731559577193363,0.0845001504120999,500
"anzg_nitrate_moderate_fresh",16,"lgumbel",0.436997073867251,0.243346434525953,500
"anzg_nitrate_moderate_fresh",16,"llogis",0.172635150700761,0.0762519914930207,500
"anzg_nitrate_moderate_fresh",16,"lnorm",0.209563965800956,0.0968386354060755,500
"anzg_nitrate_moderate_fresh",16,"lnorm_lnorm",0.0437770724540957,0.111734675243928,500
"anzg_nitrate_moderate_fresh",16,"weibull",0.0638707794575997,0.0784865854571488,500
"anzg_nitrate_moderate_fresh",26,"gamma",0.0323471231442573,0.0639981704361536,500
"anzg_nitrate_moderate_fresh",26,"lgumbel",0.521933283796896,0.266685947060206,500
"anzg_nitrate_moderate_fresh",26,"llogis",0.141836391763364,0.0952366986351743,500
"anzg_nitrate_moderate_fresh",26,"lnorm",0.1829295368813,0.132876242319852,500
"anzg_nitrate_moderate_fresh",26,"lnorm_lnorm",0.0957828977972854,0.159974350607731,500
"anzg_nitrate_moderate_fresh",26,"weibull",0.0251707666168979,0.0584132297458727,500
"anzg_nitrate_soft_fresh",5,"gamma",0.00210446848435718,0.018122270960644,500
"anzg_nitrate_soft_fresh",5,"lgumbel",0.0127384582961206,0.0832194163339139,500
"anzg_nitrate_soft_fresh",5,"llogis",0.00439190505932046,0.027050773685361,500
"anzg_nitrate_soft_fresh",5,"lnorm",0.00406471023865524,0.025517513034067,500
"anzg_nitrate_soft_fresh",5,"lnorm_lnorm",0.97399999999985,0.159294536940192,500
"anzg_nitrate_soft_fresh",5,"weibull",0.00270045792169688,0.0249335612358728,500
"anzg_nitrate_soft_fresh",6,"gamma",0.143486530880773,0.0835442261992825,500
"anzg_nitrate_soft_fresh",6,"lgumbel",0.306134237589756,0.157844043940941,500
"anzg_nitrate_soft_fresh",6,"llogis",0.182491747355129,0.0273433350941578,500
"anzg_nitrate_soft_fresh",6,"lnorm",0.212045160095284,0.0330350009393161,500
"anzg_nitrate_soft_fresh",6,"lnorm_lnorm",0,0,500
"anzg_nitrate_soft_fresh",6,"weibull",0.155842324079057,0.0810052008538422,500
"anzg_nitrate_soft_fresh",7,"gamma",0.13113917298164,0.0896204942468143,500
"anzg_nitrate_soft_fresh",7,"lgumbel",0.3280236963855,0.178886280026491,500
"anzg_nitrate_soft_fresh",7,"llogis",0.183168098143561,0.0332645714499619,500
"anzg_nitrate_soft_fresh",7,"lnorm",0.213283086898654,0.0423645316675814,500
"anzg_nitrate_soft_fresh",7,"lnorm_lnorm",3.52491944028478e-12,6.81183060645709e-11,500
"anzg_nitrate_soft_fresh",7,"weibull",0.14438594558712,0.0867827048671194,500
"anzg_nitrate_soft_fresh",8,"gamma",0.116309169492826,0.0924854325256614,500
"anzg_nitrate_soft_fresh",8,"lgumbel",0.352882783993825,0.197449854117679,500
"anzg_nitrate_soft_fresh",8,"llogis",0.18663071297569,0.040419682311251,500
"anzg_nitrate_soft_fresh",8,"lnorm",0.213810106097227,0.051280513147014,500
"anzg_nitrate_soft_fresh",8,"lnorm_lnorm",9.09269093322365e-06,0.00016663614589014,500
"anzg_nitrate_soft_fresh",8,"weibull",0.130358134749499,0.0887802276203629,500
"anzg_nitrate_soft_fresh",10,"gamma",0.0939682470292166,0.0951771683544089,500
"anzg_nitrate_soft_fresh",10,"lgumbel",0.399377907215494,0.226997337074658,500
"anzg_nitrate_soft_fresh",10,"llogis",0.183492042247091,0.0533116079100345,500
"anzg_nitrate_soft_fresh",10,"lnorm",0.208897160216371,0.0699630456086327,500
"anzg_nitrate_soft_fresh",10,"lnorm_lnorm",0.00584424005979772,0.0595516314983657,500
"anzg_nitrate_soft_fresh",10,"weibull",0.108420403232031,0.0943854244159196,500
"anzg_nitrate_soft_fresh",16,"gamma",0.0511866395610338,0.0803365408584331,500
"anzg_nitrate_soft_fresh",16,"lgumbel",0.464283920681458,0.254676861459429,500
"anzg_nitrate_soft_fresh",16,"llogis",0.173984389181887,0.086711172373415,500
"anzg_nitrate_soft_fresh",16,"lnorm",0.199668854143644,0.10639666159871,500
"anzg_nitrate_soft_fresh",16,"lnorm_lnorm",0.0483508691766456,0.133259636917045,500
"anzg_nitrate_soft_fresh",16,"weibull",0.0625253272553325,0.0821254834359373,500
"anzg_nitrate_soft_fresh",26,"gamma",0.0147488743953954,0.0422312325566643,500
"anzg_nitrate_soft_fresh",26,"lgumbel",0.546388241384103,0.283155155865538,500
"anzg_nitrate_soft_fresh",26,"llogis",0.148620857821861,0.117361632835936,500
"anzg_nitrate_soft_fresh",26,"lnorm",0.165203487884621,0.144908901903488,500
"anzg_nitrate_soft_fresh",26,"lnorm_lnorm",0.104917690646171,0.195233994343951,500
"anzg_nitrate_soft_fresh",26,"weibull",0.0201208478678477,0.0452967466078055,500
"anzg_paraquat_fresh",5,"gamma",0.00826323692425504,0.0483000181596472,500
"anzg_paraquat_fresh",5,"lgumbel",0.00932208327994719,0.0625938504636208,500
"anzg_paraquat_fresh",5,"llogis",0.00556430457224296,0.0284075766015805,500
"anzg_paraquat_fresh",5,"lnorm",0.00596430641469982,0.0318291261633717,500
"anzg_paraquat_fresh",5,"lnorm_lnorm",0.961999999999849,0.191387717779962,500
"anzg_paraquat_fresh",5,"weibull",0.00888606880900593,0.0523978301928925,500
"anzg_paraquat_fresh",6,"gamma",0.197707652916111,0.0868312143049637,500
"anzg_paraquat_fresh",6,"lgumbel",0.214449028443598,0.135246814219911,500
"anzg_paraquat_fresh",6,"llogis",0.173862054376491,0.0324226371303336,500
"anzg_paraquat_fresh",6,"lnorm",0.206541205122002,0.0391740757577909,500
"anzg_paraquat_fresh",6,"lnorm_lnorm",0,0,500
"anzg_paraquat_fresh",6,"weibull",0.207440059141798,0.0900574981062495,500
"anzg_paraquat_fresh",7,"gamma",0.191803341606943,0.0963844377761799,500
"anzg_paraquat_fresh",7,"lgumbel",0.215385610757748,0.14458279624602,500
"anzg_paraquat_fresh",7,"llogis",0.177990754089674,0.040981015040953,500
"anzg_paraquat_fresh",7,"lnorm",0.212098782429272,0.0443329922792685,500
"anzg_paraquat_fresh",7,"lnorm_lnorm",1.32307920181139e-12,1.27298098100087e-11,500
"anzg_paraquat_fresh",7,"weibull",0.202721511115041,0.0947432197741511,500
"anzg_paraquat_fresh",8,"gamma",0.190809092288401,0.104802346698659,500
"anzg_paraquat_fresh",8,"lgumbel",0.213291241825779,0.155981514271275,500
"anzg_paraquat_fresh",8,"llogis",0.178404751864875,0.0485561458790132,500
"anzg_paraquat_fresh",8,"lnorm",0.213830482225634,0.0524503858851266,500
"anzg_paraquat_fresh",8,"lnorm_lnorm",2.26459504592592e-06,1.74028071876218e-05,500
"anzg_paraquat_fresh",8,"weibull",0.203662167200265,0.10451406951392,500
"anzg_paraquat_fresh",10,"gamma",0.182469234109178,0.113980425687037,500
"anzg_paraquat_fresh",10,"lgumbel",0.209577863889438,0.169570001707798,500
"anzg_paraquat_fresh",10,"llogis",0.184244164886635,0.0630697708511539,500
"anzg_paraquat_fresh",10,"lnorm",0.224775025968483,0.0581090688393041,500
"anzg_paraquat_fresh",10,"lnorm_lnorm",0.00155172592996318,0.007197623612201,500
"anzg_paraquat_fresh",10,"weibull",0.197381985216302,0.108121289026819,500
"anzg_paraquat_fresh",16,"gamma",0.151932090009949,0.123361143917289,500
"anzg_paraquat_fresh",16,"lgumbel",0.169381130831821,0.169544640867091,500
"anzg_paraquat_fresh",16,"llogis",0.208414998328088,0.105849157492817,500
"anzg_paraquat_fresh",16,"lnorm",0.257639804789551,0.0866113673409757,500
"anzg_paraquat_fresh",16,"lnorm_lnorm",0.0341038057659444,0.0998271711177916,500
"anzg_paraquat_fresh",16,"weibull",0.178528170274646,0.114971440584574,500
"anzg_paraquat_fresh",26,"gamma",0.110720393304586,0.125352932931297,500
"anzg_paraquat_fresh",26,"lgumbel",0.130819723416792,0.172373571471861,500
"anzg_paraquat_fresh",26,"llogis",0.224321571628862,0.130387313802889,500
"anzg_paraquat_fresh",26,"lnorm",0.305359343714187,0.126976268323199,500
"anzg_paraquat_fresh",26,"lnorm_lnorm",0.0810148896062647,0.154965791170545,500
"anzg_paraquat_fresh",26,"weibull",0.147764078329308,0.124564132306229,500
"anzg_perfluorooctane_sulfonate_pfos_fresh",5,"gamma",0.0213921484402721,0.106333194139827,500
"anzg_perfluorooctane_sulfonate_pfos_fresh",5,"lgumbel",0.00411442373582851,0.0344570827561647,500
"anzg_perfluorooctane_sulfonate_pfos_fresh",5,"llogis",0.00479783032406985,0.0239508250897297,500
"anzg_perfluorooctane_sulfonate_pfos_fresh",5,"lnorm",0.00489903598301051,0.0263143862907407,500
"anzg_perfluorooctane_sulfonate_pfos_fresh",5,"lnorm_lnorm",0.953999999999858,0.209694882836378,500
"anzg_perfluorooctane_sulfonate_pfos_fresh",5,"weibull",0.010796561516961,0.0510058597955008,500
"anzg_perfluorooctane_sulfonate_pfos_fresh",6,"gamma",0.272710434983483,0.158109926157033,500
"anzg_perfluorooctane_sulfonate_pfos_fresh",6,"lgumbel",0.155750208682935,0.124305588999234,500
"anzg_perfluorooctane_sulfonate_pfos_fresh",6,"llogis",0.159115148337945,0.047060811543044,500
"anzg_perfluorooctane_sulfonate_pfos_fresh",6,"lnorm",0.185395270364134,0.0609005291455793,500
"anzg_perfluorooctane_sulfonate_pfos_fresh",6,"lnorm_lnorm",0,0,500
"anzg_perfluorooctane_sulfonate_pfos_fresh",6,"weibull",0.227028937631504,0.0651067554287958,500
"anzg_perfluorooctane_sulfonate_pfos_fresh",7,"gamma",0.282685457635767,0.173575404748203,500
"anzg_perfluorooctane_sulfonate_pfos_fresh",7,"lgumbel",0.139154994254073,0.127967700442218,500
"anzg_perfluorooctane_sulfonate_pfos_fresh",7,"llogis",0.158228828760139,0.0554835819448972,500
"anzg_perfluorooctane_sulfonate_pfos_fresh",7,"lnorm",0.182692413650374,0.0709641874669916,500
"anzg_perfluorooctane_sulfonate_pfos_fresh",7,"lnorm_lnorm",2.32137716700813e-11,4.72639122086102e-10,500
"anzg_perfluorooctane_sulfonate_pfos_fresh",7,"weibull",0.237238305676433,0.0703342013135927,500
"anzg_perfluorooctane_sulfonate_pfos_fresh",8,"gamma",0.287776340797447,0.184231764661298,500
"anzg_perfluorooctane_sulfonate_pfos_fresh",8,"lgumbel",0.126641419789428,0.126680026694211,500
"anzg_perfluorooctane_sulfonate_pfos_fresh",8,"llogis",0.158748111925982,0.0652794307412741,500
"anzg_perfluorooctane_sulfonate_pfos_fresh",8,"lnorm",0.182456854850345,0.0792377312067827,500
"anzg_perfluorooctane_sulfonate_pfos_fresh",8,"lnorm_lnorm",5.68427258621821e-07,3.73817012796269e-06,500
"anzg_perfluorooctane_sulfonate_pfos_fresh",8,"weibull",0.24437670420954,0.0755492543755325,500
"anzg_perfluorooctane_sulfonate_pfos_fresh",10,"gamma",0.2969688255995,0.200344663015464,500
"anzg_perfluorooctane_sulfonate_pfos_fresh",10,"lgumbel",0.103251504764962,0.125833970568003,500
"anzg_perfluorooctane_sulfonate_pfos_fresh",10,"llogis",0.158239643219775,0.0800072355376394,500
"anzg_perfluorooctane_sulfonate_pfos_fresh",10,"lnorm",0.178690476174693,0.0914977016496896,500
"anzg_perfluorooctane_sulfonate_pfos_fresh",10,"lnorm_lnorm",0.00191945057045745,0.0194817870397953,500
"anzg_perfluorooctane_sulfonate_pfos_fresh",10,"weibull",0.260930099670613,0.0864615286100774,500
"anzg_perfluorooctane_sulfonate_pfos_fresh",16,"gamma",0.300366592183012,0.237746310517236,500
"anzg_perfluorooctane_sulfonate_pfos_fresh",16,"lgumbel",0.0493465902114406,0.0942157703241171,500
"anzg_perfluorooctane_sulfonate_pfos_fresh",16,"llogis",0.152604899741811,0.113059900358804,500
"anzg_perfluorooctane_sulfonate_pfos_fresh",16,"lnorm",0.160190271649924,0.121929957465853,500
"anzg_perfluorooctane_sulfonate_pfos_fresh",16,"lnorm_lnorm",0.0361559720513603,0.105695027717262,500
"anzg_perfluorooctane_sulfonate_pfos_fresh",16,"weibull",0.301335674162452,0.118739721437764,500
"anzg_perfluorooctane_sulfonate_pfos_fresh",26,"gamma",0.264444809588323,0.255009792550538,500
"anzg_perfluorooctane_sulfonate_pfos_fresh",26,"lgumbel",0.014066870671926,0.0457134123756505,500
"anzg_perfluorooctane_sulfonate_pfos_fresh",26,"llogis",0.136639558880706,0.137568514501487,500
"anzg_perfluorooctane_sulfonate_pfos_fresh",26,"lnorm",0.13521055607361,0.139226907374001,500
"anzg_perfluorooctane_sulfonate_pfos_fresh",26,"lnorm_lnorm",0.091114423218015,0.175595032440827,500
"anzg_perfluorooctane_sulfonate_pfos_fresh",26,"weibull",0.358523781567421,0.166773010221842,500
"anzg_picloram_fresh",5,"gamma",0.0195354847223543,0.0853234301124104,500
"anzg_picloram_fresh",5,"lgumbel",0.00970821507617261,0.0594910862852846,500
"anzg_picloram_fresh",5,"llogis",0.00851397000928804,0.0341142531405322,500
"anzg_picloram_fresh",5,"lnorm",0.00836278151153285,0.035401802106212,500
"anzg_picloram_fresh",5,"lnorm_lnorm",0.935999999999618,0.244998057331366,500
"anzg_picloram_fresh",5,"weibull",0.0178795486810343,0.0756649478922056,500
"anzg_picloram_fresh",6,"gamma",0.256113642755372,0.0964021758962284,500
"anzg_picloram_fresh",6,"lgumbel",0.150210769553704,0.113320456511468,500
"anzg_picloram_fresh",6,"llogis",0.157419333623478,0.0334473640841944,500
"anzg_picloram_fresh",6,"lnorm",0.186454594667717,0.0504961291621305,500
"anzg_picloram_fresh",6,"lnorm_lnorm",0,0,500
"anzg_picloram_fresh",6,"weibull",0.249801659399728,0.0839310304284733,500
"anzg_picloram_fresh",7,"gamma",0.266296712650678,0.108375766932434,500
"anzg_picloram_fresh",7,"lgumbel",0.137030087471964,0.117866901057797,500
"anzg_picloram_fresh",7,"llogis",0.155002091563735,0.0426025009196637,500
"anzg_picloram_fresh",7,"lnorm",0.182326881480092,0.0610544512293612,500
"anzg_picloram_fresh",7,"lnorm_lnorm",4.37182509895465e-13,3.32070983382225e-12,500
"anzg_picloram_fresh",7,"weibull",0.259344226833094,0.0949508733059844,500
"anzg_picloram_fresh",8,"gamma",0.277628824156368,0.11378510326412,500
"anzg_picloram_fresh",8,"lgumbel",0.121720032596673,0.117770339231495,500
"anzg_picloram_fresh",8,"llogis",0.151866618334881,0.0471598652317167,500
"anzg_picloram_fresh",8,"lnorm",0.178453148448288,0.0686834679947816,500
"anzg_picloram_fresh",8,"lnorm_lnorm",5.69299247392013e-06,8.76653891377504e-05,500
"anzg_picloram_fresh",8,"weibull",0.270325683471316,0.099690228503346,500
"anzg_picloram_fresh",10,"gamma",0.295948043333373,0.126174503020594,500
"anzg_picloram_fresh",10,"lgumbel",0.0989562204307571,0.120055980731121,500
"anzg_picloram_fresh",10,"llogis",0.143157377270041,0.0568207087398853,500
"anzg_picloram_fresh",10,"lnorm",0.169389607309606,0.0819478360841879,500
"anzg_picloram_fresh",10,"lnorm_lnorm",0.00629464925295869,0.0575562592355894,500
"anzg_picloram_fresh",10,"weibull",0.286254102403264,0.107573557377967,500
"anzg_picloram_fresh",16,"gamma",0.327785460275476,0.145420524570948,500
"anzg_picloram_fresh",16,"lgumbel",0.0512575861782671,0.0934059159517286,500
"anzg_picloram_fresh",16,"llogis",0.120139011150902,0.0811325889056952,500
"anzg_picloram_fresh",16,"lnorm",0.143391400648585,0.106985998197492,500
"anzg_picloram_fresh",16,"lnorm_lnorm",0.0487232681257418,0.135463029378125,500
"anzg_picloram_fresh",16,"weibull",0.308703273621028,0.11560851069318,500
"anzg_picloram_fresh",26,"gamma",0.358880054166124,0.158287419249751,500
"anzg_picloram_fresh",26,"lgumbel",0.015770950937795,0.0522630011988197,500
"anzg_picloram_fresh",26,"llogis",0.0865231266241036,0.0879463405640227,500
"anzg_picloram_fresh",26,"lnorm",0.106507660683855,0.123075818646266,500
"anzg_picloram_fresh",26,"lnorm_lnorm",0.0971949729460562,0.188782458642456,500
"anzg_picloram_fresh",26,"weibull",0.335123234642065,0.120586452206259,500
"anzg_simazine_fresh",5,"gamma",0.00581453488697392,0.0408534890399773,500
"anzg_simazine_fresh",5,"lgumbel",0.0084298798531531,0.063330041863467,500
"anzg_simazine_fresh",5,"llogis",0.00453229899040841,0.0262232569089148,500
"anzg_simazine_fresh",5,"lnorm",0.00454390735699629,0.0269989971220285,500
"anzg_simazine_fresh",5,"lnorm_lnorm",0.969999999999759,0.170758064621417,500
"anzg_simazine_fresh",5,"weibull",0.0066793789127092,0.0463829761784421,500
"anzg_simazine_fresh",6,"gamma",0.189692278231597,0.0846567791881277,500
"anzg_simazine_fresh",6,"lgumbel",0.225257416796171,0.140753871302449,500
"anzg_simazine_fresh",6,"llogis",0.175923334622365,0.0311238462730691,500
"anzg_simazine_fresh",6,"lnorm",0.207764003703212,0.0377161933381043,500
"anzg_simazine_fresh",6,"lnorm_lnorm",0,0,500
"anzg_simazine_fresh",6,"weibull",0.201362966646655,0.0934540505832215,500
"anzg_simazine_fresh",7,"gamma",0.182595821590449,0.0931162906515648,500
"anzg_simazine_fresh",7,"lgumbel",0.231487201669552,0.153719809125862,500
"anzg_simazine_fresh",7,"llogis",0.178680353909268,0.0378872590986105,500
"anzg_simazine_fresh",7,"lnorm",0.212510284855624,0.0437414231728422,500
"anzg_simazine_fresh",7,"lnorm_lnorm",1.23360232222518e-12,1.43935168605024e-11,500
"anzg_simazine_fresh",7,"weibull",0.194726337973873,0.0993517163542307,500
"anzg_simazine_fresh",8,"gamma",0.178151400264759,0.100412872425856,500
"anzg_simazine_fresh",8,"lgumbel",0.233557320670345,0.165551941660472,500
"anzg_simazine_fresh",8,"llogis",0.181892200457129,0.0456484619684075,500
"anzg_simazine_fresh",8,"lnorm",0.217084615030139,0.0494051577979326,500
"anzg_simazine_fresh",8,"lnorm_lnorm",2.85252222044494e-06,2.3991159526537e-05,500
"anzg_simazine_fresh",8,"weibull",0.189311611055407,0.102404402527141,500
"anzg_simazine_fresh",10,"gamma",0.164247185756732,0.109880077671278,500
"anzg_simazine_fresh",10,"lgumbel",0.235976408328224,0.181715574556883,500
"anzg_simazine_fresh",10,"llogis",0.191729136422148,0.0636010764899631,500
"anzg_simazine_fresh",10,"lnorm",0.227293446015471,0.058819242153152,500
"anzg_simazine_fresh",10,"lnorm_lnorm",0.00177249362290848,0.0128573190310533,500
"anzg_simazine_fresh",10,"weibull",0.178981329854516,0.109392108033224,500
"anzg_simazine_fresh",16,"gamma",0.129801856663692,0.122424722811618,500
"anzg_simazine_fresh",16,"lgumbel",0.229668546391989,0.212347073534468,500
"anzg_simazine_fresh",16,"llogis",0.205349113051155,0.0975646132058027,500
"anzg_simazine_fresh",16,"lnorm",0.250489933791729,0.0910890628524441,500
"anzg_simazine_fresh",16,"lnorm_lnorm",0.0344397367058886,0.112132731193162,500
"anzg_simazine_fresh",16,"weibull",0.150250813395547,0.119284525248207,500
"anzg_simazine_fresh",26,"gamma",0.0853816488888163,0.113708979006241,500
"anzg_simazine_fresh",26,"lgumbel",0.19718158310572,0.22625218263448,500
"anzg_simazine_fresh",26,"llogis",0.231034657651404,0.135150479326744,500
"anzg_simazine_fresh",26,"lnorm",0.29117859459423,0.129470869272792,500
"anzg_simazine_fresh",26,"lnorm_lnorm",0.0805808983058116,0.167304376392571,500
"anzg_simazine_fresh",26,"weibull",0.114642617454018,0.123081479876441,500
"anzg_simazine_marine",5,"gamma",0.00747276712942059,0.0384986509584876,500
"anzg_simazine_marine",5,"lgumbel",0.0194217937935587,0.0933684856928905,500
"anzg_simazine_marine",5,"llogis",0.00894380467142316,0.037667327072793,500
"anzg_simazine_marine",5,"lnorm",0.00980944563541803,0.0422025397447956,500
"anzg_simazine_marine",5,"lnorm_lnorm",0.945999999999732,0.226244055712989,500
"anzg_simazine_marine",5,"weibull",0.00835218877044717,0.0426666285700882,500
"anzg_simazine_marine",6,"gamma",0.14647396287012,0.0956258077370265,500
"anzg_simazine_marine",6,"lgumbel",0.295572952793162,0.164809025039031,500
"anzg_simazine_marine",6,"llogis",0.180999477774947,0.0298878494548846,500
"anzg_simazine_marine",6,"lnorm",0.211948008546006,0.0381852758037757,500
"anzg_simazine_marine",6,"lnorm_lnorm",0,0,500
"anzg_simazine_marine",6,"weibull",0.165005598015766,0.0819898617704071,500
"anzg_simazine_marine",7,"gamma",0.131652050105933,0.100142051678694,500
"anzg_simazine_marine",7,"lgumbel",0.31628142110318,0.184898082268451,500
"anzg_simazine_marine",7,"llogis",0.183471420262069,0.0359213179684972,500
"anzg_simazine_marine",7,"lnorm",0.214609345466697,0.0453950919052275,500
"anzg_simazine_marine",7,"lnorm_lnorm",1.84785722171792e-12,2.39702063585182e-11,500
"anzg_simazine_marine",7,"weibull",0.153985763060272,0.0873517541805384,500
"anzg_simazine_marine",8,"gamma",0.116664307657793,0.101940167547747,500
"anzg_simazine_marine",8,"lgumbel",0.340332845913148,0.200711526493209,500
"anzg_simazine_marine",8,"llogis",0.184729943202854,0.0402053805911071,500
"anzg_simazine_marine",8,"lnorm",0.21627948330271,0.0529883221250952,500
"anzg_simazine_marine",8,"lnorm_lnorm",1.93754667083169e-05,0.00037985852271827,500
"anzg_simazine_marine",8,"weibull",0.141974044456786,0.0924422129605403,500
"anzg_simazine_marine",10,"gamma",0.0918411301343415,0.102521131783161,500
"anzg_simazine_marine",10,"lgumbel",0.379812585198122,0.22210003398605,500
"anzg_simazine_marine",10,"llogis",0.183794041717976,0.0531314776807927,500
"anzg_simazine_marine",10,"lnorm",0.217927008495947,0.0684619609899108,500
"anzg_simazine_marine",10,"lnorm_lnorm",0.0069836892147901,0.0605371339479766,500
"anzg_simazine_marine",10,"weibull",0.119641545238824,0.0960452616803526,500
"anzg_simazine_marine",16,"gamma",0.038990963450381,0.0753842291229096,500
"anzg_simazine_marine",16,"lgumbel",0.462265827240011,0.256591334742976,500
"anzg_simazine_marine",16,"llogis",0.17781290351981,0.0909518485843398,500
"anzg_simazine_marine",16,"lnorm",0.21001976575475,0.112450373281885,500
"anzg_simazine_marine",16,"lnorm_lnorm",0.0446868245848308,0.125365533183148,500
"anzg_simazine_marine",16,"weibull",0.0662237154502175,0.0852486388612918,500
"anzg_simazine_marine",26,"gamma",0.0108415870065091,0.0397601959038256,500
"anzg_simazine_marine",26,"lgumbel",0.52806140599574,0.286421398192429,500
"anzg_simazine_marine",26,"llogis",0.152153059934827,0.118533640076221,500
"anzg_simazine_marine",26,"lnorm",0.185778867570005,0.152619966742312,500
"anzg_simazine_marine",26,"lnorm_lnorm",0.0959296689106891,0.177079601633999,500
"anzg_simazine_marine",26,"weibull",0.0272354105822303,0.0600927989667471,500
"anzg_sulfometuron_methyl_fresh",5,"gamma",0.0372181499599899,0.147192044504787,500
"anzg_sulfometuron_methyl_fresh",5,"lgumbel",0.00441333427544195,0.0337201003503926,500
"anzg_sulfometuron_methyl_fresh",5,"llogis",0.00581558611852723,0.0241543289131041,500
"anzg_sulfometuron_methyl_fresh",5,"lnorm",0.00569374495825874,0.0260748297441796,500
"anzg_sulfometuron_methyl_fresh",5,"lnorm_lnorm",0.931999999999888,0.251998027793887,500
"anzg_sulfometuron_methyl_fresh",5,"weibull",0.0148591846878939,0.0574762540542742,500
"anzg_sulfometuron_methyl_fresh",6,"gamma",0.365615786082189,0.18299495653847,500
"anzg_sulfometuron_methyl_fresh",6,"lgumbel",0.112235650804356,0.103553397363912,500
"anzg_sulfometuron_methyl_fresh",6,"llogis",0.132265922735206,0.0498090888901301,500
"anzg_sulfometuron_methyl_fresh",6,"lnorm",0.155321645847959,0.0675277745679944,500
"anzg_sulfometuron_methyl_fresh",6,"lnorm_lnorm",0,0,500
"anzg_sulfometuron_methyl_fresh",6,"weibull",0.234560994530291,0.054879569124209,500
"anzg_sulfometuron_methyl_fresh",7,"gamma",0.396796347093274,0.196073227607793,500
"anzg_sulfometuron_methyl_fresh",7,"lgumbel",0.090532200614757,0.0954420729461186,500
"anzg_sulfometuron_methyl_fresh",7,"llogis",0.123584278003671,0.0544667764455538,500
"anzg_sulfometuron_methyl_fresh",7,"lnorm",0.144682740989253,0.075389854620305,500
"anzg_sulfometuron_methyl_fresh",7,"lnorm_lnorm",2.39399651542753e-12,3.71862483338244e-11,500
"anzg_sulfometuron_methyl_fresh",7,"weibull",0.244404433296651,0.0584618982392001,500
"anzg_sulfometuron_methyl_fresh",8,"gamma",0.424181302311003,0.208439311117814,500
"anzg_sulfometuron_methyl_fresh",8,"lgumbel",0.0762264072932744,0.0891956748245164,500
"anzg_sulfometuron_methyl_fresh",8,"llogis",0.114976998224814,0.0580246127843636,500
"anzg_sulfometuron_methyl_fresh",8,"lnorm",0.13645177851026,0.0816749917106074,500
"anzg_sulfometuron_methyl_fresh",8,"lnorm_lnorm",8.66907088850491e-06,0.000148158784934683,500
"anzg_sulfometuron_methyl_fresh",8,"weibull",0.24815484458976,0.0621227029082151,500
"anzg_sulfometuron_methyl_fresh",10,"gamma",0.466333802818537,0.229442767676714,500
"anzg_sulfometuron_methyl_fresh",10,"lgumbel",0.0566478542898333,0.0832052452411794,500
"anzg_sulfometuron_methyl_fresh",10,"llogis",0.100116330283571,0.0642733690553126,500
"anzg_sulfometuron_methyl_fresh",10,"lnorm",0.121390716690222,0.0903332246868719,500
"anzg_sulfometuron_methyl_fresh",10,"lnorm_lnorm",0.00376570554424018,0.0447033837271965,500
"anzg_sulfometuron_methyl_fresh",10,"weibull",0.251745590373597,0.073454507111729,500
"anzg_sulfometuron_methyl_fresh",16,"gamma",0.535576265990357,0.253198812103417,500
"anzg_sulfometuron_methyl_fresh",16,"lgumbel",0.0214628651066045,0.0524824661981824,500
"anzg_sulfometuron_methyl_fresh",16,"llogis",0.0634494386725197,0.0648644437251275,500
"anzg_sulfometuron_methyl_fresh",16,"lnorm",0.0815560811341047,0.0964093707040544,500
"anzg_sulfometuron_methyl_fresh",16,"lnorm_lnorm",0.0463475735799694,0.135977503867282,500
"anzg_sulfometuron_methyl_fresh",16,"weibull",0.251607775516445,0.115070746609228,500
"anzg_sulfometuron_methyl_fresh",26,"gamma",0.642296604275601,0.261655994956091,500
"anzg_sulfometuron_methyl_fresh",26,"lgumbel",0.00240972037243377,0.0137170885672536,500
"anzg_sulfometuron_methyl_fresh",26,"llogis",0.0239294753601181,0.0435026910910956,500
"anzg_sulfometuron_methyl_fresh",26,"lnorm",0.0316870606311295,0.0677452878017001,500
"anzg_sulfometuron_methyl_fresh",26,"lnorm_lnorm",0.0808115457031814,0.149707911470877,500
"anzg_sulfometuron_methyl_fresh",26,"weibull",0.218865593657537,0.162410006467677,500
"anzg_zinc_marine",5,"gamma",0.00826604084226658,0.0409881216195248,500
"anzg_zinc_marine",5,"lgumbel",0.0213992559735315,0.100630075068694,500
"anzg_zinc_marine",5,"llogis",0.00974248533124558,0.038794797017716,500
"anzg_zinc_marine",5,"lnorm",0.0102313254273216,0.0418065577915023,500
"anzg_zinc_marine",5,"lnorm_lnorm",0.939999999999816,0.237724685407473,500
"anzg_zinc_marine",5,"weibull",0.0103608924258183,0.0532585007039978,500
"anzg_zinc_marine",6,"gamma",0.140621020133566,0.0903600563702287,500
"anzg_zinc_marine",6,"lgumbel",0.312884405222315,0.17103140736176,500
"anzg_zinc_marine",6,"llogis",0.181955157970809,0.0306142314057931,500
"anzg_zinc_marine",6,"lnorm",0.206924929725365,0.0390383641423126,500
"anzg_zinc_marine",6,"lnorm_lnorm",0,0,500
"anzg_zinc_marine",6,"weibull",0.157614486947946,0.0922618036527168,500
"anzg_zinc_marine",7,"gamma",0.123493089608435,0.0957204387450217,500
"anzg_zinc_marine",7,"lgumbel",0.346253525803183,0.191735023234511,500
"anzg_zinc_marine",7,"llogis",0.183892510202152,0.0364248677467559,500
"anzg_zinc_marine",7,"lnorm",0.206365434073019,0.0472977379116953,500
"anzg_zinc_marine",7,"lnorm_lnorm",1.90885310379635e-10,4.04727838057464e-09,500
"anzg_zinc_marine",7,"weibull",0.139995440122325,0.0943405399549845,500
"anzg_zinc_marine",8,"gamma",0.108850362393798,0.0961885507244411,500
"anzg_zinc_marine",8,"lgumbel",0.372999760188522,0.201927773484953,500
"anzg_zinc_marine",8,"llogis",0.18524256028003,0.042832096516982,500
"anzg_zinc_marine",8,"lnorm",0.207705687914778,0.055465031740875,500
"anzg_zinc_marine",8,"lnorm_lnorm",0.000614920527319403,0.013621677882842,500
"anzg_zinc_marine",8,"weibull",0.124586708695552,0.0933673831314896,500
"anzg_zinc_marine",10,"gamma",0.0841865589572297,0.0945281708815724,500
"anzg_zinc_marine",10,"lgumbel",0.420890256300273,0.222791145049805,500
"anzg_zinc_marine",10,"llogis",0.187254991363477,0.0563410789580547,500
"anzg_zinc_marine",10,"lnorm",0.205262204206339,0.0702442845033551,500
"anzg_zinc_marine",10,"lnorm_lnorm",0.00356510709413961,0.0393772235016315,500
"anzg_zinc_marine",10,"weibull",0.0988408820785421,0.0914769113228686,500
"anzg_zinc_marine",16,"gamma",0.0363268129716326,0.0739674294393341,500
"anzg_zinc_marine",16,"lgumbel",0.532682552998058,0.254304825788399,500
"anzg_zinc_marine",16,"llogis",0.162124130090236,0.0843729903932851,500
"anzg_zinc_marine",16,"lnorm",0.171410926953252,0.107171695582452,500
"anzg_zinc_marine",16,"lnorm_lnorm",0.0511457378843406,0.129937462910813,500
"anzg_zinc_marine",16,"weibull",0.0463098391024809,0.0753501775563087,500
"anzg_zinc_marine",26,"gamma",0.00902844562634281,0.0342012555319212,500
"anzg_zinc_marine",26,"lgumbel",0.611568257358572,0.268415945814574,500
"anzg_zinc_marine",26,"llogis",0.120356083366252,0.109103673108454,500
"anzg_zinc_marine",26,"lnorm",0.124928115310079,0.129890246103855,500
"anzg_zinc_marine",26,"lnorm_lnorm",0.121016496962563,0.195608941103876,500
"anzg_zinc_marine",26,"weibull",0.0131026013761899,0.0389024242589915,500
"ccme_boron",5,"gamma",0.0148421233504245,0.0660016606710611,500
"ccme_boron",5,"lgumbel",0.00628855579042268,0.0391117078511219,500
"ccme_boron",5,"llogis",0.0075529970503277,0.0321601374325296,500
"ccme_boron",5,"lnorm",0.00774385343542709,0.0347369424591494,500
"ccme_boron",5,"lnorm_lnorm",0.945999999999808,0.226244055713007,500
"ccme_boron",5,"weibull",0.0175724703735899,0.0787026732033832,500
"ccme_boron",6,"gamma",0.229815656397426,0.0817815823014109,500
"ccme_boron",6,"lgumbel",0.172162708666794,0.12207451521462,500
"ccme_boron",6,"llogis",0.165477598065801,0.0328644713440844,500
"ccme_boron",6,"lnorm",0.194035019462686,0.0450774149246844,500
"ccme_boron",6,"lnorm_lnorm",0,0,500
"ccme_boron",6,"weibull",0.238509017407293,0.0988737683029664,500
"ccme_boron",7,"gamma",0.238980657915963,0.0891100881737436,500
"ccme_boron",7,"lgumbel",0.158417397672846,0.123972974582226,500
"ccme_boron",7,"llogis",0.161843785956224,0.0372696440757136,500
"ccme_boron",7,"lnorm",0.192902772568633,0.0536968543773599,500
"ccme_boron",7,"lnorm_lnorm",5.46601896979062e-13,3.34198856905102e-12,500
"ccme_boron",7,"weibull",0.247855385885788,0.107789613725442,500
"ccme_boron",8,"gamma",0.249931322151471,0.0943024510350806,500
"ccme_boron",8,"lgumbel",0.142168783099682,0.128299999020617,500
"ccme_boron",8,"llogis",0.159274608159356,0.0423718039865042,500
"ccme_boron",8,"lnorm",0.1895198646737,0.0598473246258188,500
"ccme_boron",8,"lnorm_lnorm",2.27055841125964e-06,2.74858042558944e-05,500
"ccme_boron",8,"weibull",0.259103151357379,0.111568664979279,500
"ccme_boron",10,"gamma",0.264398310255066,0.103827490435259,500
"ccme_boron",10,"lgumbel",0.117032218231933,0.129357163074673,500
"ccme_boron",10,"llogis",0.156540867471755,0.056874171653057,500
"ccme_boron",10,"lnorm",0.18559077155349,0.0712492017022971,500
"ccme_boron",10,"lnorm_lnorm",0.00227956129688105,0.0179193509048912,500
"ccme_boron",10,"weibull",0.274158271190874,0.11673598047064,500
"ccme_boron",16,"gamma",0.284878997138058,0.123190932271513,500
"ccme_boron",16,"lgumbel",0.0672548278530428,0.114685845002907,500
"ccme_boron",16,"llogis",0.141503357787253,0.0882067456785432,500
"ccme_boron",16,"lnorm",0.165595044313957,0.103096199509059,500
"ccme_boron",16,"lnorm_lnorm",0.0424186133996627,0.125119265802357,500
"ccme_boron",16,"weibull",0.298349159508026,0.137396360405404,500
"ccme_boron",26,"gamma",0.308465180651809,0.137705508798232,500
"ccme_boron",26,"lgumbel",0.0252103665756677,0.0699000385011674,500
"ccme_boron",26,"llogis",0.121898275917102,0.119222615723333,500
"ccme_boron",26,"lnorm",0.143537304075611,0.130476715700653,500
"ccme_boron",26,"lnorm_lnorm",0.0803967172337047,0.165680385934045,500
"ccme_boron",26,"weibull",0.320492155546105,0.147728427611706,500
"ccme_cadmium",5,"gamma",0.00421187463816858,0.0327736983326328,500
"ccme_cadmium",5,"lgumbel",0.0141343390066368,0.0866845098398503,500
"ccme_cadmium",5,"llogis",0.00547589366166113,0.0295210236677444,500
"ccme_cadmium",5,"lnorm",0.00524741191267483,0.0288152457373483,500
"ccme_cadmium",5,"lnorm_lnorm",0.965999999999885,0.181410638164554,500
"ccme_cadmium",5,"weibull",0.00493048078097333,0.0358355701255529,500
"ccme_cadmium",6,"gamma",0.137606676880469,0.106741270755865,500
"ccme_cadmium",6,"lgumbel",0.307799026117197,0.174989321576559,500
"ccme_cadmium",6,"llogis",0.185500790066977,0.0350643241559971,500
"ccme_cadmium",6,"lnorm",0.209812934419442,0.0426071856211652,500
"ccme_cadmium",6,"lnorm_lnorm",0,0,500
"ccme_cadmium",6,"weibull",0.159280572515915,0.0837754022873256,500
"ccme_cadmium",7,"gamma",0.121040371897706,0.110178038471819,500
"ccme_cadmium",7,"lgumbel",0.326491418842238,0.189527052440596,500
"ccme_cadmium",7,"llogis",0.190129555907223,0.043789266221936,500
"ccme_cadmium",7,"lnorm",0.213647798700429,0.0522221836198792,500
"ccme_cadmium",7,"lnorm_lnorm",8.88973260134548e-12,1.67355671311463e-10,500
"ccme_cadmium",7,"weibull",0.148690854643514,0.0899284451238672,500
"ccme_cadmium",8,"gamma",0.106636205790308,0.111563183113989,500
"ccme_cadmium",8,"lgumbel",0.348432241769493,0.208116068385194,500
"ccme_cadmium",8,"llogis",0.192344478895115,0.0485702224342677,500
"ccme_cadmium",8,"lnorm",0.214145173217552,0.0605330990350056,500
"ccme_cadmium",8,"lnorm_lnorm",2.4047322850622e-06,1.56389999042786e-05,500
"ccme_cadmium",8,"weibull",0.138439495595248,0.0953256324975828,500
"ccme_cadmium",10,"gamma",0.080316660270798,0.102581211517198,500
"ccme_cadmium",10,"lgumbel",0.379760945673773,0.224606094038289,500
"ccme_cadmium",10,"llogis",0.196219589839624,0.0609047078787801,500
"ccme_cadmium",10,"lnorm",0.219096906083804,0.074191259081174,500
"ccme_cadmium",10,"lnorm_lnorm",0.00575393046448514,0.0639044090116117,500
"ccme_cadmium",10,"weibull",0.118851967667516,0.0977935171494846,500
"ccme_cadmium",16,"gamma",0.033210755691551,0.0751236407906152,500
"ccme_cadmium",16,"lgumbel",0.450862937391357,0.25152548077439,500
"ccme_cadmium",16,"llogis",0.189069071477729,0.0921659139600286,500
"ccme_cadmium",16,"lnorm",0.216646609862852,0.113074812150867,500
"ccme_cadmium",16,"lnorm_lnorm",0.0400066709839538,0.107622654736482,500
"ccme_cadmium",16,"weibull",0.0702039545925561,0.0901145950140866,500
"ccme_cadmium",26,"gamma",0.00700887987734462,0.0334025606042518,500
"ccme_cadmium",26,"lgumbel",0.516539260545944,0.291342505261717,500
"ccme_cadmium",26,"llogis",0.162290790633115,0.121084186970828,500
"ccme_cadmium",26,"lnorm",0.187905821255753,0.157377786799636,500
"ccme_cadmium",26,"lnorm_lnorm",0.0978981611019062,0.178314960744174,500
"ccme_cadmium",26,"weibull",0.0283570865859372,0.0627499664202363,500
"ccme_chloride",5,"gamma",0.0127020249685335,0.0666889315309155,500
"ccme_chloride",5,"lgumbel",0.0048190613008261,0.0411678744409885,500
"ccme_chloride",5,"llogis",0.00552854517423309,0.0271074517182998,500
"ccme_chloride",5,"lnorm",0.005189635338631,0.0266449916202679,500
"ccme_chloride",5,"lnorm_lnorm",0.957999999999811,0.200790022826128,500
"ccme_chloride",5,"weibull",0.013760733217965,0.0708481546594919,500
"ccme_chloride",6,"gamma",0.24598755324348,0.0909815440018056,500
"ccme_chloride",6,"lgumbel",0.158765183239789,0.121840910367091,500
"ccme_chloride",6,"llogis",0.160618903358289,0.0315575700984044,500
"ccme_chloride",6,"lnorm",0.187998167753051,0.0465241228552779,500
"ccme_chloride",6,"lnorm_lnorm",0,0,500
"ccme_chloride",6,"weibull",0.246630192405392,0.090423556382724,500
"ccme_chloride",7,"gamma",0.253536320286281,0.0987214369351254,500
"ccme_chloride",7,"lgumbel",0.148605607201383,0.125527908931354,500
"ccme_chloride",7,"llogis",0.158037081667706,0.0365962521305811,500
"ccme_chloride",7,"lnorm",0.187527623620139,0.0544370423186475,500
"ccme_chloride",7,"lnorm_lnorm",6.08050209153249e-13,6.79016034171624e-12,500
"ccme_chloride",7,"weibull",0.252293367223883,0.0944045411378302,500
"ccme_chloride",8,"gamma",0.261877077399838,0.111876659557464,500
"ccme_chloride",8,"lgumbel",0.140961107671806,0.13269240818273,500
"ccme_chloride",8,"llogis",0.155807987003711,0.0456132917854607,500
"ccme_chloride",8,"lnorm",0.184578791354788,0.0634772751462865,500
"ccme_chloride",8,"lnorm_lnorm",1.59781041656923e-05,0.000315329205580945,500
"ccme_chloride",8,"weibull",0.256759058465692,0.103130673583362,500
"ccme_chloride",10,"gamma",0.281524274772625,0.119111226437964,500
"ccme_chloride",10,"lgumbel",0.111784962446327,0.127520777563071,500
"ccme_chloride",10,"llogis",0.14818009096311,0.0537315520503956,500
"ccme_chloride",10,"lnorm",0.177211648691996,0.0767402037039453,500
"ccme_chloride",10,"lnorm_lnorm",0.00459526216398389,0.0445033173305712,500
"ccme_chloride",10,"weibull",0.276703760961958,0.110021838381273,500
"ccme_chloride",16,"gamma",0.319097115076831,0.132925640346577,500
"ccme_chloride",16,"lgumbel",0.0581461775090722,0.0986299398980813,500
"ccme_chloride",16,"llogis",0.12490692850377,0.0742230859960396,500
"ccme_chloride",16,"lnorm",0.156969904773907,0.104292457444488,500
"ccme_chloride",16,"lnorm_lnorm",0.0337971512915761,0.113736064106422,500
"ccme_chloride",16,"weibull",0.307082722844844,0.116188128456438,500
"ccme_chloride",26,"gamma",0.352535799474774,0.143605310734383,500
"ccme_chloride",26,"lgumbel",0.0196459423789862,0.0551711172625427,500
"ccme_chloride",26,"llogis",0.092041732103707,0.0822870589508763,500
"ccme_chloride",26,"lnorm",0.126446692482613,0.125738539989436,500
"ccme_chloride",26,"lnorm_lnorm",0.0747880279924106,0.149334732253771,500
"ccme_chloride",26,"weibull",0.334541805567509,0.120310837895181,500
"ccme_endosulfan",5,"gamma",0.00985831359019428,0.0691222529071625,500
"ccme_endosulfan",5,"lgumbel",0.00794091602207146,0.0616628640864041,500
"ccme_endosulfan",5,"llogis",0.00414718190293724,0.0241801671531563,500
"ccme_endosulfan",5,"lnorm",0.00420427272487441,0.0257185386992432,500
"ccme_endosulfan",5,"lnorm_lnorm",0.967999999999865,0.176176264440747,500
"ccme_endosulfan",5,"weibull",0.0058493157600579,0.036112109756331,500
"ccme_endosulfan",6,"gamma",0.180061320070852,0.138220167528457,500
"ccme_endosulfan",6,"lgumbel",0.243745428321902,0.154026818318696,500
"ccme_endosulfan",6,"llogis",0.180800129544224,0.043339147131395,500
"ccme_endosulfan",6,"lnorm",0.209684601641875,0.0489572437117633,500
"ccme_endosulfan",6,"lnorm_lnorm",0,0,500
"ccme_endosulfan",6,"weibull",0.185708520421148,0.0762077009761298,500
"ccme_endosulfan",7,"gamma",0.162951650337387,0.141475874254227,500
"ccme_endosulfan",7,"lgumbel",0.250198503413206,0.159784160927298,500
"ccme_endosulfan",7,"llogis",0.185945217748547,0.0483957081005713,500
"ccme_endosulfan",7,"lnorm",0.218991919528294,0.0529301098414378,500
"ccme_endosulfan",7,"lnorm_lnorm",2.71179652768004e-11,5.35132987960558e-10,500
"ccme_endosulfan",7,"weibull",0.181912708945448,0.0813951791221973,500
"ccme_endosulfan",8,"gamma",0.14972929339986,0.147896684103124,500
"ccme_endosulfan",8,"lgumbel",0.257084411033279,0.177839307557357,500
"ccme_endosulfan",8,"llogis",0.190097157463733,0.0547875820100178,500
"ccme_endosulfan",8,"lnorm",0.224069264209322,0.0620538801158157,500
"ccme_endosulfan",8,"lnorm_lnorm",7.62634972895645e-05,0.00155093777489213,500
"ccme_endosulfan",8,"weibull",0.178943610396515,0.0902250978128862,500
"ccme_endosulfan",10,"gamma",0.128475382009719,0.148807134796539,500
"ccme_endosulfan",10,"lgumbel",0.251626043197493,0.189898542295287,500
"ccme_endosulfan",10,"llogis",0.199638993187266,0.0692148794789409,500
"ccme_endosulfan",10,"lnorm",0.237566763390548,0.0747109418557715,500
"ccme_endosulfan",10,"lnorm_lnorm",0.00540483307905278,0.0609296235766391,500
"ccme_endosulfan",10,"weibull",0.177287985135922,0.102057270896359,500
"ccme_endosulfan",16,"gamma",0.0801400634099079,0.143614302881408,500
"ccme_endosulfan",16,"lgumbel",0.236744529951591,0.211734490520772,500
"ccme_endosulfan",16,"llogis",0.222045425136461,0.108268404284941,500
"ccme_endosulfan",16,"lnorm",0.265592251618004,0.102252596217082,500
"ccme_endosulfan",16,"lnorm_lnorm",0.0299874095102258,0.0971651383453165,500
"ccme_endosulfan",16,"weibull",0.165490320373809,0.135085671444113,500
"ccme_endosulfan",26,"gamma",0.0214441711426006,0.0717160036550054,500
"ccme_endosulfan",26,"lgumbel",0.199377163534691,0.224092732251045,500
"ccme_endosulfan",26,"llogis",0.262803686118853,0.152115141722798,500
"ccme_endosulfan",26,"lnorm",0.314887701068027,0.133753901474089,500
"ccme_endosulfan",26,"lnorm_lnorm",0.076541518659494,0.145706562275265,500
"ccme_endosulfan",26,"weibull",0.124945759476334,0.146711394892876,500
"ccme_glyphosate",5,"gamma",0.00557135896609208,0.029860890742757,500
"ccme_glyphosate",5,"lgumbel",0.0300990091243708,0.125094638213516,500
"ccme_glyphosate",5,"llogis",0.0108984861125509,0.0419131909834075,500
"ccme_glyphosate",5,"lnorm",0.0106197203015498,0.0418581214457973,500
"ccme_glyphosate",5,"lnorm_lnorm",0.9359999999996,0.244998057331361,500
"ccme_glyphosate",5,"weibull",0.00681142549583676,0.035218487026842,500
"ccme_glyphosate",6,"gamma",0.138665149607606,0.0874494281632988,500
"ccme_glyphosate",6,"lgumbel",0.316132958191516,0.170345256606429,500
"ccme_glyphosate",6,"llogis",0.183194959649266,0.0307011464678995,500
"ccme_glyphosate",6,"lnorm",0.208754744190347,0.0374198272104146,500
"ccme_glyphosate",6,"lnorm_lnorm",0,0,500
"ccme_glyphosate",6,"weibull",0.153252188361266,0.085428400373295,500
"ccme_glyphosate",7,"gamma",0.121677599514507,0.0905392727547088,500
"ccme_glyphosate",7,"lgumbel",0.344938846349766,0.183202803737691,500
"ccme_glyphosate",7,"llogis",0.184714620320847,0.0365450797055128,500
"ccme_glyphosate",7,"lnorm",0.210705160088334,0.0456535496589779,500
"ccme_glyphosate",7,"lnorm_lnorm",2.11343978058191e-12,3.02631419788201e-11,500
"ccme_glyphosate",7,"weibull",0.137963773724433,0.0891921406955955,500
"ccme_glyphosate",8,"gamma",0.110101403788547,0.0931867292650769,500
"ccme_glyphosate",8,"lgumbel",0.36497768118131,0.197999738340459,500
"ccme_glyphosate",8,"llogis",0.186393960796985,0.0449636967025718,500
"ccme_glyphosate",8,"lnorm",0.21199479914671,0.0532505021796099,500
"ccme_glyphosate",8,"lnorm_lnorm",3.72895161786533e-06,3.03997747013596e-05,500
"ccme_glyphosate",8,"weibull",0.12652842613483,0.0912708414458737,500
"ccme_glyphosate",10,"gamma",0.0835328830429713,0.089706999253434,500
"ccme_glyphosate",10,"lgumbel",0.415565385100753,0.218817288262538,500
"ccme_glyphosate",10,"llogis",0.187888374741625,0.0568907975725568,500
"ccme_glyphosate",10,"lnorm",0.210422148888108,0.0718710338523892,500
"ccme_glyphosate",10,"lnorm_lnorm",0.00280664562489597,0.0241767769511887,500
"ccme_glyphosate",10,"weibull",0.0997845626016457,0.0884451568506388,500
"ccme_glyphosate",16,"gamma",0.0380769760652202,0.0720260199276884,500
"ccme_glyphosate",16,"lgumbel",0.509801320282545,0.252483890708568,500
"ccme_glyphosate",16,"llogis",0.166880694873644,0.087908187351725,500
"ccme_glyphosate",16,"lnorm",0.183867207550101,0.10767793822824,500
"ccme_glyphosate",16,"lnorm_lnorm",0.0511995968186414,0.123711018379002,500
"ccme_glyphosate",16,"weibull",0.0501742044098481,0.0755803522785829,500
"ccme_glyphosate",26,"gamma",0.012919011552593,0.0419736029094167,500
"ccme_glyphosate",26,"lgumbel",0.562798571448653,0.274232564634946,500
"ccme_glyphosate",26,"llogis",0.128105671166578,0.101905041787451,500
"ccme_glyphosate",26,"lnorm",0.151608204844541,0.142037358159123,500
"ccme_glyphosate",26,"lnorm_lnorm",0.125540511166724,0.210088194795576,500
"ccme_glyphosate",26,"weibull",0.019028029820911,0.047640660127297,500
"ccme_silver",5,"gamma",0.00584261100304566,0.032807414294343,500
"ccme_silver",5,"lgumbel",0.0176971289272949,0.092525726182967,500
"ccme_silver",5,"llogis",0.00759118434480441,0.0347265825767007,500
"ccme_silver",5,"lnorm",0.00791586528486929,0.0370302770139685,500
"ccme_silver",5,"lnorm_lnorm",0.953999999999882,0.209694882836384,500
"ccme_silver",5,"weibull",0.0069532104401036,0.0411198299114736,500
"ccme_silver",6,"gamma",0.141892182385743,0.0859302697468227,500
"ccme_silver",6,"lgumbel",0.312790777864512,0.165991743015186,500
"ccme_silver",6,"llogis",0.180687437791683,0.0292803615450745,500
"ccme_silver",6,"lnorm",0.208717969391185,0.0362225840905008,500
"ccme_silver",6,"lnorm_lnorm",0,0,500
"ccme_silver",6,"weibull",0.155911632566878,0.087118030086708,500
"ccme_silver",7,"gamma",0.126632095753053,0.0924551653626137,500
"ccme_silver",7,"lgumbel",0.341283786056405,0.187686977283021,500
"ccme_silver",7,"llogis",0.183831045146283,0.0359655993709243,500
"ccme_silver",7,"lnorm",0.209011169142892,0.045282215511552,500
"ccme_silver",7,"lnorm_lnorm",4.48690802444766e-12,7.17947655349364e-11,500
"ccme_silver",7,"weibull",0.139241903896881,0.0892664067547966,500
"ccme_silver",8,"gamma",0.112061906148229,0.0949153193022088,500
"ccme_silver",8,"lgumbel",0.368974362799735,0.2055203036668,500
"ccme_silver",8,"llogis",0.184818550617304,0.0434155130051882,500
"ccme_silver",8,"lnorm",0.208374322518919,0.056067214651012,500
"ccme_silver",8,"lnorm_lnorm",3.95753818156087e-06,6.24103487264757e-05,500
"ccme_silver",8,"weibull",0.125766900377632,0.0927625715279984,500
"ccme_silver",10,"gamma",0.0864951554633906,0.0953604453740099,500
"ccme_silver",10,"lgumbel",0.425303961642806,0.232498849168799,500
"ccme_silver",10,"llogis",0.184081275002841,0.058828238155688,500
"ccme_silver",10,"lnorm",0.201023614872886,0.0744928077321325,500
"ccme_silver",10,"lnorm_lnorm",0.00280632869021479,0.0188984893420343,500
"ccme_silver",10,"weibull",0.100289664327862,0.0967393108143813,500
"ccme_silver",16,"gamma",0.0438886180110886,0.0762520354246205,500
"ccme_silver",16,"lgumbel",0.505990507090665,0.265566506637245,500
"ccme_silver",16,"llogis",0.16928255946894,0.0916985370410782,500
"ccme_silver",16,"lnorm",0.182358522873877,0.110479932015083,500
"ccme_silver",16,"lnorm_lnorm",0.0475049329511564,0.117948392240349,500
"ccme_silver",16,"weibull",0.0509748596042725,0.0735995811860247,500
"ccme_silver",26,"gamma",0.0112202990196306,0.0364957830226182,500
"ccme_silver",26,"lgumbel",0.611140092313144,0.266977487359861,500
"ccme_silver",26,"llogis",0.125570198808965,0.104376521353689,500
"ccme_silver",26,"lnorm",0.131884463207399,0.134263038542759,500
"ccme_silver",26,"lnorm_lnorm",0.105754846486309,0.181354074481059,500
"ccme_silver",26,"weibull",0.0144301001645519,0.0380456470804726,500
"ccme_uranium",5,"gamma",0.00393305638966669,0.0326087319776403,500
"ccme_uranium",5,"lgumbel",0.00669034099143409,0.0578412074208984,500
"ccme_uranium",5,"llogis",0.00350316602576695,0.0235525713629056,500
"ccme_uranium",5,"lnorm",0.00361566040627835,0.0250347272295521,500
"ccme_uranium",5,"lnorm_lnorm",0.977999999999751,0.14683023611117,500
"ccme_uranium",5,"weibull",0.00425777618710283,0.0338280795906134,500
"ccme_uranium",6,"gamma",0.182619531895376,0.097325446910494,500
"ccme_uranium",6,"lgumbel",0.230820227640765,0.141741641168807,500
"ccme_uranium",6,"llogis",0.178586819097859,0.0330416232451177,500
"ccme_uranium",6,"lnorm",0.212475385324736,0.0388535865599624,500
"ccme_uranium",6,"lnorm_lnorm",0,0,500
"ccme_uranium",6,"weibull",0.195498036041263,0.0783164289572886,500
"ccme_uranium",7,"gamma",0.173065320152298,0.107457823507344,500
"ccme_uranium",7,"lgumbel",0.235849145108313,0.155193327479598,500
"ccme_uranium",7,"llogis",0.182679718609807,0.0418198611260053,500
"ccme_uranium",7,"lnorm",0.217397674517523,0.0450828812631128,500
"ccme_uranium",7,"lnorm_lnorm",4.15739061380666e-13,2.91533646289055e-12,500
"ccme_uranium",7,"weibull",0.191008141611643,0.0859615327765089,500
"ccme_uranium",8,"gamma",0.168890671032368,0.115491854600443,500
"ccme_uranium",8,"lgumbel",0.233168443199043,0.165875525115906,500
"ccme_uranium",8,"llogis",0.185126480046097,0.0478633258202994,500
"ccme_uranium",8,"lnorm",0.22125355684977,0.0540414088394568,500
"ccme_uranium",8,"lnorm_lnorm",2.64213635884734e-06,2.55794493475945e-05,500
"ccme_uranium",8,"weibull",0.191558206736363,0.0939574207306731,500
"ccme_uranium",10,"gamma",0.159960671559207,0.126142625873945,500
"ccme_uranium",10,"lgumbel",0.225667292881913,0.175400139824015,500
"ccme_uranium",10,"llogis",0.191684762481353,0.064125643152415,500
"ccme_uranium",10,"lnorm",0.231687026022188,0.0649898169848202,500
"ccme_uranium",10,"lnorm_lnorm",0.00174468769523246,0.0204944247268233,500
"ccme_uranium",10,"weibull",0.189255559360107,0.10316806651596,500
"ccme_uranium",16,"gamma",0.113193324975648,0.125665170629857,500
"ccme_uranium",16,"lgumbel",0.214474890370738,0.198337757126481,500
"ccme_uranium",16,"llogis",0.214789222775791,0.0991342139976474,500
"ccme_uranium",16,"lnorm",0.264460728773688,0.0921811972954293,500
"ccme_uranium",16,"lnorm_lnorm",0.0272736603369088,0.0764447571258368,500
"ccme_uranium",16,"weibull",0.165808172767225,0.120163721848797,500
"ccme_uranium",26,"gamma",0.0698068174639829,0.113804349656998,500
"ccme_uranium",26,"lgumbel",0.184330160174244,0.208398922969343,500
"ccme_uranium",26,"llogis",0.237691528954395,0.13906041789366,500
"ccme_uranium",26,"lnorm",0.301051870806052,0.135070117815987,500
"ccme_uranium",26,"lnorm_lnorm",0.0734847853650492,0.158688236171418,500
"ccme_uranium",26,"weibull",0.133634837236276,0.139078132403766,500
