"name","step","seconds","bytes"
"sample_step_42_ccme_uranium_11_TRUE","sample",1.255,12450
"sample_step_42_ccme_silver_5_TRUE","sample",1.256,11256
"sample_step_42_anzg_picloram_fresh_14_TRUE","sample",1.257,12749
"sample_step_42_anzg_chlorine_marine_5_TRUE","sample",1.259,11246
"sample_step_42_anzg_ammonia_fresh_2_TRUE","sample",0.022,12716
"sample_step_42_anzg_glyphosate_fresh_11_TRUE","sample",0.022,12097
"sample_step_42_anzg_nitrate_soft_fresh_13_TRUE","sample",0.024,11436
"sample_step_42_anzg_boron_fresh_15_TRUE","sample",0.022,11346
"sample_step_42_anzg_mancozeb_fresh_3_TRUE","sample",0.023,11739
"sample_step_42_anzg_mancozeb_fresh_15_TRUE","sample",0.019,12749
"sample_step_42_anzg_mcpa_fresh_1_TRUE","sample",0.021,12724
"sample_step_42_anzg_dioxins_fresh_3_TRUE","sample",0.025,12556
"sample_step_42_anzg_glyphosate_fresh_9_TRUE","sample",0.024,12754
"sample_step_42_ccme_silver_12_TRUE","sample",0.019,12322
"sample_step_42_ccme_chloride_12_TRUE","sample",0.027,12719
"sample_step_42_anzg_sulfometuron_methyl_fresh_6_TRUE","sample",0.02,11264
"sample_step_42_anzg_manganese_marine_13_TRUE","sample",0.021,11293
"sample_step_42_anzg_nickel_marine_6_TRUE","sample",0.019,11345
"sample_step_42_ccme_boron_10_TRUE","sample",0.021,11762
"sample_step_42_anzg_ammonia_fresh_10_TRUE","sample",0.023,11475
"sample_step_42_ccme_silver_1_TRUE","sample",0.032,11297
"sample_step_42_anzg_diuron_marine_13_TRUE","sample",0.027,12744
"sample_step_42_anzg_mancozeb_fresh_7_TRUE","sample",0.018,12599
"sample_step_42_anzg_mancozeb_fresh_11_TRUE","sample",0.018,11818
"sample_step_42_anzg_nickel_marine_14_TRUE","sample",0.022,11180
"sample_step_42_anzg_ammonia_fresh_6_TRUE","sample",0.021,11424
"sample_step_42_anzg_nitrate_soft_fresh_9_TRUE","sample",0.019,12764
"sample_step_42_ccme_cadmium_3_TRUE","sample",0.02,11912
"sample_step_42_anzg_aluminium_marine_10_TRUE","sample",0.019,11030
"sample_step_42_anzg_simazine_marine_8_TRUE","sample",0.026,11538
"sample_step_42_anzg_copper_marine_1_TRUE","sample",0.035,12262
"sample_step_42_anzg_paraquat_fresh_6_TRUE","sample",0.023,12517
"sample_step_42_anzg_metolachlor_fresh_15_TRUE","sample",0.022,11610
"sample_step_42_anzg_aluminium_marine_3_TRUE","sample",0.018,12750
"sample_step_42_anzg_simazine_marine_13_TRUE","sample",0.032,11236
"sample_step_42_anzg_ammonia_fresh_14_TRUE","sample",0.034,12744
"sample_step_42_anzg_nitrate_soft_fresh_5_TRUE","sample",0.024,12764
"sample_step_42_ccme_chloride_3_TRUE","sample",0.019,12381
"sample_step_42_ccme_cadmium_7_TRUE","sample",0.019,12289
"sample_step_42_anzg_iron_fresh_12_TRUE","sample",0.033,11085
"sample_step_42_anzg_diuron_fresh_2_TRUE","sample",0.036,12734
"sample_step_42_anzg_glyphosate_fresh_1_TRUE","sample",0.02,12754
"sample_step_42_anzg_metolachlor_fresh_8_TRUE","sample",0.022,11424
"sample_step_42_anzg_metsulfuron_methyl_fresh_12_TRUE","sample",0.021,11632
"sample_step_42_anzg_simazine_marine_4_TRUE","sample",0.033,12229
"sample_step_42_anzg_copper_marine_5_TRUE","sample",0.029,12530
"sample_step_42_anzg_copper_marine_13_TRUE","sample",0.019,12044
"sample_step_42_anzg_simazine_fresh_3_TRUE","sample",0.025,11666
"sample_step_42_ccme_endosulfan_5_TRUE","sample",0.021,12719
"sample_step_42_anzg_aluminium_marine_7_TRUE","sample",0.032,12236
"sample_step_42_anzg_simazine_fresh_15_TRUE","sample",0.033,11628
"sample_step_42_ccme_chloride_7_TRUE","sample",0.022,12712
"sample_step_42_anzg_alpha_cypermethrin_fresh_11_TRUE","sample",0.02,12590
"sample_step_42_anzg_chlorine_marine_11_TRUE","sample",0.02,12753
"sample_step_42_anzg_ametryn_fresh_6_TRUE","sample",0.035,12739
"sample_step_42_anzg_glyphosate_fresh_15_TRUE","sample",0.03,11201
"sample_step_42_anzg_diuron_fresh_6_TRUE","sample",0.019,12729
"sample_step_42_anzg_picloram_fresh_10_TRUE","sample",0.02,12749
"sample_step_42_ccme_glyphosate_1_TRUE","sample",0.02,12519
"sample_step_42_anzg_metolachlor_fresh_4_TRUE","sample",0.025,12751
"sample_step_42_anzg_boron_fresh_3_TRUE","sample",0.019,12450
"sample_step_42_anzg_fipronil_fresh_5_TRUE","sample",0.032,11149
"sample_step_42_anzg_picloram_fresh_4_TRUE","sample",0.037,11481
"sample_step_42_anzg_metsulfuron_methyl_fresh_6_TRUE","sample",0.02,12789
"sample_step_42_anzg_copper_marine_9_TRUE","sample",0.022,12104
"sample_step_42_ccme_endosulfan_9_TRUE","sample",0.021,12724
"sample_step_42_anzg_manganese_marine_5_TRUE","sample",0.087,11232
"sample_step_42_ccme_boron_14_TRUE","sample",0.027,12635
"sample_step_42_anzg_simazine_fresh_7_TRUE","sample",0.023,11170
"sample_step_42_anzg_iron_marine_12_TRUE","sample",0.021,11364
"sample_step_42_ccme_cadmium_15_TRUE","sample",0.019,11438
"sample_step_42_anzg_simazine_fresh_11_TRUE","sample",0.029,11913
"sample_step_42_anzg_paraquat_fresh_13_TRUE","sample",0.025,12286
"sample_step_42_anzg_nitrate_moderate_fresh_12_TRUE","sample",0.022,11487
"sample_step_42_anzg_ametryn_fresh_2_TRUE","sample",0.024,12277
"sample_step_42_anzg_iron_marine_3_TRUE","sample",0.018,12246
"sample_step_42_ccme_boron_7_TRUE","sample",0.018,11923
"sample_step_42_ccme_glyphosate_15_TRUE","sample",0.025,12729
"sample_step_42_anzg_diuron_marine_4_TRUE","sample",0.024,11180
"sample_step_42_anzg_fluoride_fresh_13_TRUE","sample",0.019,12741
"sample_step_42_anzg_bisphenol_a_marine_1_TRUE","sample",0.032,12348
"sample_step_42_anzg_metsulfuron_methyl_fresh_2_TRUE","sample",0.019,12794
"sample_step_42_anzg_fluoride_fresh_7_TRUE","sample",0.023,11550
"sample_step_42_anzg_paraquat_fresh_2_TRUE","sample",0.023,11673
"sample_step_42_anzg_fipronil_fresh_9_TRUE","sample",0.018,11532
"sample_step_42_anzg_metolachlor_fresh_11_TRUE","sample",0.023,11360
"sample_step_42_anzg_boron_fresh_7_TRUE","sample",0.018,11480
"sample_step_42_anzg_aluminium_marine_14_TRUE","sample",0.037,12759
"sample_step_42_anzg_perfluorooctane_sulfonate_pfos_fresh_4_TRUE","sample",0.024,12799
"sample_step_42_anzg_bisphenol_a_marine_15_TRUE","sample",0.021,12296
"sample_step_42_anzg_manganese_marine_9_TRUE","sample",0.03,11841
"sample_step_42_anzg_dioxins_fresh_13_TRUE","sample",0.018,11993
"sample_step_42_anzg_mcpa_fresh_4_TRUE","sample",0.031,11296
"sample_step_42_anzg_sulfometuron_methyl_fresh_15_TRUE","sample",0.019,11828
"sample_step_42_ccme_cadmium_11_TRUE","sample",0.021,12047
"sample_step_42_ccme_boron_3_TRUE","sample",0.024,12688
"sample_step_42_anzg_iron_marine_7_TRUE","sample",0.034,11003
"sample_step_42_anzg_fluoride_fresh_320_TRUE","sample",0.796,11353
"sample_step_42_anzg_simazine_fresh_450_TRUE","sample",0.603,12528
"sample_step_42_ccme_endosulfan_274_TRUE","sample",0.585,12734
"sample_step_42_anzg_iron_marine_384_TRUE","sample",0.585,12599
"sample_step_42_ccme_glyphosate_246_TRUE","sample",0.019,11369
"sample_step_42_anzg_ammonia_fresh_138_TRUE","sample",0.019,12215
"sample_step_42_anzg_perfluorooctane_sulfonate_pfos_fresh_331_TRUE","sample",0.02,12867
"sample_step_42_ccme_endosulfan_137_TRUE","sample",0.019,11398
"sample_step_42_anzg_iron_marine_202_TRUE","sample",0.021,11185
"sample_step_42_anzg_iron_fresh_443_TRUE","sample",0.02,11919
"sample_step_42_ccme_glyphosate_189_TRUE","sample",0.019,11643
"sample_step_42_ccme_silver_70_TRUE","sample",0.022,11167
"sample_step_42_anzg_simazine_fresh_350_TRUE","sample",0.018,12323
"sample_step_42_anzg_fluoride_fresh_420_TRUE","sample",0.02,11450
"sample_step_42_ccme_endosulfan_374_TRUE","sample",0.026,12734
"sample_step_42_anzg_bisphenol_a_marine_66_TRUE","sample",0.018,11641
"sample_step_42_anzg_iron_marine_484_TRUE","sample",0.022,12535
"sample_step_42_anzg_ammonia_fresh_238_TRUE","sample",0.021,11995
"sample_step_42_ccme_glyphosate_346_TRUE","sample",0.018,11378
"sample_step_42_anzg_manganese_marine_247_TRUE","sample",0.026,12112
"sample_step_42_ccme_endosulfan_237_TRUE","sample",0.026,11423
"sample_step_42_ccme_glyphosate_289_TRUE","sample",0.023,12034
"sample_step_42_anzg_simazine_marine_466_TRUE","sample",0.018,12759
"sample_step_42_ccme_uranium_457_TRUE","sample",0.018,11274
"sample_step_42_anzg_fluoride_fresh_120_TRUE","sample",0.022,11543
"sample_step_42_anzg_bisphenol_a_fresh_287_TRUE","sample",0.022,12027
"sample_step_42_ccme_endosulfan_474_TRUE","sample",0.022,12548
"sample_step_42_anzg_iron_marine_184_TRUE","sample",0.02,11152
"sample_step_42_anzg_simazine_marine_42_TRUE","sample",0.017,12287
"sample_step_42_ccme_glyphosate_446_TRUE","sample",0.031,11272
"sample_step_42_ccme_endosulfan_337_TRUE","sample",0.018,11650
"sample_step_42_anzg_manganese_marine_147_TRUE","sample",0.021,10954
"sample_step_42_anzg_bisphenol_a_marine_21_TRUE","sample",0.025,11814
"sample_step_42_ccme_glyphosate_389_TRUE","sample",0.032,11309
"sample_step_42_anzg_simazine_marine_366_TRUE","sample",0.019,12171
"sample_step_42_ccme_uranium_357_TRUE","sample",0.018,11844
"sample_step_42_anzg_dioxins_fresh_182_TRUE","sample",0.021,12747
"sample_step_42_anzg_manganese_marine_286_TRUE","sample",0.032,11229
"sample_step_42_anzg_fluoride_fresh_220_TRUE","sample",0.029,12749
"sample_step_42_anzg_bisphenol_a_fresh_187_TRUE","sample",0.019,11918
"sample_step_42_anzg_metsulfuron_methyl_fresh_257_TRUE","sample",0.021,12803
"sample_step_42_anzg_manganese_marine_10_TRUE","sample",0.024,12605
"sample_step_42_anzg_iron_marine_284_TRUE","sample",0.03,11074
"sample_step_42_ccme_silver_437_TRUE","sample",0.02,12052
"sample_step_42_anzg_diuron_marine_75_TRUE","sample",0.03,11074
"sample_step_42_ccme_endosulfan_437_TRUE","sample",0.02,12698
"sample_step_42_anzg_manganese_marine_447_TRUE","sample",0.019,11078
"sample_step_42_anzg_simazine_marine_55_TRUE","sample",0.043,11571
"sample_step_42_ccme_glyphosate_489_TRUE","sample",0.029,12734
"sample_step_42_anzg_simazine_marine_266_TRUE","sample",0.025,12325
"sample_step_42_anzg_dioxins_fresh_282_TRUE","sample",0.019,12016
"sample_step_42_ccme_uranium_257_TRUE","sample",0.018,11323
"sample_step_42_anzg_manganese_marine_186_TRUE","sample",0.035,11538
"sample_step_42_anzg_iron_marine_1_TRUE","sample",0.031,11309
"sample_step_42_anzg_bisphenol_a_fresh_487_TRUE","sample",0.019,12539
"sample_step_42_anzg_metsulfuron_methyl_fresh_157_TRUE","sample",0.02,12092
"sample_step_42_anzg_ametryn_fresh_313_TRUE","sample",0.019,12741
"sample_step_42_ccme_silver_337_TRUE","sample",0.031,12714
"sample_step_42_ccme_boron_73_TRUE","sample",0.022,12704
"sample_step_42_anzg_metsulfuron_methyl_fresh_294_TRUE","sample",0.038,12806
"sample_step_42_anzg_manganese_marine_347_TRUE","sample",0.019,12764
"sample_step_42_anzg_bisphenol_a_fresh_201_TRUE","sample",0.018,11272
"sample_step_42_anzg_simazine_marine_166_TRUE","sample",0.021,10913
"sample_step_42_anzg_perfluorooctane_sulfonate_pfos_fresh_76_TRUE","sample",0.031,12862
"sample_step_42_ccme_uranium_157_TRUE","sample",0.018,12608
"sample_step_42_anzg_dioxins_fresh_382_TRUE","sample",0.021,12741
"sample_step_42_anzg_manganese_marine_486_TRUE","sample",0.019,12766
"sample_step_42_anzg_simazine_marine_98_TRUE","sample",0.025,12506
"sample_step_42_anzg_bisphenol_a_fresh_387_TRUE","sample",0.021,12769
"sample_step_42_anzg_ametryn_fresh_413_TRUE","sample",0.016,12749
"sample_step_42_anzg_metsulfuron_methyl_fresh_457_TRUE","sample",0.036,12423
"sample_step_42_ccme_silver_237_TRUE","sample",0.019,12384
"sample_step_42_anzg_ametryn_fresh_356_TRUE","sample",0.023,12747
"sample_step_42_anzg_metsulfuron_methyl_fresh_194_TRUE","sample",0.022,12797
"sample_step_42_anzg_zinc_marine_78_TRUE","sample",0.018,11364
"sample_step_42_anzg_bisphenol_a_fresh_101_TRUE","sample",0.022,11398
"sample_step_42_anzg_dioxins_fresh_482_TRUE","sample",0.02,12234
"sample_step_42_anzg_manganese_marine_386_TRUE","sample",0.021,11510
"sample_step_42_anzg_metsulfuron_methyl_fresh_357_TRUE","sample",0.025,11451
"sample_step_42_anzg_ametryn_fresh_113_TRUE","sample",0.017,12257
"sample_step_42_anzg_diuron_fresh_89_TRUE","sample",0.035,12657
"sample_step_42_anzg_sulfometuron_methyl_fresh_82_TRUE","sample",0.018,11577
"sample_step_42_ccme_silver_137_TRUE","sample",0.022,11764
"sample_step_42_anzg_fipronil_fresh_22_TRUE","sample",0.021,12188
"sample_step_42_anzg_metsulfuron_methyl_fresh_494_TRUE","sample",0.022,12517
"sample_step_42_anzg_bisphenol_a_fresh_401_TRUE","sample",0.019,12769
"sample_step_42_anzg_ametryn_fresh_456_TRUE","sample",0.017,12660
"sample_step_42_anzg_ametryn_fresh_399_TRUE","sample",0.034,12256
"sample_step_42_anzg_ametryn_fresh_213_TRUE","sample",0.025,11401
"sample_step_42_anzg_manganese_marine_69_TRUE","sample",0.036,11551
"sample_step_42_anzg_mcpa_fresh_195_TRUE","sample",0.021,11960
"sample_step_42_ccme_boron_260_TRUE","sample",0.018,12548
"sample_step_42_anzg_metsulfuron_methyl_fresh_394_TRUE","sample",0.031,12802
"sample_step_42_anzg_diuron_fresh_48_TRUE","sample",0.022,12739
"sample_step_42_anzg_ametryn_fresh_156_TRUE","sample",0.019,12712
"sample_step_42_anzg_sulfometuron_methyl_fresh_35_TRUE","sample",0.022,12806
"sample_step_42_anzg_metolachlor_fresh_335_TRUE","sample",0.032,11248
"sample_step_42_anzg_bisphenol_a_fresh_301_TRUE","sample",0.017,11024
"sample_step_42_anzg_ametryn_fresh_499_TRUE","sample",0.021,12749
"sample_step_42_anzg_nitrate_soft_fresh_475_TRUE","sample",0.033,12774
"sample_step_42_anzg_chlorine_marine_176_TRUE","sample",0.032,11105
"sample_step_42_ccme_chloride_126_TRUE","sample",0.036,11352
"sample_step_42_anzg_bisphenol_a_marine_109_TRUE","sample",0.02,11375
"sample_step_42_anzg_mcpa_fresh_295_TRUE","sample",0.019,11268
"sample_step_42_ccme_boron_160_TRUE","sample",0.032,11717
"sample_step_42_anzg_ametryn_fresh_256_TRUE","sample",0.03,12749
"sample_step_42_anzg_metolachlor_fresh_435_TRUE","sample",0.022,11575
"sample_step_42_anzg_ametryn_fresh_199_TRUE","sample",0.019,12749
"sample_step_42_anzg_metolachlor_fresh_300_TRUE","sample",0.02,11771
"sample_step_42_anzg_nitrate_soft_fresh_375_TRUE","sample",0.032,11598
"sample_step_42_anzg_chlorine_marine_276_TRUE","sample",0.031,11321
"sample_step_42_anzg_bisphenol_a_fresh_10_TRUE","sample",0.032,12291
"sample_step_42_anzg_bisphenol_a_marine_209_TRUE","sample",0.023,12774
"sample_step_42_ccme_chloride_226_TRUE","sample",0.036,10971
"sample_step_42_anzg_mcpa_fresh_395_TRUE","sample",0.031,11278
"sample_step_42_ccme_boron_460_TRUE","sample",0.022,11282
"sample_step_42_anzg_chlorine_marine_40_TRUE","sample",0.019,12753
"sample_step_42_anzg_metolachlor_fresh_135_TRUE","sample",0.019,12769
"sample_step_42_anzg_glyphosate_fresh_261_TRUE","sample",0.035,12764
"sample_step_42_anzg_metolachlor_fresh_400_TRUE","sample",0.024,11734
"sample_step_42_anzg_ametryn_fresh_299_TRUE","sample",0.021,11297
"sample_step_42_ccme_endosulfan_15_TRUE","sample",0.018,12729
"sample_step_42_anzg_mcpa_fresh_117_TRUE","sample",0.021,11810
"sample_step_42_anzg_nitrate_soft_fresh_275_TRUE","sample",0.031,11847
"sample_step_42_anzg_chlorine_marine_376_TRUE","sample",0.024,12758
"sample_step_42_ccme_chloride_326_TRUE","sample",0.024,11805
"sample_step_42_anzg_mcpa_fresh_495_TRUE","sample",0.018,11014
"sample_step_42_anzg_bisphenol_a_marine_309_TRUE","sample",0.019,11542
"sample_step_42_ccme_boron_360_TRUE","sample",0.024,11318
"sample_step_42_anzg_fipronil_fresh_79_TRUE","sample",0.021,11434
"sample_step_42_anzg_diuron_marine_407_TRUE","sample",0.022,12749
"sample_step_42_anzg_metolachlor_fresh_235_TRUE","sample",0.018,11374
"sample_step_42_anzg_bisphenol_a_fresh_51_TRUE","sample",0.019,11235
"sample_step_42_ccme_silver_9_TRUE","sample",0.022,11518
"sample_step_42_anzg_metolachlor_fresh_100_TRUE","sample",0.017,11486
"sample_step_42_anzg_glyphosate_fresh_161_TRUE","sample",0.023,12764
"sample_step_42_anzg_iron_marine_61_TRUE","sample",0.018,12094
"sample_step_42_anzg_mcpa_fresh_217_TRUE","sample",0.026,11360
"sample_step_42_anzg_nitrate_soft_fresh_175_TRUE","sample",0.022,12456
"sample_step_42_anzg_glyphosate_fresh_276_TRUE","sample",0.021,12753
"sample_step_42_ccme_chloride_426_TRUE","sample",0.022,11610
"sample_step_42_anzg_bisphenol_a_marine_409_TRUE","sample",0.02,12774
"sample_step_42_anzg_chlorine_marine_476_TRUE","sample",0.018,11081
"sample_step_42_anzg_diuron_marine_307_TRUE","sample",0.023,12749
"sample_step_42_anzg_nitrate_hard_fresh_59_TRUE","sample",0.035,12129
"sample_step_42_anzg_chromium_III_fresh_264_TRUE","sample",0.026,12775
"sample_step_42_ccme_boron_237_TRUE","sample",0.018,11339
"sample_step_42_anzg_nickel_marine_98_TRUE","sample",0.02,12551
"sample_step_42_anzg_boron_fresh_36_TRUE","sample",0.032,11651
"sample_step_42_anzg_diuron_marine_444_TRUE","sample",0.023,12749
"sample_step_42_ccme_uranium_72_TRUE","sample",0.02,12651
"sample_step_42_anzg_glyphosate_fresh_461_TRUE","sample",0.018,11469
"sample_step_42_anzg_metolachlor_fresh_200_TRUE","sample",0.018,11658
"sample_step_42_anzg_mcpa_fresh_317_TRUE","sample",0.032,12656
"sample_step_42_anzg_bisphenol_a_fresh_96_TRUE","sample",0.026,11286
"sample_step_42_ccme_chloride_157_TRUE","sample",0.02,12054
"sample_step_42_anzg_glyphosate_fresh_176_TRUE","sample",0.025,12760
"sample_step_42_anzg_bisphenol_a_marine_194_TRUE","sample",0.019,11406
"sample_step_42_anzg_iron_marine_20_TRUE","sample",0.034,12734
"sample_step_42_anzg_diuron_marine_207_TRUE","sample",0.033,12595
"sample_step_42_anzg_chromium_III_fresh_164_TRUE","sample",0.02,11299
"sample_step_42_ccme_boron_137_TRUE","sample",0.02,12678
"sample_step_42_anzg_diuron_marine_344_TRUE","sample",0.019,11374
"sample_step_42_anzg_diuron_fresh_239_TRUE","sample",0.032,12318
"sample_step_42_ccme_endosulfan_97_TRUE","sample",0.034,11529
"sample_step_42_anzg_dioxins_fresh_26_TRUE","sample",0.024,11194
"sample_step_42_anzg_mcpa_fresh_417_TRUE","sample",0.019,12734
"sample_step_42_anzg_glyphosate_fresh_361_TRUE","sample",0.026,11078
"sample_step_42_anzg_diuron_marine_481_TRUE","sample",0.033,12431
"sample_step_42_anzg_ammonia_fresh_95_TRUE","sample",0.031,11048
"sample_step_42_anzg_nickel_marine_59_TRUE","sample",0.021,11845
"sample_step_42_anzg_glyphosate_fresh_476_TRUE","sample",0.019,12760
"sample_step_42_anzg_bisphenol_a_marine_294_TRUE","sample",0.021,11523
"sample_step_42_ccme_chloride_257_TRUE","sample",0.023,12670
"sample_step_42_anzg_diuron_marine_107_TRUE","sample",0.018,12223
"sample_step_42_anzg_dioxins_fresh_5_TRUE","sample",0.032,12739
"sample_step_42_anzg_chromium_III_fresh_464_TRUE","sample",0.021,11894
"sample_step_42_anzg_aluminium_marine_219_TRUE","sample",0.025,11740
"sample_step_42_ccme_boron_437_TRUE","sample",0.029,11378
"sample_step_42_anzg_nitrate_soft_fresh_429_TRUE","sample",0.018,11755
"sample_step_42_anzg_diuron_marine_244_TRUE","sample",0.023,12749
"sample_step_42_anzg_diuron_fresh_139_TRUE","sample",0.034,11378
"sample_step_42_anzg_diuron_marine_381_TRUE","sample",0.022,12746
"sample_step_42_anzg_glyphosate_fresh_376_TRUE","sample",0.017,12761
"sample_step_42_ccme_chloride_357_TRUE","sample",0.022,12724
"sample_step_42_anzg_bisphenol_a_marine_394_TRUE","sample",0.021,11591
"sample_step_42_anzg_paraquat_fresh_170_TRUE","sample",0.039,11477
"sample_step_42_anzg_chromium_III_fresh_364_TRUE","sample",0.019,11998
"sample_step_42_anzg_nitrate_moderate_fresh_410_TRUE","sample",0.023,11775
"sample_step_42_anzg_sulfometuron_methyl_fresh_196_TRUE","sample",0.034,12811
"sample_step_42_anzg_ammonia_fresh_54_TRUE","sample",0.022,11715
"sample_step_42_anzg_nickel_marine_16_TRUE","sample",0.017,11218
"sample_step_42_ccme_boron_337_TRUE","sample",0.022,11331
"sample_step_42_anzg_aluminium_marine_119_TRUE","sample",0.019,11251
"sample_step_42_anzg_nitrate_soft_fresh_329_TRUE","sample",0.037,11811
"sample_step_42_anzg_diuron_marine_144_TRUE","sample",0.019,12749
"sample_step_42_anzg_diuron_fresh_439_TRUE","sample",0.023,12743
"sample_step_42_anzg_diuron_marine_281_TRUE","sample",0.034,11673
"sample_step_42_ccme_chloride_457_TRUE","sample",0.023,12724
"sample_step_42_anzg_bisphenol_a_marine_494_TRUE","sample",0.019,12586
"sample_step_42_anzg_paraquat_fresh_270_TRUE","sample",0.019,11238
"sample_step_42_anzg_nitrate_moderate_fresh_310_TRUE","sample",0.033,11319
"sample_step_42_anzg_sulfometuron_methyl_fresh_296_TRUE","sample",0.024,12477
"sample_step_42_anzg_nitrate_hard_fresh_40_TRUE","sample",0.018,11350
"sample_step_42_anzg_aluminium_marine_419_TRUE","sample",0.032,11358
"sample_step_42_anzg_nitrate_soft_fresh_229_TRUE","sample",0.019,11578
"sample_step_42_anzg_zinc_marine_324_TRUE","sample",0.031,11315
"sample_step_42_anzg_mancozeb_fresh_303_TRUE","sample",0.024,11807
"sample_step_42_anzg_diuron_fresh_339_TRUE","sample",0.023,12735
"sample_step_42_anzg_metolachlor_fresh_19_TRUE","sample",0.021,11594
"sample_step_42_anzg_sulfometuron_methyl_fresh_161_TRUE","sample",0.018,12811
"sample_step_42_anzg_ammonia_fresh_17_TRUE","sample",0.032,11347
"sample_step_42_anzg_picloram_fresh_91_TRUE","sample",0.024,11843
"sample_step_42_ccme_uranium_43_TRUE","sample",0.043,11187
"sample_step_42_anzg_diuron_marine_181_TRUE","sample",0.021,11354
"sample_step_42_ccme_chloride_84_TRUE","sample",0.018,12719
"sample_step_42_anzg_picloram_fresh_465_TRUE","sample",0.031,12143
"sample_step_42_anzg_paraquat_fresh_370_TRUE","sample",0.022,11132
"sample_step_42_anzg_nitrate_moderate_fresh_210_TRUE","sample",0.023,11531
"sample_step_42_anzg_sulfometuron_methyl_fresh_396_TRUE","sample",0.019,12811
"sample_step_42_anzg_simazine_fresh_16_TRUE","sample",0.019,11126
"sample_step_42_anzg_aluminium_marine_319_TRUE","sample",0.033,11346
"sample_step_42_anzg_alpha_cypermethrin_fresh_44_TRUE","sample",0.029,11768
"sample_step_42_anzg_zinc_marine_424_TRUE","sample",0.021,11330
"sample_step_42_anzg_nitrate_soft_fresh_129_TRUE","sample",0.037,11426
"sample_step_42_anzg_mancozeb_fresh_403_TRUE","sample",0.024,12199
"sample_step_42_anzg_nitrate_moderate_fresh_77_TRUE","sample",0.048,11134
"sample_step_42_anzg_diuron_fresh_284_TRUE","sample",0.018,11349
"sample_step_42_anzg_sulfometuron_methyl_fresh_261_TRUE","sample",0.023,11617
"sample_step_42_anzg_aluminium_marine_38_TRUE","sample",0.035,12167
"sample_step_42_anzg_mancozeb_fresh_346_TRUE","sample",0.022,12754
"sample_step_42_anzg_boron_fresh_62_TRUE","sample",0.019,11779
"sample_step_42_anzg_picloram_fresh_66_TRUE","sample",0.018,11374
"sample_step_42_ccme_cadmium_132_TRUE","sample",0.022,11429
"sample_step_42_anzg_picloram_fresh_365_TRUE","sample",0.034,12275
"sample_step_42_anzg_nitrate_moderate_fresh_110_TRUE","sample",0.017,11630
"sample_step_42_anzg_paraquat_fresh_470_TRUE","sample",0.039,12431
"sample_step_42_anzg_sulfometuron_methyl_fresh_496_TRUE","sample",0.022,11830
"sample_step_42_anzg_zinc_marine_124_TRUE","sample",0.02,11137
"sample_step_42_anzg_metsulfuron_methyl_fresh_48_TRUE","sample",0.017,12801
"sample_step_42_anzg_mancozeb_fresh_103_TRUE","sample",0.021,11453
"sample_step_42_anzg_sulfometuron_methyl_fresh_361_TRUE","sample",0.022,11976
"sample_step_42_anzg_nitrate_soft_fresh_66_TRUE","sample",0.035,11374
"sample_step_42_anzg_copper_marine_173_TRUE","sample",0.019,12599
"sample_step_42_anzg_diuron_fresh_184_TRUE","sample",0.024,11700
"sample_step_42_anzg_fluoride_fresh_53_TRUE","sample",0.022,11462
"sample_step_42_ccme_cadmium_76_TRUE","sample",0.02,12075
"sample_step_42_ccme_glyphosate_95_TRUE","sample",0.018,12645
"sample_step_42_anzg_mancozeb_fresh_446_TRUE","sample",0.021,12751
"sample_step_42_ccme_cadmium_232_TRUE","sample",0.034,11992
"sample_step_42_anzg_mancozeb_fresh_389_TRUE","sample",0.021,11446
"sample_step_42_anzg_picloram_fresh_265_TRUE","sample",0.034,12754
"sample_step_42_anzg_picloram_fresh_23_TRUE","sample",0.018,11322
"sample_step_42_anzg_zinc_marine_224_TRUE","sample",0.019,12738
"sample_step_42_anzg_paraquat_fresh_137_TRUE","sample",0.033,11164
"sample_step_42_anzg_mancozeb_fresh_203_TRUE","sample",0.02,11319
"sample_step_42_anzg_sulfometuron_methyl_fresh_461_TRUE","sample",0.019,12530
"sample_step_42_anzg_diuron_fresh_484_TRUE","sample",0.031,11466
"sample_step_42_anzg_copper_marine_273_TRUE","sample",0.035,11498
"sample_step_42_anzg_mancozeb_fresh_146_TRUE","sample",0.025,11761
"sample_step_42_anzg_metsulfuron_methyl_fresh_83_TRUE","sample",0.024,12801
"sample_step_42_anzg_copper_marine_140_TRUE","sample",0.019,11793
"sample_step_42_ccme_cadmium_332_TRUE","sample",0.032,11713
"sample_step_42_anzg_picloram_fresh_165_TRUE","sample",0.032,12725
"sample_step_42_anzg_simazine_fresh_90_TRUE","sample",0.021,11796
"sample_step_42_anzg_fluoride_fresh_80_TRUE","sample",0.02,12749
"sample_step_42_anzg_copper_marine_61_TRUE","sample",0.02,12744
"sample_step_42_anzg_mancozeb_fresh_489_TRUE","sample",0.022,11820
"sample_step_42_anzg_fipronil_fresh_261_TRUE","sample",0.019,11308
"sample_step_42_anzg_paraquat_fresh_237_TRUE","sample",0.032,12754
"sample_step_42_anzg_diuron_fresh_384_TRUE","sample",0.026,11504
"sample_step_42_anzg_copper_marine_373_TRUE","sample",0.019,11299
"sample_step_42_anzg_boron_fresh_160_TRUE","sample",0.023,11454
"sample_step_42_anzg_nitrate_hard_fresh_132_TRUE","sample",0.02,11344
"sample_step_42_anzg_zinc_marine_359_TRUE","sample",0.031,11930
"sample_step_42_anzg_mancozeb_fresh_246_TRUE","sample",0.019,11475
"sample_step_42_anzg_nitrate_moderate_fresh_484_TRUE","sample",0.019,12403
"sample_step_42_anzg_perfluorooctane_sulfonate_pfos_fresh_263_TRUE","sample",0.022,12863
"sample_step_42_anzg_copper_marine_240_TRUE","sample",0.022,12734
"sample_step_42_ccme_cadmium_432_TRUE","sample",0.028,12719
"sample_step_42_anzg_mancozeb_fresh_189_TRUE","sample",0.021,12754
"sample_step_42_anzg_paraquat_fresh_337_TRUE","sample",0.019,11866
"sample_step_42_anzg_chromium_III_fresh_79_TRUE","sample",0.021,11390
"sample_step_42_anzg_fipronil_fresh_161_TRUE","sample",0.022,11269
"sample_step_42_anzg_copper_marine_20_TRUE","sample",0.02,11673
"sample_step_42_anzg_copper_marine_473_TRUE","sample",0.018,11324
"sample_step_42_anzg_boron_fresh_260_TRUE","sample",0.018,12728
"sample_step_42_anzg_zinc_marine_459_TRUE","sample",0.022,11210
"sample_step_42_anzg_nitrate_hard_fresh_232_TRUE","sample",0.021,11171
"sample_step_42_anzg_nitrate_moderate_fresh_384_TRUE","sample",0.025,12025
"sample_step_42_anzg_perfluorooctane_sulfonate_pfos_fresh_163_TRUE","sample",0.019,12867
"sample_step_42_anzg_copper_marine_340_TRUE","sample",0.018,11749
"sample_step_42_anzg_boron_fresh_115_TRUE","sample",0.022,11560
"sample_step_42_anzg_mancozeb_fresh_289_TRUE","sample",0.022,11560
"sample_step_42_anzg_perfluorooctane_sulfonate_pfos_fresh_290_TRUE","sample",0.021,12867
"sample_step_42_anzg_paraquat_fresh_437_TRUE","sample",0.018,11245
"sample_step_42_ccme_glyphosate_5_TRUE","sample",0.019,11389
"sample_step_42_anzg_fipronil_fresh_461_TRUE","sample",0.023,12744
"sample_step_42_anzg_iron_fresh_164_TRUE","sample",0.037,11186
"sample_step_42_anzg_boron_fresh_360_TRUE","sample",0.04,11456
"sample_step_42_anzg_zinc_marine_159_TRUE","sample",0.017,11868
"sample_step_42_anzg_nitrate_hard_fresh_332_TRUE","sample",0.02,12212
"sample_step_42_anzg_nitrate_moderate_fresh_284_TRUE","sample",0.023,11265
"sample_step_42_anzg_perfluorooctane_sulfonate_pfos_fresh_463_TRUE","sample",0.034,11614
"sample_step_42_anzg_copper_marine_440_TRUE","sample",0.024,12749
"sample_step_42_anzg_boron_fresh_215_TRUE","sample",0.018,11441
"sample_step_42_anzg_iron_fresh_81_TRUE","sample",0.025,11350
"sample_step_42_anzg_nickel_marine_269_TRUE","sample",0.034,12448
"sample_step_42_anzg_perfluorooctane_sulfonate_pfos_fresh_190_TRUE","sample",0.019,11508
"sample_step_42_anzg_ammonia_fresh_357_TRUE","sample",0.033,11668
"sample_step_42_anzg_fipronil_fresh_361_TRUE","sample",0.038,11378
"sample_step_42_anzg_iron_fresh_264_TRUE","sample",0.034,11046
"sample_step_42_anzg_boron_fresh_460_TRUE","sample",0.019,12337
"sample_step_42_anzg_zinc_marine_259_TRUE","sample",0.022,12739
"sample_step_42_anzg_metolachlor_fresh_500_TRUE","sample",0.02,12345
"sample_step_42_anzg_nitrate_hard_fresh_432_TRUE","sample",0.033,12742
"sample_step_42_anzg_nitrate_moderate_fresh_184_TRUE","sample",0.032,12792
"sample_step_42_anzg_perfluorooctane_sulfonate_pfos_fresh_363_TRUE","sample",0.038,11494
"sample_step_42_anzg_iron_fresh_127_TRUE","sample",0.019,11575
"sample_step_42_anzg_boron_fresh_315_TRUE","sample",0.019,11640
"sample_step_42_anzg_simazine_marine_431_TRUE","sample",0.032,11725
"sample_step_42_anzg_nickel_marine_169_TRUE","sample",0.032,12744
"sample_step_42_anzg_alpha_cypermethrin_fresh_118_TRUE","sample",0.022,11523
"sample_step_42_ccme_endosulfan_199_TRUE","sample",0.02,11145
"sample_step_42_anzg_fluoride_fresh_47_TRUE","sample",0.019,11499
"sample_step_42_anzg_ammonia_fresh_457_TRUE","sample",0.032,11741
"sample_step_42_anzg_perfluorooctane_sulfonate_pfos_fresh_490_TRUE","sample",0.032,11312
"sample_step_42_anzg_mcpa_fresh_78_TRUE","sample",0.038,12730
"sample_step_42_anzg_glyphosate_fresh_66_TRUE","sample",0.02,12759
"sample_step_42_anzg_iron_fresh_364_TRUE","sample",0.021,12734
"sample_step_42_anzg_ammonia_fresh_314_TRUE","sample",0.023,11874
"sample_step_42_anzg_fluoride_fresh_301_TRUE","sample",0.032,11396
"sample_step_42_anzg_iron_fresh_227_TRUE","sample",0.024,11723
"sample_step_42_anzg_boron_fresh_415_TRUE","sample",0.019,11486
"sample_step_42_anzg_simazine_marine_331_TRUE","sample",0.019,11230
"sample_step_42_anzg_dioxins_fresh_117_TRUE","sample",0.022,12446
"sample_step_42_anzg_nickel_marine_469_TRUE","sample",0.022,12749
"sample_step_42_anzg_alpha_cypermethrin_fresh_218_TRUE","sample",0.018,11651
"sample_step_42_ccme_endosulfan_299_TRUE","sample",0.019,11411
"sample_step_42_anzg_iron_marine_323_TRUE","sample",0.023,11510
"sample_step_42_anzg_ammonia_fresh_157_TRUE","sample",0.022,11288
"sample_step_42_anzg_perfluorooctane_sulfonate_pfos_fresh_390_TRUE","sample",0.037,12778
"sample_step_42_ccme_endosulfan_158_TRUE","sample",0.049,11655
"sample_step_42_anzg_iron_fresh_464_TRUE","sample",0.02,12160
"sample_step_42_anzg_ammonia_fresh_414_TRUE","sample",0.022,11707
"sample_step_42_anzg_fluoride_fresh_401_TRUE","sample",0.025,12754
"sample_step_42_anzg_simazine_fresh_287_TRUE","sample",0.018,11570
"sample_step_42_anzg_ametryn_fresh_48_TRUE","sample",0.023,12745
"sample_step_42_anzg_iron_fresh_327_TRUE","sample",0.019,12041
"sample_step_42_anzg_simazine_marine_231_TRUE","sample",0.022,12759
"sample_step_42_anzg_dioxins_fresh_217_TRUE","sample",0.022,12670
"sample_step_42_anzg_nickel_marine_369_TRUE","sample",0.018,11494
"sample_step_42_anzg_alpha_cypermethrin_fresh_318_TRUE","sample",0.021,11775
"sample_step_42_ccme_endosulfan_399_TRUE","sample",0.023,12734
"sample_step_42_anzg_iron_marine_423_TRUE","sample",0.024,11131
"sample_step_42_anzg_ammonia_fresh_257_TRUE","sample",0.018,11268
"sample_step_42_anzg_fluoride_fresh_344_TRUE","sample",0.037,11480
"sample_step_42_ccme_endosulfan_258_TRUE","sample",0.018,11626
"sample_step_42_anzg_iron_marine_368_TRUE","sample",0.023,11273
"sample_step_42_anzg_ammonia_fresh_114_TRUE","sample",0.035,12250
"sample_step_42_anzg_fluoride_fresh_101_TRUE","sample",0.018,11458
"sample_step_42_anzg_mancozeb_fresh_90_TRUE","sample",0.021,11963
"sample_step_42_anzg_alpha_cypermethrin_fresh_192_TRUE","sample",0.02,12192
"sample_step_42_anzg_simazine_fresh_187_TRUE","sample",0.035,11555
"sample_step_42_anzg_paraquat_fresh_11_TRUE","sample",0.035,12376
"sample_step_42_anzg_simazine_marine_131_TRUE","sample",0.019,11544
"sample_step_42_anzg_iron_fresh_427_TRUE","sample",0.024,12729
"sample_step_42_anzg_dioxins_fresh_317_TRUE","sample",0.021,11528
"sample_step_42_ccme_silver_54_TRUE","sample",0.034,12709
"sample_step_42_anzg_alpha_cypermethrin_fresh_418_TRUE","sample",0.032,11988
"sample_step_42_ccme_endosulfan_499_TRUE","sample",0.02,12674
"sample_step_42_anzg_nickel_marine_214_TRUE","sample",0.022,11372
"sample_step_42_anzg_iron_marine_123_TRUE","sample",0.02,11207
"sample_step_42_anzg_ametryn_fresh_85_TRUE","sample",0.032,11163
"sample_step_42_ccme_endosulfan_358_TRUE","sample",0.019,11412
"sample_step_42_anzg_fluoride_fresh_444_TRUE","sample",0.025,11930
"sample_step_42_anzg_bisphenol_a_marine_82_TRUE","sample",0.033,12769
"sample_step_42_anzg_ammonia_fresh_214_TRUE","sample",0.02,12252
"sample_step_42_anzg_iron_marine_468_TRUE","sample",0.033,12469
"sample_step_42_anzg_alpha_cypermethrin_fresh_292_TRUE","sample",0.02,12805
"sample_step_42_anzg_fluoride_fresh_201_TRUE","sample",0.021,11607
"sample_step_42_anzg_simazine_fresh_487_TRUE","sample",0.041,11391
"sample_step_42_anzg_metsulfuron_methyl_fresh_236_TRUE","sample",0.031,12807
"sample_step_42_anzg_dioxins_fresh_417_TRUE","sample",0.025,11505
"sample_step_42_anzg_nickel_marine_114_TRUE","sample",0.021,12382
"sample_step_42_anzg_diuron_marine_90_TRUE","sample",0.02,12743
"sample_step_42_anzg_alpha_cypermethrin_fresh_185_TRUE","sample",0.033,11503
"sample_step_42_anzg_iron_marine_223_TRUE","sample",0.034,11442
"sample_step_42_anzg_perfluorooctane_sulfonate_pfos_fresh_14_TRUE","sample",0.019,12502
"sample_step_42_anzg_fluoride_fresh_144_TRUE","sample",0.02,12754
"sample_step_42_ccme_silver_95_TRUE","sample",0.02,11272
"sample_step_42_anzg_nitrate_soft_fresh_6_TRUE","sample",0.023,12473
"sample_step_42_ccme_endosulfan_458_TRUE","sample",0.023,12734
"sample_step_42_anzg_iron_marine_168_TRUE","sample",0.018,11924
"sample_step_42_anzg_alpha_cypermethrin_fresh_392_TRUE","sample",0.019,11823
"sample_step_42_anzg_metsulfuron_methyl_fresh_136_TRUE","sample",0.024,11430
"sample_step_42_anzg_simazine_fresh_387_TRUE","sample",0.021,12754
"sample_step_42_anzg_alpha_cypermethrin_fresh_285_TRUE","sample",0.018,12805
"sample_step_42_anzg_nickel_marine_414_TRUE","sample",0.025,12749
"sample_step_42_anzg_manganese_marine_222_TRUE","sample",0.018,11676
"sample_step_42_anzg_fluoride_fresh_244_TRUE","sample",0.021,12755
"sample_step_42_anzg_metsulfuron_methyl_fresh_273_TRUE","sample",0.022,11346
"sample_step_42_anzg_bisphenol_a_fresh_262_TRUE","sample",0.023,12769
"sample_step_42_anzg_diuron_marine_51_TRUE","sample",0.018,11519
"sample_step_42_anzg_iron_marine_268_TRUE","sample",0.019,11138
"sample_step_42_anzg_paraquat_fresh_97_TRUE","sample",0.023,11239
"sample_step_42_ccme_endosulfan_105_TRUE","sample",0.024,11610
"sample_step_42_anzg_alpha_cypermethrin_fresh_492_TRUE","sample",0.025,12806
"sample_step_42_anzg_simazine_marine_39_TRUE","sample",0.019,11984
"sample_step_42_anzg_metsulfuron_methyl_fresh_436_TRUE","sample",0.018,11494
"sample_step_42_anzg_nickel_marine_314_TRUE","sample",0.023,11685
"sample_step_42_anzg_alpha_cypermethrin_fresh_385_TRUE","sample",0.022,11609
"sample_step_42_anzg_manganese_marine_122_TRUE","sample",0.018,12661
"sample_step_42_anzg_metsulfuron_methyl_fresh_173_TRUE","sample",0.018,12806
"sample_step_42_ccme_endosulfan_205_TRUE","sample",0.024,12734
"sample_step_42_anzg_zinc_marine_97_TRUE","sample",0.018,11972
"sample_step_42_anzg_bisphenol_a_fresh_162_TRUE","sample",0.022,12338
"sample_step_42_anzg_bisphenol_a_fresh_215_TRUE","sample",0.018,12147
"sample_step_42_anzg_metsulfuron_methyl_fresh_336_TRUE","sample",0.019,12394
"sample_step_42_anzg_paraquat_fresh_54_TRUE","sample",0.033,12747
"sample_step_42_ccme_silver_440_TRUE","sample",0.036,11482
"sample_step_42_anzg_alpha_cypermethrin_fresh_485_TRUE","sample",0.025,11246
"sample_step_42_anzg_manganese_marine_422_TRUE","sample",0.019,12764
"sample_step_42_anzg_metsulfuron_methyl_fresh_473_TRUE","sample",0.02,12805
"sample_step_42_anzg_bisphenol_a_fresh_462_TRUE","sample",0.038,12769
"sample_step_42_ccme_endosulfan_305_TRUE","sample",0.033,12711
"sample_step_42_anzg_chlorine_marine_79_TRUE","sample",0.02,12276
"sample_step_42_anzg_bisphenol_a_fresh_115_TRUE","sample",0.019,12211
"sample_step_42_ccme_silver_340_TRUE","sample",0.032,12330
"sample_step_42_ccme_boron_62_TRUE","sample",0.035,11813
"sample_step_42_anzg_manganese_marine_322_TRUE","sample",0.021,12764
"sample_step_42_anzg_metsulfuron_methyl_fresh_373_TRUE","sample",0.019,11671
"sample_step_42_ccme_silver_405_TRUE","sample",0.02,11304
"sample_step_42_anzg_sulfometuron_methyl_fresh_96_TRUE","sample",0.033,12806
"sample_step_42_anzg_bisphenol_a_fresh_362_TRUE","sample",0.036,11385
"sample_step_42_ccme_endosulfan_405_TRUE","sample",0.034,11644
"sample_step_42_ccme_silver_240_TRUE","sample",0.019,12713
"sample_step_42_anzg_bisphenol_a_fresh_415_TRUE","sample",0.019,12769
"sample_step_42_ccme_silver_305_TRUE","sample",0.032,11352
"sample_step_42_anzg_zinc_marine_11_TRUE","sample",0.022,11352
"sample_step_42_anzg_manganese_marine_85_TRUE","sample",0.033,12759
"sample_step_42_anzg_bisphenol_a_fresh_315_TRUE","sample",0.02,11005
"sample_step_42_anzg_sulfometuron_methyl_fresh_59_TRUE","sample",0.021,12806
"sample_step_42_ccme_silver_140_TRUE","sample",0.032,11481
"sample_step_42_anzg_fipronil_fresh_17_TRUE","sample",0.036,11230
"sample_step_42_ccme_silver_205_TRUE","sample",0.039,11621
"sample_step_42_anzg_nitrate_hard_fresh_3_TRUE","sample",0.02,11407
"sample_step_42_anzg_zinc_marine_46_TRUE","sample",0.018,12734
"sample_step_42_ccme_boron_259_TRUE","sample",0.022,11847
"sample_step_42_anzg_dioxins_fresh_51_TRUE","sample",0.022,12745
"sample_step_42_anzg_chromium_III_fresh_206_TRUE","sample",0.019,11860
"sample_step_42_ccme_silver_105_TRUE","sample",0.019,12095
"sample_step_42_anzg_bisphenol_a_fresh_34_TRUE","sample",0.022,11938
"sample_step_42_anzg_aluminium_marine_280_TRUE","sample",0.022,12764
"sample_step_42_ccme_boron_159_TRUE","sample",0.018,11134
"sample_step_42_anzg_chromium_III_fresh_106_TRUE","sample",0.017,11499
"sample_step_42_ccme_boron_23_TRUE","sample",0.022,11578
"sample_step_42_ccme_endosulfan_39_TRUE","sample",0.021,11574
"sample_step_42_anzg_dioxins_fresh_90_TRUE","sample",0.024,12364
"sample_step_42_anzg_chromium_III_fresh_243_TRUE","sample",0.018,11508
"sample_step_42_anzg_aluminium_marine_180_TRUE","sample",0.017,11404
"sample_step_42_anzg_bisphenol_a_fresh_75_TRUE","sample",0.022,12679
"sample_step_42_ccme_boron_459_TRUE","sample",0.024,11569
"sample_step_42_anzg_chromium_III_fresh_406_TRUE","sample",0.037,12280
"sample_step_42_anzg_bisphenol_a_marine_133_TRUE","sample",0.019,12727
"sample_step_42_anzg_chromium_III_fresh_143_TRUE","sample",0.018,12774
"sample_step_42_anzg_aluminium_marine_480_TRUE","sample",0.022,12408
"sample_step_42_anzg_chromium_III_fresh_288_TRUE","sample",0.023,12771
"sample_step_42_anzg_sulfometuron_methyl_fresh_138_TRUE","sample",0.021,12808
"sample_step_42_ccme_boron_359_TRUE","sample",0.018,11395
"sample_step_42_anzg_chromium_III_fresh_306_TRUE","sample",0.019,12774
"sample_step_42_anzg_fipronil_fresh_52_TRUE","sample",0.022,12410
"sample_step_42_anzg_bisphenol_a_marine_233_TRUE","sample",0.022,12774
"sample_step_42_anzg_chromium_III_fresh_443_TRUE","sample",0.017,12362
"sample_step_42_ccme_chloride_31_TRUE","sample",0.019,11518
"sample_step_42_anzg_nitrate_soft_fresh_404_TRUE","sample",0.037,11758
"sample_step_42_anzg_bisphenol_a_marine_178_TRUE","sample",0.035,12272
"sample_step_42_anzg_aluminium_marine_380_TRUE","sample",0.038,12421
"sample_step_42_anzg_chromium_III_fresh_188_TRUE","sample",0.021,11443
"sample_step_42_anzg_sulfometuron_methyl_fresh_8_TRUE","sample",0.02,12056
"sample_step_42_anzg_glyphosate_fresh_297_TRUE","sample",0.034,11519
"sample_step_42_anzg_sulfometuron_methyl_fresh_238_TRUE","sample",0.033,11649
"sample_step_42_ccme_boron_210_TRUE","sample",0.019,12190
"sample_step_42_anzg_nitrate_hard_fresh_62_TRUE","sample",0.019,12715
"sample_step_42_anzg_bisphenol_a_marine_333_TRUE","sample",0.034,12717
"sample_step_42_anzg_boron_fresh_17_TRUE","sample",0.033,11304
"sample_step_42_anzg_nickel_marine_75_TRUE","sample",0.024,11215
"sample_step_42_anzg_metolachlor_fresh_365_TRUE","sample",0.02,11489
"sample_step_42_anzg_chromium_III_fresh_343_TRUE","sample",0.02,11507
"sample_step_42_anzg_nitrate_soft_fresh_304_TRUE","sample",0.034,12774
"sample_step_42_anzg_bisphenol_a_marine_278_TRUE","sample",0.037,12774
"sample_step_42_anzg_chromium_III_fresh_488_TRUE","sample",0.037,12774
"sample_step_42_ccme_chloride_26_TRUE","sample",0.02,11285
"sample_step_42_anzg_nitrate_soft_fresh_445_TRUE","sample",0.019,11597
"sample_step_42_anzg_picloram_fresh_443_TRUE","sample",0.031,11381
"sample_step_42_anzg_glyphosate_fresh_197_TRUE","sample",0.032,11218
"sample_step_42_anzg_sulfometuron_methyl_fresh_338_TRUE","sample",0.023,11421
"sample_step_42_anzg_chlorine_marine_146_TRUE","sample",0.02,12062
"sample_step_42_ccme_chloride_176_TRUE","sample",0.019,11499
"sample_step_42_ccme_boron_110_TRUE","sample",0.033,11585
"sample_step_42_anzg_iron_marine_37_TRUE","sample",0.035,12734
"sample_step_42_anzg_bisphenol_a_marine_433_TRUE","sample",0.037,12008
"sample_step_42_anzg_metolachlor_fresh_465_TRUE","sample",0.019,12480
"sample_step_42_anzg_nitrate_soft_fresh_204_TRUE","sample",0.02,11364
"sample_step_42_anzg_bisphenol_a_marine_378_TRUE","sample",0.023,11606
"sample_step_42_anzg_nickel_marine_42_TRUE","sample",0.023,11512
"sample_step_42_anzg_chromium_III_fresh_388_TRUE","sample",0.02,11918
"sample_step_42_anzg_nitrate_soft_fresh_345_TRUE","sample",0.018,12776
"sample_step_42_anzg_picloram_fresh_343_TRUE","sample",0.023,12210
"sample_step_42_anzg_glyphosate_fresh_497_TRUE","sample",0.022,12764
"sample_step_42_anzg_sulfometuron_methyl_fresh_438_TRUE","sample",0.017,11496
"sample_step_42_anzg_perfluorooctane_sulfonate_pfos_fresh_473_TRUE","sample",0.018,12862
"sample_step_42_anzg_chlorine_marine_246_TRUE","sample",0.022,12758
"sample_step_42_ccme_chloride_276_TRUE","sample",0.022,10983
"sample_step_42_ccme_boron_410_TRUE","sample",0.024,11560
"sample_step_42_anzg_picloram_fresh_406_TRUE","sample",0.043,11404
"sample_step_42_anzg_ametryn_fresh_7_TRUE","sample",0.018,12739
"sample_step_42_anzg_metolachlor_fresh_165_TRUE","sample",0.021,12071
"sample_step_42_anzg_nitrate_soft_fresh_104_TRUE","sample",0.025,11487
"sample_step_42_ccme_cadmium_14_TRUE","sample",0.024,12652
"sample_step_42_anzg_glyphosate_fresh_211_TRUE","sample",0.017,12760
"sample_step_42_anzg_bisphenol_a_marine_478_TRUE","sample",0.018,12029
"sample_step_42_ccme_endosulfan_65_TRUE","sample",0.022,11620
"sample_step_42_anzg_nitrate_soft_fresh_245_TRUE","sample",0.023,11260
"sample_step_42_anzg_picloram_fresh_243_TRUE","sample",0.021,12754
"sample_step_42_anzg_glyphosate_fresh_397_TRUE","sample",0.017,11228
"sample_step_42_ccme_chloride_376_TRUE","sample",0.018,11132
"sample_step_42_anzg_aluminium_marine_97_TRUE","sample",0.021,11992
"sample_step_42_anzg_chlorine_marine_346_TRUE","sample",0.025,11523
"sample_step_42_ccme_boron_310_TRUE","sample",0.024,11512
"sample_step_42_anzg_paraquat_fresh_159_TRUE","sample",0.019,11923
"sample_step_42_anzg_diuron_marine_497_TRUE","sample",0.018,12749
"sample_step_42_anzg_picloram_fresh_306_TRUE","sample",0.034,11401
"sample_step_42_anzg_metolachlor_fresh_265_TRUE","sample",0.034,11485
"sample_step_42_anzg_glyphosate_fresh_111_TRUE","sample",0.019,11248
"sample_step_42_anzg_nitrate_soft_fresh_145_TRUE","sample",0.02,11865
"sample_step_42_anzg_picloram_fresh_143_TRUE","sample",0.032,11566
"sample_step_42_anzg_simazine_fresh_32_TRUE","sample",0.034,12749
"sample_step_42_ccme_chloride_476_TRUE","sample",0.02,12719
"sample_step_42_anzg_chlorine_marine_446_TRUE","sample",0.02,11297
"sample_step_42_anzg_paraquat_fresh_259_TRUE","sample",0.034,12754
"sample_step_42_ccme_glyphosate_76_TRUE","sample",0.034,12726
"sample_step_42_anzg_nickel_marine_479_TRUE","sample",0.02,11109
"sample_step_42_anzg_diuron_marine_397_TRUE","sample",0.018,11446
"sample_step_42_anzg_diuron_fresh_268_TRUE","sample",0.019,11378
"sample_step_42_anzg_nitrate_hard_fresh_29_TRUE","sample",0.036,11447
"sample_step_42_anzg_picloram_fresh_206_TRUE","sample",0.033,11330
"sample_step_42_anzg_aluminium_marine_54_TRUE","sample",0.025,11581
"sample_step_42_anzg_metolachlor_fresh_30_TRUE","sample",0.028,12745
"sample_step_42_anzg_paraquat_fresh_196_TRUE","sample",0.02,12750
"sample_step_42_anzg_boron_fresh_86_TRUE","sample",0.033,11929
"sample_step_42_anzg_ammonia_fresh_22_TRUE","sample",0.033,12005
"sample_step_42_anzg_nitrate_hard_fresh_190_TRUE","sample",0.023,12774
"sample_step_42_anzg_glyphosate_fresh_411_TRUE","sample",0.019,12764
"sample_step_42_anzg_paraquat_fresh_359_TRUE","sample",0.019,11592
"sample_step_42_anzg_diuron_marine_297_TRUE","sample",0.033,11415
"sample_step_42_anzg_diuron_fresh_168_TRUE","sample",0.035,11416
"sample_step_42_anzg_picloram_fresh_106_TRUE","sample",0.025,12754
"sample_step_42_ccme_cadmium_92_TRUE","sample",0.02,12714
"sample_step_42_anzg_alpha_cypermethrin_fresh_29_TRUE","sample",0.02,12205
"sample_step_42_anzg_nitrate_moderate_fresh_90_TRUE","sample",0.023,12787
"sample_step_42_anzg_paraquat_fresh_296_TRUE","sample",0.022,11278
"sample_step_42_anzg_nitrate_hard_fresh_290_TRUE","sample",0.019,12772
"sample_step_42_anzg_glyphosate_fresh_311_TRUE","sample",0.02,12764
"sample_step_42_anzg_metolachlor_fresh_63_TRUE","sample",0.022,12764
"sample_step_42_anzg_aluminium_marine_15_TRUE","sample",0.025,11636
"sample_step_42_anzg_iron_fresh_3_TRUE","sample",0.019,12724
"sample_step_42_anzg_nitrate_hard_fresh_153_TRUE","sample",0.017,11189
"sample_step_42_anzg_paraquat_fresh_459_TRUE","sample",0.019,12750
"sample_step_42_anzg_picloram_fresh_87_TRUE","sample",0.022,12749
"sample_step_42_ccme_cadmium_113_TRUE","sample",0.022,12660
"sample_step_42_anzg_diuron_marine_197_TRUE","sample",0.018,11716
"sample_step_42_anzg_diuron_fresh_468_TRUE","sample",0.019,12035
"sample_step_42_anzg_paraquat_fresh_396_TRUE","sample",0.022,11300
"sample_step_42_anzg_nitrate_hard_fresh_390_TRUE","sample",0.024,11976
"sample_step_42_anzg_copper_marine_85_TRUE","sample",0.025,11665
"sample_step_42_anzg_nitrate_hard_fresh_253_TRUE","sample",0.018,11388
"sample_step_42_anzg_fipronil_fresh_275_TRUE","sample",0.018,11229
"sample_step_42_ccme_cadmium_213_TRUE","sample",0.021,11647
"sample_step_42_anzg_glyphosate_fresh_49_TRUE","sample",0.023,12751
"sample_step_42_anzg_mancozeb_fresh_360_TRUE","sample",0.02,12754
"sample_step_42_anzg_paraquat_fresh_140_TRUE","sample",0.018,11408
"sample_step_42_anzg_diuron_fresh_368_TRUE","sample",0.018,11702
"sample_step_42_anzg_nitrate_moderate_fresh_460_TRUE","sample",0.022,11770
"sample_step_42_ccme_cadmium_158_TRUE","sample",0.018,12719
"sample_step_42_anzg_nitrate_hard_fresh_116_TRUE","sample",0.022,12769
"sample_step_42_anzg_bisphenol_a_marine_9_TRUE","sample",0.018,11334
"sample_step_42_anzg_nitrate_hard_fresh_490_TRUE","sample",0.034,11211
"sample_step_42_anzg_paraquat_fresh_496_TRUE","sample",0.027,12035
"sample_step_42_anzg_metsulfuron_methyl_fresh_62_TRUE","sample",0.02,11744
"sample_step_42_anzg_nitrate_soft_fresh_98_TRUE","sample",0.037,11462
"sample_step_42_anzg_nitrate_hard_fresh_353_TRUE","sample",0.033,11276
"sample_step_42_anzg_simazine_fresh_87_TRUE","sample",0.02,11649
"sample_step_42_anzg_chromium_III_fresh_15_TRUE","sample",0.02,12766
"sample_step_42_anzg_copper_marine_44_TRUE","sample",0.021,11877
"sample_step_42_anzg_fipronil_fresh_175_TRUE","sample",0.035,12714
"sample_step_42_ccme_cadmium_313_TRUE","sample",0.033,11297
"sample_step_42_anzg_mancozeb_fresh_460_TRUE","sample",0.036,11769
"sample_step_42_anzg_paraquat_fresh_240_TRUE","sample",0.019,12754
"sample_step_42_anzg_nitrate_moderate_fresh_360_TRUE","sample",0.019,11067
"sample_step_42_anzg_mcpa_fresh_16_TRUE","sample",0.033,11526
"sample_step_42_anzg_nitrate_hard_fresh_216_TRUE","sample",0.033,11214
"sample_step_42_ccme_cadmium_258_TRUE","sample",0.022,11423
"sample_step_42_anzg_zinc_marine_374_TRUE","sample",0.02,11281
"sample_step_42_anzg_boron_fresh_179_TRUE","sample",0.02,12739
"sample_step_42_anzg_nitrate_hard_fresh_453_TRUE","sample",0.033,11310
"sample_step_42_anzg_fipronil_fresh_475_TRUE","sample",0.033,12754
"sample_step_42_ccme_cadmium_413_TRUE","sample",0.041,12717
"sample_step_42_anzg_mancozeb_fresh_160_TRUE","sample",0.019,12609
"sample_step_42_anzg_paraquat_fresh_340_TRUE","sample",0.019,11100
"sample_step_42_anzg_nitrate_hard_fresh_316_TRUE","sample",0.032,11801
"sample_step_42_anzg_nitrate_moderate_fresh_260_TRUE","sample",0.032,11780
"sample_step_42_anzg_nickel_marine_1_TRUE","sample",0.019,11722
"sample_step_42_anzg_chromium_III_fresh_50_TRUE","sample",0.02,11998
"sample_step_42_anzg_alpha_cypermethrin_fresh_54_TRUE","sample",0.019,12525
"sample_step_42_ccme_cadmium_358_TRUE","sample",0.023,11697
"sample_step_42_anzg_boron_fresh_279_TRUE","sample",0.02,11686
"sample_step_42_anzg_zinc_marine_474_TRUE","sample",0.034,11160
"sample_step_42_anzg_fluoride_fresh_362_TRUE","sample",0.041,12754
"sample_step_42_anzg_mancozeb_fresh_260_TRUE","sample",0.02,12754
"sample_step_42_anzg_fipronil_fresh_375_TRUE","sample",0.022,11057
"sample_step_42_anzg_nitrate_moderate_fresh_160_TRUE","sample",0.019,11438
"sample_step_42_anzg_paraquat_fresh_440_TRUE","sample",0.021,11402
"sample_step_42_anzg_nitrate_hard_fresh_416_TRUE","sample",0.022,11414
"sample_step_42_anzg_zinc_marine_174_TRUE","sample",0.019,11445
"sample_step_42_ccme_cadmium_458_TRUE","sample",0.022,11346
"sample_step_42_anzg_nitrate_soft_fresh_16_TRUE","sample",0.019,12769
"sample_step_42_anzg_boron_fresh_379_TRUE","sample",0.038,12267
"sample_step_42_anzg_fluoride_fresh_462_TRUE","sample",0.02,11968
"sample_step_42_anzg_fluoride_fresh_23_TRUE","sample",0.023,11273
"sample_step_42_anzg_simazine_fresh_228_TRUE","sample",0.022,11341
"sample_step_42_anzg_glyphosate_fresh_92_TRUE","sample",0.017,11861
"sample_step_42_anzg_ammonia_fresh_370_TRUE","sample",0.018,11764
"sample_step_42_anzg_zinc_marine_274_TRUE","sample",0.022,11311
"sample_step_42_anzg_boron_fresh_479_TRUE","sample",0.022,11240
"sample_step_42_anzg_iron_marine_307_TRUE","sample",0.018,12739
"sample_step_42_anzg_perfluorooctane_sulfonate_pfos_fresh_236_TRUE","sample",0.037,11753
"sample_step_42_anzg_simazine_marine_424_TRUE","sample",0.018,12759
"sample_step_42_anzg_mancozeb_fresh_31_TRUE","sample",0.022,11555
"sample_step_42_anzg_iron_fresh_142_TRUE","sample",0.023,11676
"sample_step_42_anzg_simazine_fresh_128_TRUE","sample",0.023,12108
"sample_step_42_anzg_fluoride_fresh_162_TRUE","sample",0.02,11306
"sample_step_42_anzg_ammonia_fresh_470_TRUE","sample",0.018,12749
"sample_step_42_anzg_simazine_fresh_263_TRUE","sample",0.024,12754
"sample_step_42_anzg_ametryn_fresh_24_TRUE","sample",0.034,12744
"sample_step_42_anzg_ammonia_fresh_331_TRUE","sample",0.017,12160
"sample_step_42_anzg_perfluorooctane_sulfonate_pfos_fresh_136_TRUE","sample",0.019,11975
"sample_step_42_anzg_iron_marine_407_TRUE","sample",0.023,11870
"sample_step_42_anzg_simazine_marine_324_TRUE","sample",0.033,12436
"sample_step_42_anzg_dioxins_fresh_140_TRUE","sample",0.036,12749
"sample_step_42_anzg_iron_fresh_242_TRUE","sample",0.019,12185
"sample_step_42_anzg_perfluorooctane_sulfonate_pfos_fresh_173_TRUE","sample",0.021,11741
"sample_step_42_anzg_fluoride_fresh_262_TRUE","sample",0.036,12582
"sample_step_42_anzg_ammonia_fresh_170_TRUE","sample",0.019,11488
"sample_step_42_anzg_simazine_fresh_428_TRUE","sample",0.033,12753
"sample_step_42_anzg_simazine_fresh_163_TRUE","sample",0.02,12749
"sample_step_42_ccme_silver_38_TRUE","sample",0.021,11425
"sample_step_42_ccme_glyphosate_141_TRUE","sample",0.034,11165
"sample_step_42_anzg_ammonia_fresh_431_TRUE","sample",0.036,12130
"sample_step_42_anzg_perfluorooctane_sulfonate_pfos_fresh_436_TRUE","sample",0.035,11838
"sample_step_42_anzg_nickel_marine_238_TRUE","sample",0.022,11202
"sample_step_42_anzg_ametryn_fresh_61_TRUE","sample",0.02,11430
"sample_step_42_anzg_iron_marine_107_TRUE","sample",0.032,11810
"sample_step_42_anzg_simazine_marine_224_TRUE","sample",0.034,11509
"sample_step_42_anzg_dioxins_fresh_240_TRUE","sample",0.023,12139
"sample_step_42_anzg_iron_fresh_342_TRUE","sample",0.02,12734
"sample_step_42_anzg_simazine_fresh_328_TRUE","sample",0.021,11417
"sample_step_42_1","sample",0.888,331507
"sample_step_42_2","sample",0.799,321718
"sample_step_42_3","sample",0.791,307984
"sample_step_42_4","sample",0.791,330499
"fit_step_42_1","fit",42.271,110423744
"fit_step_42_2","fit",42.267,110538951
"fit_step_42_3","fit",42.512,110288084
"fit_step_42_4","fit",42.465,110231839
"sample_step_42_5","sample",0.967,328988
"sample_step_42_6","sample",0.759,332087
"sample_step_42_7","sample",0.707,333202
"sample_step_42_8","sample",0.704,333979
"sample_step_42_9","sample",0.72,328995
"sample_step_42_230","sample",0.698,336935
"sample_step_42_231","sample",0.712,326008
"sample_step_42_232","sample",0.711,333239
"sample_step_42_233","sample",0.73,330834
"sample_step_42_234","sample",0.083,340038
"sample_step_42_235","sample",0.092,335928
"sample_step_42_236","sample",0.087,335588
"sample_step_42_237","sample",0.094,329071
"sample_step_42_238","sample",0.083,335100
"sample_step_42_239","sample",0.086,330774
"sample_step_42_240","sample",0.086,332247
"sample_step_42_241","sample",0.084,322586
"sample_step_42_242","sample",0.095,329416
"sample_step_42_243","sample",0.074,332940
"sample_step_42_247","sample",0.084,335913
"sample_step_42_248","sample",0.08,338451
"sample_step_42_249","sample",0.084,329071
"sample_step_42_210","sample",0.078,322765
"sample_step_42_211","sample",0.08,331743
"sample_step_42_212","sample",0.084,330429
"sample_step_42_213","sample",0.083,337628
"sample_step_42_244","sample",0.076,331995
"sample_step_42_245","sample",0.077,327497
"sample_step_42_246","sample",0.075,329741
"sample_step_42_214","sample",0.082,339164
"sample_step_42_215","sample",0.082,334274
"sample_step_42_216","sample",0.077,330929
"sample_step_42_217","sample",0.088,327791
"sample_step_42_218","sample",0.092,331548
"sample_step_42_219","sample",0.09,329206
"sample_step_42_220","sample",0.098,331430
"sample_step_42_221","sample",0.077,337166
"sample_step_42_222","sample",0.089,325905
"sample_step_42_223","sample",0.077,335542
"sample_step_42_224","sample",0.077,334982
"sample_step_42_225","sample",0.075,332168
"sample_step_42_226","sample",0.088,332520
"sample_step_42_227","sample",0.078,335547
"sample_step_42_228","sample",0.078,334154
"sample_step_42_229","sample",0.665,329940
"sample_step_42_200","sample",0.085,336450
"sample_step_42_201","sample",0.077,334892
"sample_step_42_202","sample",0.08,340740
"sample_step_42_206","sample",0.667,338176
"sample_step_42_207","sample",0.079,334215
"sample_step_42_208","sample",0.078,324771
"sample_step_42_209","sample",0.082,330929
"sample_step_42_500","sample",0.078,330228
"sample_step_42_290","sample",0.076,337199
"sample_step_42_291","sample",0.075,329190
"sample_step_42_292","sample",0.075,333622
"sample_step_42_293","sample",0.075,336665
"sample_step_42_203","sample",0.074,336117
"sample_step_42_204","sample",0.075,329028
"sample_step_42_205","sample",0.086,332288
"sample_step_42_297","sample",0.074,333677
"sample_step_42_298","sample",0.075,340568
"sample_step_42_299","sample",0.078,329234
"sample_step_42_270","sample",0.082,331393
"sample_step_42_271","sample",0.079,326995
"sample_step_42_272","sample",0.075,321305
"sample_step_42_273","sample",0.075,339007
"sample_step_42_274","sample",0.098,335224
"sample_step_42_275","sample",0.101,336366
"sample_step_42_276","sample",0.084,340765
"sample_step_42_277","sample",0.083,327707
"sample_step_42_278","sample",0.091,331040
"sample_step_42_279","sample",0.093,329725
"sample_step_42_280","sample",0.083,327603
"sample_step_42_281","sample",0.084,340129
"sample_step_42_282","sample",0.087,329912
"sample_step_42_294","sample",0.078,339603
"sample_step_42_295","sample",0.08,338132
"sample_step_42_296","sample",0.079,323618
"sample_step_42_286","sample",0.083,331455
"sample_step_42_287","sample",0.084,335273
"sample_step_42_288","sample",0.093,336807
"sample_step_42_289","sample",0.094,333302
"sample_step_42_250","sample",0.097,328448
"sample_step_42_251","sample",0.085,333321
"sample_step_42_252","sample",0.084,337657
"sample_step_42_253","sample",0.094,335289
"sample_step_42_254","sample",0.097,335690
"sample_step_42_255","sample",0.083,327788
"sample_step_42_256","sample",0.085,337196
"sample_step_42_257","sample",0.086,332790
"sample_step_42_258","sample",0.093,316223
"sample_step_42_259","sample",0.096,335528
"sample_step_42_260","sample",0.091,323100
"sample_step_42_261","sample",0.085,333625
"sample_step_42_262","sample",0.085,340122
"sample_step_42_283","sample",0.093,335991
"sample_step_42_284","sample",0.094,336940
"sample_step_42_285","sample",0.075,331078
"sample_step_42_265","sample",0.075,337778
"sample_step_42_266","sample",0.076,333607
"sample_step_42_267","sample",0.079,337509
"sample_step_42_268","sample",0.079,335481
"sample_step_42_269","sample",0.084,338182
"sample_step_42_130","sample",0.076,322244
"sample_step_42_131","sample",0.091,327486
"sample_step_42_132","sample",0.079,329920
"sample_step_42_133","sample",0.08,333386
"sample_step_42_134","sample",0.093,329262
"sample_step_42_135","sample",0.074,329022
"sample_step_42_136","sample",0.075,332794
"sample_step_42_137","sample",0.078,338327
"sample_step_42_138","sample",0.08,332403
"sample_step_42_139","sample",0.084,327100
"sample_step_42_140","sample",0.076,328401
"sample_step_42_141","sample",0.075,335061
"sample_step_42_263","sample",0.084,338827
"sample_step_42_264","sample",0.079,328702
"sample_step_42_145","sample",0.075,324589
"sample_step_42_146","sample",0.076,317460
"sample_step_42_147","sample",0.084,318725
"sample_step_42_148","sample",0.085,336707
"sample_step_42_149","sample",0.083,333727
"sample_step_42_110","sample",0.078,331231
"sample_step_42_111","sample",0.075,326426
"sample_step_42_112","sample",0.1,326366
"sample_step_42_113","sample",0.103,334701
"sample_step_42_114","sample",0.092,327179
"sample_step_42_115","sample",0.084,331893
"sample_step_42_116","sample",0.084,336071
"sample_step_42_117","sample",0.095,338092
"sample_step_42_118","sample",0.096,313062
"sample_step_42_119","sample",0.085,334161
"sample_step_42_120","sample",0.085,336508
"sample_step_42_121","sample",0.084,336124
"sample_step_42_142","sample",0.079,334251
"sample_step_42_143","sample",0.081,334043
"sample_step_42_144","sample",0.094,332667
"sample_step_42_124","sample",0.093,330781
"sample_step_42_125","sample",0.136,338458
"sample_step_42_126","sample",0.085,331352
"sample_step_42_127","sample",0.092,333046
"sample_step_42_128","sample",0.097,339676
"sample_step_42_129","sample",0.083,327154
"sample_step_42_100","sample",0.084,336493
"sample_step_42_101","sample",0.085,324290
"sample_step_42_102","sample",0.102,340690
"sample_step_42_103","sample",0.101,332345
"sample_step_42_104","sample",0.085,329183
"sample_step_42_105","sample",0.084,336357
"sample_step_42_106","sample",0.099,327252
"sample_step_42_107","sample",0.095,340763
"sample_step_42_108","sample",0.078,333631
"sample_step_42_109","sample",0.084,335399
"sample_step_42_190","sample",0.085,332181
"sample_step_42_122","sample",0.093,336943
"sample_step_42_123","sample",0.095,326755
"sample_step_42_191","sample",0.079,338490
"sample_step_42_194","sample",0.075,332912
"sample_step_42_195","sample",0.079,331053
"sample_step_42_196","sample",0.082,339554
"sample_step_42_197","sample",0.074,330125
"sample_step_42_198","sample",0.08,330415
"sample_step_42_450","sample",0.084,329675
"sample_step_42_199","sample",0.079,329271
"sample_step_42_451","sample",0.083,338449
"sample_step_42_452","sample",0.078,330773
"sample_step_42_453","sample",0.074,325825
"sample_step_42_454","sample",0.075,333517
"sample_step_42_455","sample",0.079,329253
"sample_step_42_456","sample",0.078,332816
"sample_step_42_457","sample",0.078,333308
"sample_step_42_458","sample",0.075,334393
"sample_step_42_459","sample",0.077,331363
"sample_step_42_460","sample",0.078,328786
"sample_step_42_192","sample",0.079,331289
"sample_step_42_193","sample",0.074,332494
"sample_step_42_464","sample",0.075,337351
"sample_step_42_465","sample",0.079,330153
"sample_step_42_466","sample",0.079,330624
"sample_step_42_467","sample",0.075,335464
"sample_step_42_170","sample",0.076,338077
"sample_step_42_468","sample",0.074,330399
"sample_step_42_171","sample",0.102,330746
"sample_step_42_469","sample",0.099,329544
"sample_step_42_172","sample",0.092,321103
"sample_step_42_173","sample",0.079,332041
"sample_step_42_174","sample",0.094,333119
"sample_step_42_175","sample",0.084,340017
"sample_step_42_176","sample",0.081,333075
"sample_step_42_177","sample",0.084,328939
"sample_step_42_178","sample",0.094,330003
"sample_step_42_470","sample",0.094,340291
"sample_step_42_461","sample",0.081,329386
"sample_step_42_462","sample",0.078,332544
"sample_step_42_463","sample",0.075,334003
"sample_step_42_473","sample",0.101,332867
"sample_step_42_474","sample",0.121,327289
"sample_step_42_475","sample",0.075,336996
"sample_step_42_476","sample",0.086,332312
"sample_step_42_477","sample",0.084,332244
"sample_step_42_180","sample",0.093,337880
"sample_step_42_478","sample",0.097,323714
"sample_step_42_181","sample",0.079,333915
"sample_step_42_479","sample",0.084,329876
"sample_step_42_182","sample",0.084,334839
"sample_step_42_183","sample",0.094,335844
"sample_step_42_184","sample",0.095,329808
"sample_step_42_185","sample",0.093,334996
"sample_step_42_186","sample",0.084,331981
"sample_step_42_187","sample",0.088,338883
"sample_step_42_188","sample",0.084,337973
"sample_step_42_179","sample",0.079,332916
"sample_step_42_471","sample",0.084,334602
"sample_step_42_472","sample",0.086,329389
"sample_step_42_482","sample",0.078,337159
"sample_step_42_483","sample",0.084,338076
"sample_step_42_484","sample",0.084,338891
"sample_step_42_485","sample",0.075,339168
"sample_step_42_486","sample",0.08,328978
"sample_step_42_487","sample",0.078,326437
"sample_step_42_150","sample",0.075,332746
"sample_step_42_488","sample",0.098,334914
"sample_step_42_151","sample",0.075,334365
"sample_step_42_489","sample",0.078,330253
"sample_step_42_152","sample",0.079,323126
"sample_step_42_153","sample",0.085,333125
"sample_step_42_154","sample",0.075,340775
"sample_step_42_155","sample",0.075,336897
"sample_step_42_156","sample",0.079,323433
"sample_step_42_157","sample",0.079,322947
"sample_step_42_480","sample",0.093,327146
"sample_step_42_189","sample",0.082,331098
"sample_step_42_481","sample",0.099,338148
"sample_step_42_491","sample",0.079,329604
"sample_step_42_492","sample",0.078,339718
"sample_step_42_493","sample",0.084,336514
"sample_step_42_494","sample",0.075,331557
"sample_step_42_495","sample",0.079,323674
"sample_step_42_496","sample",0.078,330153
"sample_step_42_20","sample",0.1,335468
"sample_step_42_497","sample",0.093,333955
"sample_step_42_21","sample",0.085,340717
"sample_step_42_160","sample",0.074,321508
"sample_step_42_498","sample",0.103,337118
"sample_step_42_22","sample",0.079,328992
"sample_step_42_161","sample",0.084,329832
"sample_step_42_499","sample",0.12,328987
"sample_step_42_23","sample",0.094,340271
"sample_step_42_162","sample",0.074,339109
"sample_step_42_158","sample",0.112,338683
"sample_step_42_24","sample",0.102,331882
"sample_step_42_490","sample",0.075,336820
"sample_step_42_159","sample",0.074,335495
"sample_step_42_164","sample",0.099,339656
"sample_step_42_26","sample",0.085,318199
"sample_step_42_165","sample",0.085,337227
"sample_step_42_27","sample",0.084,337094
"sample_step_42_166","sample",0.102,321913
"sample_step_42_28","sample",0.094,340121
"sample_step_42_167","sample",0.084,333729
"sample_step_42_29","sample",0.094,334412
"sample_step_42_168","sample",0.086,333265
"sample_step_42_169","sample",0.094,328086
"sample_step_42_10","sample",0.095,335684
"sample_step_42_11","sample",0.085,325383
"sample_step_42_430","sample",0.085,330370
"sample_step_42_12","sample",0.085,335591
"sample_step_42_431","sample",0.094,332053
"sample_step_42_13","sample",0.078,330831
"sample_step_42_432","sample",0.078,315751
"sample_step_42_14","sample",0.084,329700
"sample_step_42_163","sample",0.085,336455
"sample_step_42_25","sample",0.101,338978
"sample_step_42_434","sample",0.096,338207
"sample_step_42_16","sample",0.074,338064
"sample_step_42_435","sample",0.075,335596
"sample_step_42_17","sample",0.086,335042
"sample_step_42_436","sample",0.079,336209
"sample_step_42_18","sample",0.097,329868
"sample_step_42_437","sample",0.08,324657
"sample_step_42_19","sample",0.074,332659
"sample_step_42_438","sample",0.084,336511
"sample_step_42_439","sample",0.079,332682
"sample_step_42_40","sample",0.079,338695
"sample_step_42_41","sample",0.075,332630
"sample_step_42_440","sample",0.075,333143
"sample_step_42_42","sample",0.075,336073
"sample_step_42_441","sample",0.078,335206
"sample_step_42_43","sample",0.08,339236
"sample_step_42_442","sample",0.075,338212
"sample_step_42_44","sample",0.084,327470
"sample_step_42_433","sample",0.086,320447
"sample_step_42_15","sample",0.081,332253
"sample_step_42_444","sample",0.075,332465
"sample_step_42_46","sample",0.08,318454
"sample_step_42_445","sample",0.099,327672
"sample_step_42_47","sample",0.074,335011
"sample_step_42_446","sample",0.085,337196
"sample_step_42_48","sample",0.075,338529
"sample_step_42_447","sample",0.094,320193
"sample_step_42_49","sample",0.081,329743
"sample_step_42_448","sample",0.078,327229
"sample_step_42_449","sample",0.084,336508
"sample_step_42_30","sample",0.074,327845
"sample_step_42_31","sample",0.093,335208
"sample_step_42_410","sample",0.08,338791
"sample_step_42_32","sample",0.083,337442
"sample_step_42_411","sample",0.084,334753
"sample_step_42_33","sample",0.075,336202
"sample_step_42_412","sample",0.095,336355
"sample_step_42_443","sample",0.079,337316
"sample_step_42_45","sample",0.075,335679
"sample_step_42_414","sample",0.075,328994
"sample_step_42_36","sample",0.094,337584
"sample_step_42_415","sample",0.102,332405
"sample_step_42_37","sample",0.076,336879
"sample_step_42_416","sample",0.084,332512
"sample_step_42_38","sample",0.085,334857
"sample_step_42_417","sample",0.095,332613
"sample_step_42_39","sample",0.099,331971
"sample_step_42_418","sample",0.079,332362
"sample_step_42_419","sample",0.084,337854
"sample_step_42_60","sample",0.084,334845
"sample_step_42_61","sample",0.084,327723
"sample_step_42_420","sample",0.094,335893
"sample_step_42_62","sample",0.074,338854
"sample_step_42_421","sample",0.077,336210
"sample_step_42_63","sample",0.08,339595
"sample_step_42_422","sample",0.083,336373
"sample_step_42_34","sample",0.081,334155
"sample_step_42_413","sample",0.079,325983
"sample_step_42_35","sample",0.084,324124
"sample_step_42_65","sample",0.095,339177
"sample_step_42_424","sample",0.078,327846
"sample_step_42_66","sample",0.085,333170
"sample_step_42_425","sample",0.074,330898
"sample_step_42_67","sample",0.084,331126
"sample_step_42_426","sample",0.079,333410
"sample_step_42_68","sample",0.096,339725
"sample_step_42_427","sample",0.093,339793
"sample_step_42_69","sample",0.075,326721
"sample_step_42_428","sample",0.084,336980
"sample_step_42_429","sample",0.08,324078
"sample_step_42_50","sample",0.093,319848
"sample_step_42_51","sample",0.074,339998
"sample_step_42_52","sample",0.085,327752
"sample_step_42_53","sample",0.079,317511
"sample_step_42_54","sample",0.083,329397
"sample_step_42_55","sample",0.097,339531
"sample_step_42_56","sample",0.08,332468
"sample_step_42_64","sample",0.1,337569
"sample_step_42_423","sample",0.075,331268
"sample_step_42_59","sample",0.075,329881
"sample_step_42_80","sample",0.085,335992
"sample_step_42_81","sample",0.078,333617
"sample_step_42_82","sample",0.097,330829
"sample_step_42_400","sample",0.084,336614
"sample_step_42_83","sample",0.075,335460
"sample_step_42_401","sample",0.085,329238
"sample_step_42_84","sample",0.079,334644
"sample_step_42_402","sample",0.094,326069
"sample_step_42_85","sample",0.094,335100
"sample_step_42_403","sample",0.085,332168
"sample_step_42_86","sample",0.076,335112
"sample_step_42_404","sample",0.099,331935
"sample_step_42_87","sample",0.081,332796
"sample_step_42_405","sample",0.085,333266
"sample_step_42_88","sample",0.085,339281
"sample_step_42_406","sample",0.075,335800
"sample_step_42_57","sample",0.08,323318
"sample_step_42_58","sample",0.101,327855
"sample_step_42_409","sample",0.084,340255
"sample_step_42_70","sample",0.074,334456
"sample_step_42_71","sample",0.189,324737
"sample_step_42_72","sample",0.081,329412
"sample_step_42_73","sample",0.085,327589
"sample_step_42_74","sample",0.084,338428
"sample_step_42_75","sample",0.075,312928
"sample_step_42_76","sample",0.079,337977
"sample_step_42_77","sample",0.1,339437
"sample_step_42_78","sample",0.075,329860
"sample_step_42_79","sample",0.085,327734
"sample_step_42_90","sample",0.079,322789
"sample_step_42_91","sample",0.102,334574
"sample_step_42_92","sample",0.094,334144
"sample_step_42_93","sample",0.074,327528
"sample_step_42_94","sample",0.084,335838
"sample_step_42_89","sample",0.096,331487
"sample_step_42_407","sample",0.081,331224
"sample_step_42_408","sample",0.093,331715
"sample_step_42_98","sample",0.077,334325
"sample_step_42_99","sample",0.085,324401
"sample_step_42_350","sample",0.078,335212
"sample_step_42_351","sample",0.097,325766
"sample_step_42_352","sample",0.075,337117
"sample_step_42_353","sample",0.078,332242
"sample_step_42_354","sample",0.086,332189
"sample_step_42_355","sample",0.084,335240
"sample_step_42_356","sample",0.075,337978
"sample_step_42_357","sample",0.094,320528
"sample_step_42_358","sample",0.078,330388
"sample_step_42_359","sample",0.075,330692
"sample_step_42_360","sample",0.075,336972
"sample_step_42_361","sample",0.085,335250
"sample_step_42_362","sample",0.101,334979
"sample_step_42_363","sample",0.095,325235
"sample_step_42_95","sample",0.079,332982
"sample_step_42_364","sample",0.085,330459
"sample_step_42_96","sample",0.094,332256
"sample_step_42_97","sample",0.085,334881
"sample_step_42_367","sample",0.084,333516
"sample_step_42_368","sample",0.075,337429
"sample_step_42_369","sample",0.084,338509
"sample_step_42_370","sample",0.08,326865
"sample_step_42_371","sample",0.095,330220
"sample_step_42_372","sample",0.074,339779
"sample_step_42_373","sample",0.079,333427
"sample_step_42_374","sample",0.084,337729
"sample_step_42_375","sample",0.079,334927
"sample_step_42_376","sample",0.096,329450
"sample_step_42_377","sample",0.075,329154
"sample_step_42_378","sample",0.075,330698
"sample_step_42_379","sample",0.085,333238
"sample_step_42_380","sample",0.079,329379
"sample_step_42_381","sample",0.095,317033
"sample_step_42_382","sample",0.082,333036
"sample_step_42_383","sample",0.075,331886
"sample_step_42_384","sample",0.085,336191
"sample_step_42_365","sample",0.079,323683
"sample_step_42_366","sample",0.095,332670
"sample_step_42_387","sample",0.076,329977
"sample_step_42_388","sample",0.075,329887
"sample_step_42_389","sample",0.085,325636
"sample_step_42_390","sample",0.08,323334
"sample_step_42_391","sample",0.079,336548
"sample_step_42_392","sample",0.079,333099
"sample_step_42_393","sample",0.075,337555
"sample_step_42_394","sample",0.075,335565
"sample_step_42_395","sample",0.079,327860
"sample_step_42_396","sample",0.08,325897
"sample_step_42_397","sample",0.075,333098
"sample_step_42_398","sample",0.079,317530
"sample_step_42_399","sample",0.085,335613
"sample_step_42_330","sample",0.075,335837
"sample_step_42_331","sample",0.079,320141
"sample_step_42_332","sample",0.077,334255
"sample_step_42_333","sample",0.101,339886
"sample_step_42_385","sample",0.079,332803
"sample_step_42_386","sample",0.094,337623
"sample_step_42_337","sample",0.075,338839
"sample_step_42_338","sample",0.095,332569
"sample_step_42_339","sample",0.078,334355
"sample_step_42_340","sample",0.102,333260
"sample_step_42_341","sample",0.085,335919
"sample_step_42_342","sample",0.075,333181
"sample_step_42_343","sample",0.095,328712
"sample_step_42_344","sample",0.078,336658
"sample_step_42_345","sample",0.085,331198
"sample_step_42_346","sample",0.076,331080
"sample_step_42_347","sample",0.086,325701
"sample_step_42_348","sample",0.101,334883
"sample_step_42_349","sample",0.094,325213
"sample_step_42_310","sample",0.084,328979
"sample_step_42_311","sample",0.103,339580
"sample_step_42_312","sample",0.094,330939
"sample_step_42_313","sample",0.085,339411
"sample_step_42_334","sample",0.079,329197
"sample_step_42_335","sample",0.084,335855
"sample_step_42_336","sample",0.075,315223
"sample_step_42_316","sample",0.093,340772
"sample_step_42_317","sample",0.094,334398
"sample_step_42_318","sample",0.099,324965
"sample_step_42_319","sample",0.085,330736
"sample_step_42_320","sample",0.085,331794
"sample_step_42_321","sample",0.095,327669
"sample_step_42_322","sample",0.097,330012
"sample_step_42_323","sample",0.084,330618
"sample_step_42_324","sample",0.085,338252
"sample_step_42_325","sample",0.085,338170
"sample_step_42_326","sample",0.079,332892
"sample_step_42_327","sample",0.094,330938
"sample_step_42_328","sample",0.076,339592
"sample_step_42_329","sample",0.093,338701
"sample_step_42_300","sample",0.085,335475
"sample_step_42_301","sample",0.079,324823
"sample_step_42_302","sample",0.092,331598
"sample_step_42_303","sample",0.075,336492
"sample_step_42_314","sample",0.084,325904
"sample_step_42_315","sample",0.084,334952
"sample_step_42_306","sample",0.079,328085
"sample_step_42_307","sample",0.079,330868
"sample_step_42_308","sample",0.095,337265
"sample_step_42_309","sample",0.074,326464
"sample_step_42_304","sample",0.085,337478
"sample_step_42_305","sample",0.086,336229
"fit_step_42_5","fit",43.805,110417754
"fit_step_42_6","fit",42.126,110354316
"fit_step_42_7","fit",44.091,110279275
"fit_step_42_8","fit",44.192,110614705
"fit_step_42_9","fit",44.829,110680445
"fit_step_42_230","fit",44.195,110536733
"fit_step_42_231","fit",43.789,110541221
"fit_step_42_235","fit",40.054,110424657
"fit_step_42_232","fit",43.915,110540368
"fit_step_42_233","fit",45.064,110534284
"fit_step_42_234","fit",42.2,110670481
"fit_step_42_237","fit",42.626,110671480
"fit_step_42_236","fit",42.095,110419553
"fit_step_42_238","fit",42.537,110352837
"fit_step_42_240","fit",43.453,110338555
"fit_step_42_241","fit",42.605,110602667
"fit_step_42_239","fit",44.578,110420541
"fit_step_42_242","fit",43.032,110677304
"fit_step_42_248","fit",42.562,110672506
"fit_step_42_243","fit",43.056,110730712
"fit_step_42_247","fit",43.568,110482436
"fit_step_42_249","fit",40.633,110668519
"fit_step_42_213","fit",40.991,110495621
"fit_step_42_246","fit",42.696,110548083
"fit_step_42_210","fit",43.169,110351428
"fit_step_42_211","fit",43.406,110479435
"fit_step_42_212","fit",43.006,110354741
"fit_step_42_244","fit",43.109,110417624
"fit_step_42_245","fit",43.17,110608072
"fit_step_42_214","fit",43.424,110543016
"fit_step_42_215","fit",46.662,110161990
"fit_step_42_226","fit",42.879,110491717
"fit_step_42_227","fit",42.472,110472861
"fit_step_42_216","fit",56.573,110548571
"fit_step_42_217","fit",55.746,110673588
"fit_step_42_222","fit",51.547,110345089
"fit_step_42_218","fit",56.982,110541212
"fit_step_42_224","fit",51.085,110474378
"fit_step_42_219","fit",61.05,110279620
"fit_step_42_220","fit",60.67,110553070
"fit_step_42_223","fit",59.698,110154347
"fit_step_42_221","fit",61.434,110226600
"fit_step_42_225","fit",61.931,110412915
"fit_step_42_276","fit",48.314,110668775
"fit_step_42_203","fit",49.447,110468975
"fit_step_42_279","fit",48.071,110359502
"fit_step_42_280","fit",48.82,110546488
"fit_step_42_281","fit",49.088,110673588
"fit_step_42_277","fit",49.746,110355741
"fit_step_42_278","fit",50.988,110283178
"fit_step_42_282","fit",50.706,110407552
"fit_step_42_294","fit",48.012,110354271
"fit_step_42_274","fit",51.021,110422159
"fit_step_42_295","fit",48.836,110606344
"fit_step_42_291","fit",50.244,110210944
"fit_step_42_293","fit",51.842,110482789
"fit_step_42_297","fit",51.34,110218067
"fit_step_42_298","fit",51.354,110283668
"fit_step_42_299","fit",51.56,110542902
"fit_step_42_273","fit",52.316,110414910
"fit_step_42_228","fit",51.7,110224326
"fit_step_42_229","fit",51.909,110678148
"fit_step_42_201","fit",48.767,110024545
"fit_step_42_202","fit",52.196,110470023
"fit_step_42_208","fit",51.756,109898952
"fit_step_42_209","fit",47.939,110349197
"fit_step_42_500","fit",51.222,110604138
"fit_step_42_205","fit",50.907,110229359
"fit_step_42_296","fit",51.93,110546094
"fit_step_42_286","fit",50.978,110418586
"fit_step_42_287","fit",52.352,110346885
"fit_step_42_290","fit",53.209,110290862
"fit_step_42_271","fit",52.745,110471967
"fit_step_42_272","fit",53.471,110482612
"fit_step_42_270","fit",52.626,110488744
"fit_step_42_275","fit",54.122,110485761
"fit_step_42_200","fit",53.38,110479350
"fit_step_42_206","fit",52.934,110540735
"fit_step_42_207","fit",53.205,110426136
"fit_step_42_292","fit",53.111,110608307
"fit_step_42_204","fit",52.553,110336636
"hc_step_42_270","hc",6068.742,76657
"fit_step_42_288","fit",48.478,110555382
"hc_step_42_214","hc",6280.718,76653
"fit_step_42_289","fit",47.66,110153521
"hc_step_42_278","hc",7140.215,76723
"fit_step_42_250","fit",47.734,110159658
"hc_step_42_277","hc",7323.86,76659
"fit_step_42_251","fit",49.334,110665279
"hc_step_42_227","hc",7471.657,76642
"hc_step_42_295","hc",7491.244,76702
"hc_step_42_294","hc",7523.349,76708
"fit_step_42_254","fit",48.19,110543472
"fit_step_42_252","fit",123.321,110279826
"fit_step_42_253","fit",47.89,110478257
"hc_step_42_212","hc",5985.23,76666
"hc_step_42_274","hc",5996.925,76541
"fit_step_42_255","fit",48.608,110408697
"fit_step_42_256","fit",47.939,110478729
"hc_step_42_287","hc",6139.02,76625
"hc_step_42_200","hc",5985.052,76617
"fit_step_42_257","fit",170.674,109831819
"fit_step_42_258","fit",47.871,110476591
"hc_step_42_217","hc",6125.116,76615
"fit_step_42_259","fit",47.253,110605674
"hc_step_42_282","hc",6023.31,76671
"fit_step_42_260","fit",47.746,110600913
"hc_step_42_251","hc",5977.557,76705
"fit_step_42_284","fit",41.83,110483213
"fit_step_42_263","fit",41.83,110477839
"fit_step_42_261","fit",43.62,110479911
"fit_step_42_262","fit",43.213,110420832
"fit_step_42_283","fit",44.283,110168524
"fit_step_42_285","fit",44.37,110293091
"fit_step_42_264","fit",40.239,110222213
"fit_step_42_266","fit",40.498,110358179
"fit_step_42_265","fit",42.23,110289247
"fit_step_42_119","fit",38.281,110160182
"fit_step_42_118","fit",38.723,110415934
"fit_step_42_120","fit",40.394,110611137
"fit_step_42_121","fit",40.835,110156445
"fit_step_42_123","fit",40.766,110542525
"fit_step_42_122","fit",41.562,110608658
"fit_step_42_268","fit",48.058,110543360
"fit_step_42_267","fit",48.587,110415096
"fit_step_42_132","fit",48.693,110543342
"fit_step_42_110","fit",48.36,110484681
"fit_step_42_111","fit",49.01,110404508
"fit_step_42_269","fit",49.723,110095593
"fit_step_42_130","fit",51.773,110413577
"fit_step_42_131","fit",52.36,110605815
"fit_step_42_133","fit",51.839,110670990
"fit_step_42_134","fit",50.07,110222318
"fit_step_42_135","fit",50.888,110481080
"fit_step_42_136","fit",52.085,110415401
"fit_step_42_137","fit",51.804,110152967
"fit_step_42_138","fit",49.721,110481904
"fit_step_42_139","fit",51.047,110605115
"fit_step_42_141","fit",49.573,110351368
"fit_step_42_142","fit",52.023,110090663
"fit_step_42_143","fit",51.395,110470487
"fit_step_42_144","fit",51.225,110281444
"fit_step_42_145","fit",49.66,110544959
"fit_step_42_146","fit",50.338,110285209
"fit_step_42_147","fit",49.59,110729545
"fit_step_42_148","fit",50.635,110164174
"fit_step_42_149","fit",49.488,110608564
"fit_step_42_112","fit",52.43,110224593
"fit_step_42_113","fit",50.277,110282971
"fit_step_42_114","fit",50.057,110409191
"fit_step_42_115","fit",50.346,110619084
"fit_step_42_116","fit",49.229,110480680
"fit_step_42_117","fit",50.719,110602891
"fit_step_42_140","fit",52.745,110539897
"fit_step_42_124","fit",48.482,110339663
"fit_step_42_125","fit",44.341,110546468
"fit_step_42_126","fit",44.814,110086544
"fit_step_42_127","fit",44.685,110339025
"fit_step_42_128","fit",49.628,110346375
"fit_step_42_129","fit",48.148,110416768
"fit_step_42_100","fit",49.475,110472949
"fit_step_42_101","fit",48.58,110152608
"fit_step_42_102","fit",49.818,110484722
"fit_step_42_103","fit",50.737,110352793
"fit_step_42_104","fit",48.786,110675487
"fit_step_42_105","fit",50.071,110347106
"fit_step_42_106","fit",51.202,110279227
"fit_step_42_107","fit",48.659,110476641
"hc_step_42_118","hc",4830.436,76536
"hc_step_42_266","hc",4878.055,76640
"hc_step_42_119","hc",4859.695,76601
"hc_step_42_264","hc",4941.941,76671
"fit_step_42_108","fit",100.765,110612091
"fit_step_42_109","fit",107.756,110607780
"fit_step_42_190","fit",111.115,110474013
"fit_step_42_191","fit",103.045,110288802
"hc_step_42_265","hc",5075.837,76637
"fit_step_42_192","fit",114.102,110612588
"hc_step_42_111","hc",5910.714,76549
"hc_step_42_131","hc",5938.503,76624
"hc_step_42_143","hc",5979.695,76624
"hc_step_42_110","hc",6009.462,76635
"fit_step_42_193","fit",47.265,110487653
"hc_step_42_104","hc",6054.867,76602
"hc_step_42_138","hc",6094.012,76705
"fit_step_42_194","fit",47.758,110349605
"fit_step_42_195","fit",122.789,110353778
"hc_step_42_132","hc",6122.159,76626
"fit_step_42_196","fit",161.244,110679448
"fit_step_42_197","fit",47.448,110416602
"hc_step_42_145","hc",6239.891,76634
"fit_step_42_198","fit",152.875,110540441
"fit_step_42_450","fit",48.498,110409111
"fit_step_42_199","fit",47.662,110345122
"hc_step_42_123","hc",6534.503,76633
"hc_step_42_121","hc",6554.659,76741
"hc_step_42_120","hc",6574.261,76556
"hc_step_42_122","hc",6595.057,76678
"fit_step_42_451","fit",111.593,110349087
"fit_step_42_453","fit",102.918,110471445
"fit_step_42_452","fit",129.199,110675025
"fit_step_42_454","fit",135.354,110545554
"hc_step_42_107","hc",6043.802,76573
"fit_step_42_455","fit",47.217,110489768
"hc_step_42_263","hc",6072.057,76654
"fit_step_42_456","fit",47.533,110284627
"hc_step_42_112","hc",5934.445,76570
"fit_step_42_457","fit",48.363,110599347
"hc_step_42_109","hc",5219.498,76587
"fit_step_42_458","fit",117.591,110474192
"hc_step_42_113","hc",5999.061,76669
"hc_step_42_142","hc",6019.356,76624
"fit_step_42_460","fit",45.896,110474064
"fit_step_42_459","fit",120.315,110474141
"hc_step_42_190","hc",6225.571,76711
"fit_step_42_461","fit",100.891,110288926
"hc_step_42_192","hc",6324.948,76710
"fit_step_42_462","fit",93.487,110155035
"hc_step_42_108","hc",6727.557,76583
"fit_step_42_463","fit",99.495,110091564
"hc_step_42_262","hc",6001.368,76565
"fit_step_42_464","fit",48.105,110276433
"hc_step_42_105","hc",5901.653,76612
"fit_step_42_465","fit",47.016,110540710
"hc_step_42_284","hc",6079.254,76597
"fit_step_42_466","fit",47.908,110548077
"hc_step_42_453","hc",6786.374,76699
"fit_step_42_467","fit",47.488,110408463
"hc_step_42_137","hc",5631.079,76595
"hc_step_42_451","hc",6929.677,76588
"hc_step_42_198","hc",7353.553,76743
"hc_step_42_126","hc",4976.647,76669
"fit_step_42_170","fit",46.41,110226236
"fit_step_42_468","fit",142.669,110596363
"fit_step_42_171","fit",47.929,110348463
"fit_step_42_469","fit",43.555,110482230
"hc_step_42_455","hc",5769.76,76650
"fit_step_42_172","fit",46.627,110477506
"hc_step_42_452","hc",8500.093,76663
"fit_step_42_173","fit",114.942,110537167
"hc_step_42_454","hc",8569.486,76584
"fit_step_42_174","fit",47.81,110351787
"hc_step_42_195","hc",9572.016,76683
"hc_step_42_458","hc",5476.238,76558
"fit_step_42_176","fit",47.363,110021635
"fit_step_42_175","fit",46.903,110408785
"fit_step_42_178","fit",40.276,110351443
"fit_step_42_177","fit",40.721,110473683
"fit_step_42_470","fit",37.33,110547816
"fit_step_42_156","fit",38.091,110609248
"fit_step_42_155","fit",38.437,110541329
"fit_step_42_472","fit",41.579,110409928
"fit_step_42_179","fit",41.935,110229756
"fit_step_42_471","fit",42.063,110542922
"fit_step_42_473","fit",41.724,110543063
"fit_step_42_475","fit",47.064,110545493
"fit_step_42_477","fit",47.407,110681839
"fit_step_42_478","fit",47.076,110609895
"fit_step_42_151","fit",47.112,110478374
"fit_step_42_489","fit",47.456,109959497
"fit_step_42_474","fit",49.698,110157691
"fit_step_42_476","fit",49.288,110483444
"fit_step_42_180","fit",49.017,110427325
"fit_step_42_181","fit",47.81,110543254
"fit_step_42_479","fit",49.658,110553310
"fit_step_42_182","fit",49.691,110673535
"fit_step_42_183","fit",49.389,110544066
"fit_step_42_184","fit",48.075,110221799
"fit_step_42_185","fit",48.628,110488815
"fit_step_42_186","fit",47.517,110539479
"fit_step_42_187","fit",50.157,110481302
"fit_step_42_188","fit",49.558,110410334
"fit_step_42_480","fit",48.381,110486873
"fit_step_42_189","fit",48.846,110415007
"fit_step_42_481","fit",49.663,110350151
"fit_step_42_482","fit",50.008,110223878
"fit_step_42_483","fit",49.992,110348687
"fit_step_42_484","fit",49.749,110480329
"fit_step_42_485","fit",47.789,110536198
"fit_step_42_486","fit",49.963,110679621
"fit_step_42_487","fit",49.446,110549465
"fit_step_42_150","fit",47.892,109971848
"fit_step_42_488","fit",49.667,110475448
"fit_step_42_152","fit",48.372,109973614
"fit_step_42_153","fit",48.055,110217864
"fit_step_42_154","fit",49.255,110669076
"fit_step_42_157","fit",41.994,110298823
"fit_step_42_158","fit",44.602,110219935
"fit_step_42_490","fit",45.02,110481638
"fit_step_42_159","fit",47.162,110153570
"fit_step_42_491","fit",47.516,110229882
"fit_step_42_492","fit",44.954,110541197
"fit_step_42_493","fit",45.131,110535930
"fit_step_42_494","fit",45.239,110419773
"fit_step_42_495","fit",48.139,110223726
"fit_step_42_496","fit",49.302,110606602
"fit_step_42_20","fit",48.515,110601298
"fit_step_42_497","fit",49.592,110412289
"fit_step_42_21","fit",49.712,110612472
"fit_step_42_160","fit",49.572,110673837
"fit_step_42_498","fit",49.89,110593872
"fit_step_42_22","fit",48.298,110672502
"fit_step_42_161","fit",51.061,110670241
"fit_step_42_499","fit",48.623,110284271
"fit_step_42_23","fit",50.153,110283192
"fit_step_42_162","fit",51.19,110425681
"hc_step_42_470","hc",2484.805,76385
"fit_step_42_24","fit",84.555,110282566
"hc_step_42_156","hc",4692.21,76666
"hc_step_42_155","hc",4762.986,76640
"fit_step_42_163","fit",50.07,110539446
"fit_step_42_25","fit",47.713,110599778
"hc_step_42_179","hc",5650.255,76727
"hc_step_42_471","hc",5692.875,76642
"hc_step_42_472","hc",5724.734,76583
"hc_step_42_473","hc",5744.494,76690
"hc_step_42_491","hc",5734.76,76742
"hc_step_42_20","hc",5783.237,76396
"hc_step_42_24","hc",3276.957,76325
"fit_step_42_164","fit",147.672,110535694
"fit_step_42_26","fit",150.383,110285528
"fit_step_42_166","fit",57.273,110607478
"fit_step_42_27","fit",115.324,110544840
"fit_step_42_165","fit",140.308,110608377
"fit_step_42_28","fit",46.969,110662380
"fit_step_42_167","fit",140.83,110608091
"hc_step_42_483","hc",5963.731,76585
"hc_step_42_158","hc",5961.112,76675
"hc_step_42_160","hc",5975.31,76691
"hc_step_42_477","hc",6057.195,76642
"hc_step_42_180","hc",6092.632,76662
"fit_step_42_10","fit",49.29,110676775
"fit_step_42_11","fit",46.51,110278825
"hc_step_42_23","hc",6140.726,76476
"hc_step_42_182","hc",6175.445,76579
"fit_step_42_168","fit",61.974,110415321
"fit_step_42_29","fit",70.659,110279926
"fit_step_42_12","fit",55.846,110609325
"fit_step_42_430","fit",57.513,110096855
"fit_step_42_169","fit",57.53,110547548
"hc_step_42_474","hc",6324.458,76621
"hc_step_42_152","hc",6387.048,76662
"hc_step_42_153","hc",6489.672,76616
"hc_step_42_185","hc",6537.003,76698
"fit_step_42_13","fit",167.139,110739836
"fit_step_42_431","fit",59.416,110285962
"fit_step_42_14","fit",59.118,110407777
"fit_step_42_432","fit",175.781,110608585
"hc_step_42_187","hc",4805.337,76578
"fit_step_42_433","fit",47.5,110483785
"hc_step_42_12","hc",2483.714,76268
"fit_step_42_15","fit",77.562,110419057
"hc_step_42_186","hc",6115.776,76582
"hc_step_42_490","hc",4170.559,76633
"fit_step_42_434","fit",139.066,110608054
"fit_step_42_16","fit",54.895,110347246
"hc_step_42_159","hc",6316.637,76655
"fit_step_42_435","fit",48.145,110665698
"hc_step_42_496","hc",6423.713,76650
"fit_step_42_17","fit",71.061,110415111
"hc_step_42_188","hc",6659.021,76679
"fit_step_42_436","fit",39.544,110548142
"hc_step_42_15","hc",2969.429,76354
"fit_step_42_18","fit",106.174,110484132
"hc_step_42_28","hc",6171.335,76498
"hc_step_42_164","hc",6341.342,76660
"fit_step_42_437","fit",121.775,110416533
"fit_step_42_19","fit",126.055,110290751
"hc_step_42_14","hc",5893.693,76473
"fit_step_42_438","fit",47.868,110093324
"hc_step_42_27","hc",6863.857,76536
"fit_step_42_439","fit",125.586,110536419
"hc_step_42_22","hc",7347.246,76428
"fit_step_42_40","fit",141.915,110481403
"fit_step_42_41","fit",43.312,110619705
"fit_step_42_440","fit",45.511,110346736
"fit_step_42_441","fit",45.976,110157926
"fit_step_42_45","fit",45.68,110411866
"fit_step_42_46","fit",46.281,110404519
"fit_step_42_446","fit",45.937,110476927
"fit_step_42_49","fit",46.05,110284070
"fit_step_42_42","fit",46.487,110480424
"fit_step_42_43","fit",46.587,110412553
"fit_step_42_442","fit",46.579,110022620
"fit_step_42_44","fit",47.734,110538943
"fit_step_42_443","fit",47.681,110485657
"fit_step_42_444","fit",47.226,110543325
"fit_step_42_445","fit",47.675,110542184
"fit_step_42_47","fit",47.558,110409302
"fit_step_42_48","fit",47.175,110476799
"fit_step_42_447","fit",47.207,110478234
"fit_step_42_448","fit",48.023,110605494
"fit_step_42_34","fit",44.226,110412658
"fit_step_42_36","fit",43.997,110025741
"fit_step_42_37","fit",43.796,110086703
"fit_step_42_449","fit",46.923,110612703
"fit_step_42_30","fit",46.423,110478659
"fit_step_42_410","fit",46.839,110410839
"fit_step_42_412","fit",46.289,110409584
"fit_step_42_413","fit",44.426,110356126
"fit_step_42_31","fit",47.181,110664927
"fit_step_42_32","fit",46.936,110273261
"fit_step_42_411","fit",48.155,110540375
"fit_step_42_33","fit",47.37,110613051
"fit_step_42_35","fit",46.617,110277825
"fit_step_42_414","fit",47.056,110543788
"fit_step_42_415","fit",48.82,110093671
"fit_step_42_416","fit",47.424,110337203
"fit_step_42_38","fit",47.952,110156669
"fit_step_42_417","fit",48.471,110278491
"fit_step_42_39","fit",47.31,110544098
"fit_step_42_418","fit",47.131,110666092
"fit_step_42_419","fit",49.073,110415738
"fit_step_42_60","fit",48.758,110414356
"fit_step_42_61","fit",48.19,110410877
"fit_step_42_420","fit",49.548,110672361
"fit_step_42_62","fit",48.58,110408375
"fit_step_42_421","fit",46.902,110607638
"fit_step_42_63","fit",48.27,110611496
"fit_step_42_422","fit",48.535,110476049
"fit_step_42_64","fit",47.574,110673694
"fit_step_42_423","fit",47.521,110420958
"fit_step_42_65","fit",48.678,110597670
"fit_step_42_424","fit",47.808,110606658
"fit_step_42_66","fit",48.693,110531786
"fit_step_42_425","fit",50.981,110222347
"fit_step_42_67","fit",42.384,110350231
"fit_step_42_426","fit",42.735,110551409
"fit_step_42_68","fit",43.251,110613449
"fit_step_42_427","fit",42.79,110485804
"fit_step_42_69","fit",43.866,110534864
"fit_step_42_428","fit",43.419,110491282
"fit_step_42_429","fit",43.688,110409387
"fit_step_42_50","fit",43.385,110341248
"hc_step_42_449","hc",5862.894,76621
"hc_step_42_35","hc",5867.165,76437
"hc_step_42_413","hc",5880.849,76619
"hc_step_42_34","hc",5902.077,76467
"hc_step_42_31","hc",5896.548,76520
"hc_step_42_67","hc",5894.509,76471
"hc_step_42_420","hc",5949.613,76587
"hc_step_42_68","hc",5939.247,76568
"fit_step_42_51","fit",45.792,109642765
"fit_step_42_56","fit",46.178,110348001
"hc_step_42_429","hc",5967.498,76599
"fit_step_42_55","fit",44.861,110290777
"hc_step_42_426","hc",5984.151,76690
"hc_step_42_415","hc",6003.945,76740
"fit_step_42_58","fit",50.053,110475598
"fit_step_42_54","fit",47.223,110359508
"fit_step_42_53","fit",47.729,110599890
"hc_step_42_32","hc",6041.825,76461
"hc_step_42_427","hc",6042.914,76611
"hc_step_42_50","hc",6045.928,76505
"fit_step_42_57","fit",125.87,110408574
"hc_step_42_440","hc",6132.047,76705
"fit_step_42_52","fit",131.788,110610005
"hc_step_42_69","hc",6071.505,76378
"fit_step_42_59","fit",125.562,110737666
"fit_step_42_80","fit",127.544,110407244
"fit_step_42_81","fit",131.734,110476734
"fit_step_42_82","fit",182.214,110600839
"fit_step_42_400","fit",164.997,110292305
"hc_step_42_444","hc",6264.591,76612
"fit_step_42_401","fit",144.143,110286710
"fit_step_42_83","fit",165.634,110090587
"hc_step_42_46","hc",6303.37,76547
"fit_step_42_84","fit",174.509,110287088
"hc_step_42_442","hc",6335.239,76698
"fit_step_42_403","fit",46.179,110347097
"fit_step_42_85","fit",46.408,110468686
"hc_step_42_43","hc",6427.002,76473
"fit_step_42_402","fit",44.582,110609353
"fit_step_42_86","fit",132.099,110344994
"hc_step_42_443","hc",6476.852,76621
"fit_step_42_404","fit",47.406,110612243
"hc_step_42_41","hc",6599.536,76452
"fit_step_42_87","fit",46.524,110478732
"hc_step_42_446","hc",6827.106,76704
"fit_step_42_405","fit",46.386,110671894
"hc_step_42_423","hc",6910.527,76537
"fit_step_42_88","fit",46.779,110284940
"hc_step_42_33","hc",6732.313,76436
"hc_step_42_55","hc",6571.479,76563
"hc_step_42_53","hc",6622.374,76452
"fit_step_42_406","fit",47.571,110415549
"fit_step_42_407","fit",46.68,109707276
"fit_step_42_89","fit",47.952,110405237
"hc_step_42_85","hc",6662.246,76460
"fit_step_42_408","fit",46.012,110222048
"hc_step_42_412","hc",6520.049,76709
"fit_step_42_409","fit",46.388,110425389
"hc_step_42_42","hc",6752.451,76400
"fit_step_42_70","fit",41.073,110416770
"hc_step_42_401","hc",8089.085,76679
"hc_step_42_44","hc",6568.501,76435
"fit_step_42_72","fit",37.722,110287203
"hc_step_42_83","hc",8267.286,76595
"fit_step_42_71","fit",40.762,110725324
"hc_step_42_80","hc",8517.186,76488
"fit_step_42_73","fit",156.307,110416201
"hc_step_42_81","hc",8542.411,76525
"hc_step_42_57","hc",8622.807,76576
"hc_step_42_59","hc",8619.183,76523
"hc_step_42_65","hc",6768.078,76409
"fit_step_42_74","fit",175.322,110531103
"fit_step_42_75","fit",172.423,110474381
"fit_step_42_76","fit",186.529,110613981
"fit_step_42_78","fit",40.033,110608252
"fit_step_42_77","fit",190.922,110606079
"hc_step_42_84","hc",8703.435,76603
"fit_step_42_96","fit",47.233,110289992
"fit_step_42_79","fit",47.943,110413053
"fit_step_42_92","fit",47.786,110480160
"fit_step_42_98","fit",47.427,110221843
"fit_step_42_350","fit",47.409,110159058
"fit_step_42_90","fit",48.398,110350052
"fit_step_42_91","fit",50.361,110606065
"fit_step_42_93","fit",48.28,110157531
"fit_step_42_94","fit",48.726,110286579
"fit_step_42_95","fit",48.747,110601371
"fit_step_42_97","fit",50.718,110224097
"fit_step_42_99","fit",48.526,110420255
"fit_step_42_351","fit",48.08,110480040
"fit_step_42_352","fit",50.43,110088724
"fit_step_42_353","fit",50.433,110606463
"fit_step_42_354","fit",49.045,110608742
"fit_step_42_355","fit",50.281,110549301
"fit_step_42_356","fit",49.234,110735710
"fit_step_42_357","fit",50.311,110546912
"fit_step_42_358","fit",49.662,110354803
"fit_step_42_359","fit",49.913,110224416
"fit_step_42_360","fit",49.373,110605839
"fit_step_42_361","fit",48.509,110544253
"fit_step_42_362","fit",50.87,110410735
"fit_step_42_363","fit",50.046,110600468
"fit_step_42_394","fit",47.06,109766753
"fit_step_42_364","fit",48.513,110413886
"fit_step_42_366","fit",48.462,110281842
"fit_step_42_372","fit",47.555,110601442
"fit_step_42_393","fit",47.718,110417333
"fit_step_42_365","fit",48.91,110475586
"fit_step_42_367","fit",49.178,110475513
"fit_step_42_368","fit",49.135,110351907
"fit_step_42_369","fit",49.558,110472740
"fit_step_42_370","fit",48.771,110416053
"fit_step_42_371","fit",49.489,110167148
"fit_step_42_373","fit",49.283,110548898
"fit_step_42_374","fit",49.212,110279932
"fit_step_42_375","fit",48.765,110418878
"fit_step_42_376","fit",48.563,110603142
"fit_step_42_377","fit",48.91,110551333
"fit_step_42_378","fit",50.163,110412681
"fit_step_42_379","fit",49.432,110361364
"fit_step_42_380","fit",50.311,110673805
"fit_step_42_381","fit",49.173,110546221
"fit_step_42_382","fit",49.297,110473722
"fit_step_42_383","fit",48.635,110676698
"fit_step_42_384","fit",48.855,110030977
"fit_step_42_386","fit",49.325,110731144
"fit_step_42_387","fit",49.519,110608214
"fit_step_42_388","fit",50.195,110336142
"fit_step_42_389","fit",50.509,110670818
"fit_step_42_390","fit",50.261,110531292
"fit_step_42_392","fit",49.238,110349247
"fit_step_42_395","fit",49.657,110477220
"fit_step_42_396","fit",48.177,110669958
"fit_step_42_397","fit",48.559,110281668
"fit_step_42_385","fit",50.928,110542049
"fit_step_42_391","fit",51.407,110406016
"fit_step_42_398","fit",46.786,110413426
"hc_step_42_362","hc",5986.649,76692
"hc_step_42_382","hc",5992.468,76565
"hc_step_42_99","hc",6033.242,76429
"hc_step_42_353","hc",6063.646,76596
"hc_step_42_91","hc",6083.319,76464
"hc_step_42_371","hc",6078.789,76620
"fit_step_42_330","fit",48.612,110348034
"fit_step_42_331","fit",51.474,110666994
"fit_step_42_399","fit",49.099,110351039
"fit_step_42_333","fit",47.651,110541348
"fit_step_42_332","fit",49.299,110283100
"fit_step_42_334","fit",145.405,110469894
"hc_step_42_365","hc",6516.106,76676
"fit_step_42_335","fit",50.334,110546681
"hc_step_42_354","hc",6249.741,76614
"fit_step_42_336","fit",52.586,110347092
"hc_step_42_92","hc",6067.452,76480
"fit_step_42_337","fit",49.96,110218908
"hc_step_42_391","hc",6932.562,76640
"fit_step_42_338","fit",50.154,110421398
"hc_step_42_332","hc",5931.262,76696
"fit_step_42_339","fit",50.36,110605872
"hc_step_42_330","hc",6653.863,76635
"fit_step_42_340","fit",48.478,110224637
"hc_step_42_333","hc",7303.791,76654
"fit_step_42_341","fit",49.51,110350567
"hc_step_42_90","hc",6161.587,76525
"fit_step_42_342","fit",49.193,110484882
"hc_step_42_381","hc",6438.702,76597
"fit_step_42_349","fit",41.671,110471044
"fit_step_42_343","fit",41.903,110354841
"fit_step_42_346","fit",43.252,110614187
"fit_step_42_345","fit",43.743,110280509
"fit_step_42_347","fit",43.636,110419854
"fit_step_42_344","fit",45.372,110218111
"fit_step_42_348","fit",45.892,110152317
"fit_step_42_310","fit",47.922,110284880
"fit_step_42_314","fit",47.716,110277285
"fit_step_42_311","fit",48.199,110348154
"fit_step_42_312","fit",47.847,110356580
"fit_step_42_315","fit",49.487,110415639
"fit_step_42_316","fit",50.047,110487040
"fit_step_42_317","fit",49.154,110277751
"fit_step_42_318","fit",50.249,110222123
"fit_step_42_319","fit",49.281,110551734
"fit_step_42_320","fit",49.298,110540578
"fit_step_42_322","fit",49.289,110600197
"fit_step_42_323","fit",49.88,110489456
"fit_step_42_324","fit",50,110219900
"fit_step_42_326","fit",49.857,110531951
"fit_step_42_327","fit",50.07,110342936
"fit_step_42_328","fit",49.74,110482244
"fit_step_42_300","fit",49.313,110613438
"fit_step_42_304","fit",49.359,110538600
"fit_step_42_313","fit",51.622,110615703
"fit_step_42_321","fit",50.061,110610559
"fit_step_42_325","fit",50.529,110477986
"fit_step_42_329","fit",50.826,110480425
"fit_step_42_301","fit",50.683,110343483
"fit_step_42_302","fit",50.891,110597522
"fit_step_42_303","fit",50.477,110352560
"fit_step_42_305","fit",50.624,110418434
"fit_step_42_306","fit",50.308,110351962
"fit_step_42_307","fit",50.543,109961510
"fit_step_42_308","fit",51.159,110614320
"fit_step_42_309","fit",51.206,110551087
"hc_step_42_320","hc",5791.394,76590
"hc_step_42_323","hc",6001.79,76589
"hc_step_42_301","hc",6004.892,76697
"hc_step_42_324","hc",6071.686,76702
"hc_step_42_305","hc",6117.225,76727
"hc_step_42_233","hc",6322.755,76564
"hc_step_42_312","hc",6425.3,76604
"hc_step_42_310","hc",6582.168,76715
"hc_step_42_242","hc",5918.067,76684
"hc_step_42_4","hc",6277.46,76432
"hc_step_42_302","hc",6059.929,76601
"hc_step_42_319","hc",6127.257,76643
"hc_step_42_311","hc",6588.601,76579
"hc_step_42_306","hc",6570.379,76754
"hc_step_42_315","hc",6252.926,76667
"hc_step_42_249","hc",5979.25,76574
"hc_step_42_211","hc",6026.33,76581
"hc_step_42_244","hc",6062.405,76634
"hc_step_42_1","hc",6100.278,76406
"hc_step_42_221","hc",6106.499,76679
"hc_step_42_241","hc",6664.481,76617
"hc_step_42_237","hc",5880.395,76582
"hc_step_42_243","hc",5935.811,76585
"hc_step_42_213","hc",6167.22,76642
"hc_step_42_207","hc",6051.287,76634
"gen_args","barrier",NA,NA
"true_hc","barrier",NA,NA
"scenario","barrier",NA,NA
"dataset_names","barrier",NA,NA
"fits","barrier",NA,NA
"proportions","barrier",NA,NA
"controller","barrier",NA,NA
"gen","barrier",NA,NA
"data","barrier",NA,NA
"true_hc_cache","barrier",NA,NA
"fits_cache","barrier",NA,NA
"hc_step_42_460","hc",4223.6,76612
"hc_step_42_456","hc",4253.53,76567
"hc_step_42_296","hc",5196.52,76606
"hc_step_42_293","hc",5281.906,76588
"hc_step_42_290","hc",5329.209,76611
"hc_step_42_239","hc",5748.052,76597
"hc_step_42_297","hc",5766.148,76589
"hc_step_42_202","hc",5783.455,76673
"hc_step_42_235","hc",5818.06,76605
"hc_step_42_205","hc",5821.6,76690
"hc_step_42_464","hc",5792.28,76580
"hc_step_42_2","hc",5879.92,76443
"hc_step_42_106","hc",5813.775,76577
"hc_step_42_203","hc",5902.464,76651
"hc_step_42_208","hc",5911.593,76625
"hc_step_42_204","hc",5912.968,76618
"hc_step_42_271","hc",5918.894,76631
"hc_step_42_209","hc",5927.902,76633
"hc_step_42_206","hc",5933.679,76603
"hc_step_42_101","hc",5925.154,76611
"hc_step_42_231","hc",5992.987,76627
"hc_step_42_299","hc",5986.334,76539
"hc_step_42_461","hc",5935.548,76593
"hc_step_42_459","hc",5949.803,76679
"hc_step_42_191","hc",5955.404,76596
"hc_step_42_197","hc",5958.853,76575
"hc_step_42_465","hc",5958.67,76626
"hc_step_42_291","hc",6019.885,76598
"hc_step_42_199","hc",5970.716,76512
"hc_step_42_147","hc",6003.889,76603
"hc_step_42_292","hc",6086.626,76561
"hc_step_42_298","hc",6095.188,76616
"hc_step_42_5","hc",6160.261,76456
"hc_step_42_125","hc",6103.83,76590
"hc_step_42_463","hc",6089.943,76679
"hc_step_42_457","hc",6095.638,76602
"hc_step_42_254","hc",6136.92,76690
"hc_step_42_100","hc",6131.038,76618
"hc_step_42_462","hc",6130.761,76628
"hc_step_42_201","hc",6191.063,76697
"hc_step_42_129","hc",6156.334,76615
"hc_step_42_500","hc",6192.838,76695
"hc_step_42_260","hc",6173.088,76599
"hc_step_42_148","hc",6185.282,76679
"hc_step_42_133","hc",6205.149,76677
"hc_step_42_252","hc",6233.982,76640
"hc_step_42_272","hc",6243.279,76690
"hc_step_42_124","hc",6221.102,76614
"hc_step_42_102","hc",6224.969,76657
"hc_step_42_139","hc",6236.935,76670
"hc_step_42_116","hc",6252.162,76625
"hc_step_42_115","hc",6260.313,76638
"hc_step_42_268","hc",6274.914,76668
"hc_step_42_258","hc",6309.27,76693
"hc_step_42_255","hc",6337.886,76674
"hc_step_42_261","hc",6334.144,76628
"hc_step_42_257","hc",6337.843,76741
"hc_step_42_136","hc",6335.318,76752
"hc_step_42_259","hc",6347.434,76560
"hc_step_42_196","hc",6334.682,76669
"hc_step_42_128","hc",6351.594,76685
"hc_step_42_253","hc",6380.314,76710
"hc_step_42_275","hc",6390.939,76660
"hc_step_42_273","hc",6404.728,76594
"hc_step_42_144","hc",6394.184,76712
"hc_step_42_149","hc",6408.809,76582
"hc_step_42_276","hc",6431.428,76543
"hc_step_42_286","hc",6431.467,76654
"hc_step_42_146","hc",6413.76,76643
"hc_step_42_250","hc",6462.747,76707
"hc_step_42_114","hc",6468.514,76651
"hc_step_42_134","hc",6475.214,76646
"hc_step_42_288","hc",6502.453,76720
"hc_step_42_269","hc",6478.378,76757
"hc_step_42_135","hc",6484.579,76596
"hc_step_42_117","hc",6486.84,76688
"hc_step_42_289","hc",6513.925,76679
"hc_step_42_283","hc",6543.126,76683
"hc_step_42_127","hc",6521.506,76627
"hc_step_42_279","hc",6553.652,76588
"hc_step_42_130","hc",6554.841,76679
"hc_step_42_140","hc",6570.104,76694
"hc_step_42_194","hc",6556.805,76628
"hc_step_42_141","hc",6585.874,76545
"hc_step_42_267","hc",6598.541,76657
"hc_step_42_256","hc",6628.141,76605
"hc_step_42_220","hc",6709.402,76560
"hc_step_42_224","hc",6726.683,76584
"hc_step_42_281","hc",6701.156,76648
"hc_step_42_285","hc",6701.558,76712
"hc_step_42_219","hc",6743.972,76699
"hc_step_42_103","hc",6690.319,76651
"hc_step_42_228","hc",6784.094,76674
"hc_step_42_280","hc",6755.809,76652
"hc_step_42_226","hc",6813.106,76612
"hc_step_42_450","hc",6740.533,76632
"hc_step_42_215","hc",6817.481,76692
"hc_step_42_210","hc",6834.464,76745
"hc_step_42_246","hc",6840.794,76572
"hc_step_42_225","hc",6849.715,76546
"hc_step_42_218","hc",6884.819,76723
"hc_step_42_216","hc",6888.041,76657
"hc_step_42_193","hc",6831.687,76606
"hc_step_42_223","hc",6914.838,76684
"hc_step_42_247","hc",6925.452,76672
"hc_step_42_222","hc",6956.407,76757
"hc_step_42_229","hc",6965.712,76632
"hc_step_42_248","hc",6987.106,76696
"hc_step_42_232","hc",8547.452,76669
"hc_step_42_6","hc",8557.841,76490
"hc_step_42_3","hc",8576.79,76456
"hc_step_42_8","hc",8607.157,76351
"hc_step_42_230","hc",8614.811,76709
"hc_step_42_236","hc",8637.948,76738
"hc_step_42_7","hc",8747.75,76388
"hc_step_42_245","hc",8749.02,76637
"hc_step_42_238","hc",8843.404,76673
"hc_step_42_234","hc",8854.88,76645
"hc_step_42_9","hc",8855.116,76484
"hc_step_42_240","hc",8872.457,76700
"hc_step_42_466","hc",5589.697,76643
"hc_step_42_467","hc",6437.068,76698
"hc_step_42_170","hc",6995.761,76745
"hc_step_42_484","hc",7071.041,76575
"hc_step_42_486","hc",7418.619,76618
"hc_step_42_178","hc",7647.239,76756
"hc_step_42_482","hc",7533.199,76717
"hc_step_42_150","hc",7553.744,76688
"hc_step_42_181","hc",7659.05,76646
"hc_step_42_183","hc",7655.153,76770
"hc_step_42_481","hc",7605.31,76644
"hc_step_42_497","hc",7484.135,76617
"hc_step_42_468","hc",8524.169,76625
"hc_step_42_476","hc",7924.429,76679
"hc_step_42_184","hc",7900.901,76778
"hc_step_42_176","hc",8019.662,76700
"hc_step_42_171","hc",8707.68,76692
"hc_step_42_175","hc",8234.011,76608
"hc_step_42_499","hc",7858.341,76732
"hc_step_42_166","hc",7889.466,76760
"hc_step_42_162","hc",7985.318,76721
"hc_step_42_25","hc",7980.56,76617
"hc_step_42_479","hc",8363.596,76651
"hc_step_42_435","hc",7904.032,76633
"hc_step_42_16","hc",7942.762,76560
"hc_step_42_10","hc",7995.613,76547
"hc_step_42_441","hc",7865.757,76601
"hc_step_42_448","hc",7821.628,76743
"hc_step_42_485","hc",8399.052,76624
"hc_step_42_19","hc",8001.76,76550
"hc_step_42_18","hc",8069.783,76505
"hc_step_42_410","hc",7940.589,76743
"hc_step_42_48","hc",8012.714,76466
"hc_step_42_151","hc",8481.931,76708
"hc_step_42_418","hc",7886.028,76663
"hc_step_42_29","hc",8329.34,76548
"hc_step_42_173","hc",8849.517,76652
"hc_step_42_469","hc",8920.591,76706
"hc_step_42_495","hc",8483.773,76780
"hc_step_42_169","hc",8360.155,76739
"hc_step_42_439","hc",8256.061,76683
"hc_step_42_430","hc",8382.554,76706
"hc_step_42_411","hc",8152.381,76685
"hc_step_42_40","hc",8290.458,76609
"hc_step_42_431","hc",8465.664,76742
"hc_step_42_39","hc",8128.822,76504
"hc_step_42_436","hc",8452.838,76659
"hc_step_42_51","hc",8020.843,76562
"hc_step_42_174","hc",9158.411,76652
"hc_step_42_165","hc",8731.712,76675
"hc_step_42_488","hc",8964.165,76598
"hc_step_42_45","hc",8498.129,76524
"hc_step_42_416","hc",8372.24,76684
"hc_step_42_163","hc",8806.374,76705
"hc_step_42_489","hc",8979.908,76639
"hc_step_42_414","hc",8505.613,76755
"hc_step_42_26","hc",8864.017,76479
"hc_step_42_189","hc",9149.624,76625
"hc_step_42_492","hc",9006.606,76754
"hc_step_42_428","hc",8283.983,76656
"hc_step_42_422","hc",8430.343,76728
"hc_step_42_21","hc",9037.312,76511
"hc_step_42_37","hc",8702.578,76563
"hc_step_42_63","hc",8619.219,76380
"hc_step_42_447","hc",8913.991,76672
"hc_step_42_157","hc",9358.711,76653
"hc_step_42_493","hc",9384.323,76683
"hc_step_42_66","hc",8780.588,76533
"hc_step_42_409","hc",5816.836,76660
"hc_step_42_434","hc",9346.289,76709
"hc_step_42_494","hc",9630.993,76670
"hc_step_42_168","hc",9521.096,76621
"hc_step_42_445","hc",9303.748,76618
"hc_step_42_161","hc",9648.946,76647
"hc_step_42_433","hc",9494.875,76721
"hc_step_42_480","hc",9931.575,76722
"hc_step_42_478","hc",10014.627,76696
"hc_step_42_419","hc",9217.755,76663
"hc_step_42_30","hc",9386.087,76556
"hc_step_42_475","hc",10056.136,76637
"hc_step_42_56","hc",9031.465,76550
"hc_step_42_60","hc",9247.799,76509
"hc_step_42_47","hc",9499.282,76535
"hc_step_42_172","hc",10263.517,76762
"hc_step_42_498","hc",9845.923,76679
"hc_step_42_17","hc",9631.121,76525
"hc_step_42_167","hc",9775.635,76731
"hc_step_42_58","hc",9124.965,76535
"hc_step_42_154","hc",9957.925,76662
"hc_step_42_424","hc",9390.012,76689
"hc_step_42_70","hc",5574.982,76452
"hc_step_42_177","hc",10480.006,76630
"hc_step_42_487","hc",10391.461,76634
"hc_step_42_49","hc",9888.54,76569
"hc_step_42_438","hc",10010.281,76770
"hc_step_42_62","hc",9714.46,76565
"hc_step_42_36","hc",9887.997,76542
"hc_step_42_11","hc",10183.63,76463
"hc_step_42_64","hc",9744.08,76577
"hc_step_42_82","hc",9721.065,76493
"hc_step_42_432","hc",10311.509,76639
"hc_step_42_61","hc",10075.953,76467
"hc_step_42_52","hc",9958.5,76522
"hc_step_42_54","hc",10019.594,76447
"hc_step_42_13","hc",10644.707,76502
"hc_step_42_421","hc",10280.778,76753
"hc_step_42_437","hc",10951.716,76666
"hc_step_42_425","hc",10581.37,76716
"hc_step_42_87","hc",8906.691,76632
"hc_step_42_88","hc",8945.59,76495
"hc_step_42_86","hc",9109.437,76561
"hc_step_42_89","hc",8977.527,76480
"hc_step_42_407","hc",9064.265,76611
"hc_step_42_417","hc",11261.824,76745
"hc_step_42_38","hc",11333.449,76496
"hc_step_42_400","hc",9589.226,76686
"hc_step_42_402","hc",9583.003,76679
"hc_step_42_406","hc",9494.259,76700
"hc_step_42_403","hc",9770.136,76707
"hc_step_42_404","hc",9809.917,76655
"hc_step_42_408","hc",9719.277,76615
"hc_step_42_405","hc",10044.041,76657
"hc_step_42_71","hc",7555.86,76564
"hc_step_42_303","hc",3914.412,76562
"hc_step_42_378","hc",5732.305,76650
"hc_step_42_72","hc",7416.283,76507
"hc_step_42_94","hc",6828.81,76540
"hc_step_42_74","hc",7209.19,76534
"hc_step_42_98","hc",6934.607,76523
"hc_step_42_318","hc",5150.54,76657
"hc_step_42_77","hc",7635.373,76454
"hc_step_42_397","hc",6137.115,76639
"hc_step_42_342","hc",5600.594,76669
"hc_step_42_78","hc",7949.147,76446
"hc_step_42_73","hc",8146.499,76485
"hc_step_42_350","hc",7634.789,76689
"hc_step_42_75","hc",8159.965,76616
"hc_step_42_329","hc",5648.471,76587
"hc_step_42_351","hc",7678.281,76684
"hc_step_42_364","hc",7358.883,76613
"hc_step_42_76","hc",8271.406,76575
"hc_step_42_93","hc",8218.394,76592
"hc_step_42_383","hc",7086.979,76681
"hc_step_42_360","hc",7582.316,76610
"hc_step_42_355","hc",7745.407,76626
"hc_step_42_304","hc",5642.632,76639
"hc_step_42_368","hc",7488.486,76631
"hc_step_42_95","hc",8262.481,76472
"hc_step_42_398","hc",7153.43,76756
"hc_step_42_372","hc",7743.172,76683
"hc_step_42_79","hc",8774.21,76570
"hc_step_42_97","hc",8577.599,76530
"hc_step_42_341","hc",6841.758,76662
"hc_step_42_366","hc",8114.313,76593
"hc_step_42_331","hc",7421.776,76709
"hc_step_42_374","hc",7958.451,76638
"hc_step_42_334","hc",7375.247,76646
"hc_step_42_96","hc",8750.162,76448
"hc_step_42_345","hc",6876.29,76597
"hc_step_42_394","hc",7648.908,76764
"hc_step_42_370","hc",8133.796,76656
"hc_step_42_357","hc",8412.449,76793
"hc_step_42_379","hc",7957.12,76644
"hc_step_42_373","hc",8115.634,76666
"hc_step_42_399","hc",7639.495,76620
"hc_step_42_377","hc",8139.814,76693
"hc_step_42_376","hc",8190.671,76686
"hc_step_42_352","hc",8716.617,76699
"hc_step_42_384","hc",8041.548,76737
"hc_step_42_356","hc",8682.56,76689
"hc_step_42_380","hc",8180.114,76669
"hc_step_42_392","hc",7964.038,76630
"hc_step_42_359","hc",8655.878,76723
"hc_step_42_393","hc",7977.952,76634
"hc_step_42_344","hc",7257.449,76628
"hc_step_42_363","hc",8669.658,76599
"hc_step_42_395","hc",7997.444,76689
"hc_step_42_358","hc",8777.383,76745
"hc_step_42_361","hc",8717.31,76714
"hc_step_42_321","hc",7188.334,76722
"hc_step_42_367","hc",8667.999,76699
"hc_step_42_335","hc",7992.584,76674
"hc_step_42_386","hc",8380.853,76596
"hc_step_42_339","hc",7802.553,76683
"hc_step_42_337","hc",7922.997,76677
"hc_step_42_387","hc",8431.71,76710
"hc_step_42_313","hc",7428.837,76720
"hc_step_42_317","hc",7440.099,76713
"hc_step_42_327","hc",7358.168,76685
"hc_step_42_343","hc",7716.989,76712
"hc_step_42_369","hc",8923.933,76699
"hc_step_42_326","hc",7431.316,76639
"hc_step_42_385","hc",8650.619,76740
"hc_step_42_314","hc",7579.935,76702
"hc_step_42_347","hc",7693.089,76669
"hc_step_42_340","hc",8072.872,76653
"hc_step_42_348","hc",7780.267,76694
"hc_step_42_346","hc",7856.23,76720
"hc_step_42_322","hc",7669.858,76613
"hc_step_42_328","hc",7670.827,76729
"hc_step_42_309","hc",7325.882,76672
"hc_step_42_389","hc",8896.053,76616
"hc_step_42_396","hc",8777.809,76742
"hc_step_42_308","hc",7485.196,76592
"hc_step_42_390","hc",8988.415,76656
"hc_step_42_300","hc",7934.649,76655
"hc_step_42_336","hc",8695.23,76632
"hc_step_42_375","hc",9416.591,76667
"hc_step_42_349","hc",8238.292,76596
"hc_step_42_316","hc",8358.634,76708
"hc_step_42_338","hc",8973.083,76743
"hc_step_42_388","hc",9611.891,76653
"hc_step_42_325","hc",9054.837,76620
"hc_step_42_307","hc",9165.398,76672
"summary","summary",16.247,34788442
